Fecha,Hora,Fecha valor,Producto,ISIN,Descripción,Tipo,Variación,,Saldo,,ID Orden
03-03-2026,07:27,02-03-2026,,,Comisión por Acción Corporativa,,USD,"-0,67",USD,"6,03",
03-03-2026,07:23,02-03-2026,ESSENTIAL UTILITIES INC,US29670G1022,Dividendo,,USD,"7,88",USD,"6,70",
03-03-2026,07:23,02-03-2026,ESSENTIAL UTILITIES INC,US29670G1022,Retención del dividendo,,USD,"-1,18",USD,"-1,18",
03-03-2026,06:35,02-03-2026,,,Ingreso Cambio de Divisa,,EUR,"10,57",EUR,"552,96",
03-03-2026,06:35,02-03-2026,,,Retirada Cambio de Divisa,"1,1718",USD,"-12,39",USD,"0,00",
02-03-2026,07:48,27-02-2026,,,Comisión por Acción Corporativa,,USD,"-1,38",USD,"12,39",
02-03-2026,07:47,27-02-2026,SIRIUS XM HOLDINGS INC,US8299331004,Dividendo,,USD,"16,20",USD,"13,77",
02-03-2026,07:47,27-02-2026,SIRIUS XM HOLDINGS INC,US8299331004,Retención del dividendo,,USD,"-2,43",USD,"-2,43",
27-02-2026,17:55,27-02-2026,,,Degiro Cash Sweep Transfer,,EUR,"-0,25",EUR,"542,39",
27-02-2026,17:55,27-02-2026,,,"Transferir a su Cuenta de Efectivo en flatexDEGIRO Bank: 0,25 EUR",,,,EUR,"542,64",
27-02-2026,16:02,27-02-2026,,,Ingresos por Préstamo de Valores - Enero,,EUR,"0,25",EUR,"542,39",
23-02-2026,19:23,23-02-2026,,,Degiro Cash Sweep Transfer,,EUR,"15,00",EUR,"542,14",
23-02-2026,19:23,23-02-2026,,,Transferir desde su Cuenta de Efectivo en flatexDEGIRO Bank: 15 EUR,,,,EUR,"527,14",
23-02-2026,10:43,31-01-2026,,,Comisión de conectividad con el mercado 2026 (New York Stock Exchange - NSY),,EUR,"-2,50",EUR,"542,14",
23-02-2026,10:43,31-01-2026,,,Comisión de conectividad con el mercado 2026 (Nasdaq - NDQ),,EUR,"-2,50",EUR,"544,64",
23-02-2026,10:43,31-01-2026,,,Comisión de conectividad con el mercado 2026 (London Stock Exchange (LSE) - LSE),,EUR,"-2,50",EUR,"547,14",
23-02-2026,10:43,31-01-2026,,,Comisión de conectividad con el mercado 2026 (Nasdaq Copenhagen AB - OMK),,EUR,"-2,50",EUR,"549,64",
23-02-2026,10:43,31-01-2026,,,Comisión de conectividad con el mercado 2026 (Tradegate AG - TDG),,EUR,"-2,50",EUR,"552,14",
23-02-2026,10:43,31-01-2026,,,Comisión de conectividad con el mercado 2026 (Xetra - XET),,EUR,"-2,50",EUR,"554,64",
20-02-2026,17:42,20-02-2026,,,Degiro Cash Sweep Transfer,,EUR,"-517,01",EUR,"557,14",
20-02-2026,17:42,20-02-2026,,,"Transferir a su Cuenta de Efectivo en flatexDEGIRO Bank: 517,01 EUR",,,,EUR,"1074,15",
20-02-2026,16:26,20-02-2026,BANK OF NOVA SCOTIA,CA0641491075,Retirada Cambio de Divisa,"1,1822",USD,"-613,60",USD,"0,00",d46cc1c1-826f-41ae-ada8-5d4fd90a88d9
20-02-2026,16:26,20-02-2026,BANK OF NOVA SCOTIA,CA0641491075,Ingreso Cambio de Divisa,,EUR,"519,01",EUR,"557,14",d46cc1c1-826f-41ae-ada8-5d4fd90a88d9
20-02-2026,16:26,20-02-2026,BANK OF NOVA SCOTIA,CA0641491075,Costes de transacción y/o externos de DEGIRO,,EUR,"-2,00",EUR,"38,13",d46cc1c1-826f-41ae-ada8-5d4fd90a88d9
20-02-2026,16:26,20-02-2026,BANK OF NOVA SCOTIA,CA0641491075,"Venta 8 Bank of Nova Scotia@76,7 USD (CA0641491075)",,USD,"613,60",USD,"613,60",d46cc1c1-826f-41ae-ada8-5d4fd90a88d9
17-02-2026,07:44,17-02-2026,,,Degiro Cash Sweep Transfer,,EUR,"-13,30",EUR,"40,13",
17-02-2026,07:44,17-02-2026,,,"Transferir a su Cuenta de Efectivo en flatexDEGIRO Bank: 13,3 EUR",,,,EUR,"53,43",
17-02-2026,06:37,16-02-2026,,,Ingreso Cambio de Divisa,,EUR,"13,30",EUR,"40,13",
17-02-2026,06:37,16-02-2026,,,Retirada Cambio de Divisa,"1,1881",USD,"-15,80",USD,"0,00",
16-02-2026,10:40,13-02-2026,MAIN STREET CAPITAL CORP,US56035L1044,Dividendo sustitutivo,,USD,"1,82",USD,"15,80",
16-02-2026,10:40,13-02-2026,MAIN STREET CAPITAL CORP,US56035L1044,Impuesto sustitutivo sobre Dividendos,,USD,"-0,27",USD,"13,98",
16-02-2026,10:40,13-02-2026,MAIN STREET CAPITAL CORP,US56035L1044,Retención del dividendo,,USD,"0,27",USD,"14,25",
16-02-2026,10:40,13-02-2026,,,Comisión por Acción Corporativa,,USD,"0,16",USD,"13,98",
16-02-2026,10:39,13-02-2026,MAIN STREET CAPITAL CORP,US56035L1044,Dividendo,,USD,"-1,82",USD,"13,82",
16-02-2026,07:15,13-02-2026,,,Comisión por Acción Corporativa,,USD,"-0,46",USD,"15,64",
16-02-2026,07:15,13-02-2026,,,Comisión por Acción Corporativa,,USD,"-0,16",USD,"16,10",
16-02-2026,07:14,13-02-2026,NNN REIT INC,US6374171063,Dividendo,,USD,"5,40",USD,"16,26",
16-02-2026,07:14,13-02-2026,NNN REIT INC,US6374171063,Retención del dividendo,,USD,"-0,81",USD,"10,86",
16-02-2026,07:14,13-02-2026,MAIN STREET CAPITAL CORP,US56035L1044,Dividendo,,USD,"1,82",USD,"11,67",
16-02-2026,07:14,13-02-2026,MAIN STREET CAPITAL CORP,US56035L1044,Retención del dividendo,,USD,"-0,27",USD,"9,85",
16-02-2026,07:01,13-02-2026,,,Comisión por Acción Corporativa,,USD,"-1,13",USD,"10,12",
16-02-2026,07:01,13-02-2026,REALTY INCOME CORP,US7561091049,Retención del dividendo,,USD,"-1,98",USD,"11,25",
16-02-2026,07:00,13-02-2026,REALTY INCOME CORP,US7561091049,Dividendo,,USD,"13,23",USD,"13,23",
04-02-2026,07:40,04-02-2026,,,Degiro Cash Sweep Transfer,,EUR,"-4,45",EUR,"26,83",
04-02-2026,07:40,04-02-2026,,,"Transferir a su Cuenta de Efectivo en flatexDEGIRO Bank: 4,45 EUR",,,,EUR,"31,28",
04-02-2026,06:34,03-02-2026,,,Ingreso Cambio de Divisa,,EUR,"4,45",EUR,"26,83",
04-02-2026,06:34,03-02-2026,,,Retirada Cambio de Divisa,"1,1848",USD,"-5,27",USD,"0,00",
03-02-2026,06:53,02-02-2026,,,Comisión por Acción Corporativa,,USD,"-0,59",USD,"5,27",
03-02-2026,06:53,02-02-2026,VERIZON COMMUNICATIONS INC,US92343V1044,Dividendo,,USD,"6,90",USD,"5,86",
03-02-2026,06:53,02-02-2026,VERIZON COMMUNICATIONS INC,US92343V1044,Retención del dividendo,,USD,"-1,04",USD,"-1,04",
30-01-2026,07:53,30-01-2026,,,Degiro Cash Sweep Transfer,,EUR,"-3,67",EUR,"22,38",
30-01-2026,07:53,30-01-2026,,,"Transferir a su Cuenta de Efectivo en flatexDEGIRO Bank: 3,67 EUR",,,,EUR,"26,05",
30-01-2026,06:33,29-01-2026,,,Ingreso Cambio de Divisa,,EUR,"3,67",EUR,"22,38",
30-01-2026,06:33,29-01-2026,,,Retirada Cambio de Divisa,"1,6188",CAD,"-5,94",CAD,"0,00",
29-01-2026,20:53,29-01-2026,,,Degiro Cash Sweep Transfer,,EUR,"746,19",EUR,"18,71",
29-01-2026,20:53,29-01-2026,,,"Transferir desde su Cuenta de Efectivo en flatexDEGIRO Bank: 746,19 EUR",,,,EUR,"-727,48",
29-01-2026,15:33,29-01-2026,SILA REALTY TRUST INC,US1462805086,Ingreso Cambio de Divisa,"1,1932",USD,"840,00",USD,"0,00",6c773b20-61b5-4bc7-845e-b530fab1edcf
29-01-2026,15:33,29-01-2026,SILA REALTY TRUST INC,US1462805086,Retirada Cambio de Divisa,,EUR,"-703,98",EUR,"18,71",6c773b20-61b5-4bc7-845e-b530fab1edcf
29-01-2026,15:33,29-01-2026,SILA REALTY TRUST INC,US1462805086,Compra 35 Sila Realty Trust Inc@24 USD (US1462805086),,USD,"-840,00",USD,"-840,00",6c773b20-61b5-4bc7-845e-b530fab1edcf
29-01-2026,15:30,29-01-2026,SILA REALTY TRUST INC,US1462805086,Ingreso Cambio de Divisa,"1,1936",USD,"48,00",USD,"0,00",6c773b20-61b5-4bc7-845e-b530fab1edcf
29-01-2026,15:30,29-01-2026,SILA REALTY TRUST INC,US1462805086,Retirada Cambio de Divisa,,EUR,"-40,21",EUR,"722,69",6c773b20-61b5-4bc7-845e-b530fab1edcf
29-01-2026,15:30,29-01-2026,SILA REALTY TRUST INC,US1462805086,Costes de transacción y/o externos de DEGIRO,,EUR,"-2,00",EUR,"762,90",6c773b20-61b5-4bc7-845e-b530fab1edcf
29-01-2026,15:30,29-01-2026,SILA REALTY TRUST INC,US1462805086,Compra 2 Sila Realty Trust Inc@24 USD (US1462805086),,USD,"-48,00",USD,"-48,00",6c773b20-61b5-4bc7-845e-b530fab1edcf
29-01-2026,07:16,28-01-2026,,,Comisión por Acción Corporativa,,CAD,"-0,66",CAD,"5,94",
29-01-2026,07:15,28-01-2026,BANK OF NOVA SCOTIA,CA0641491075,Retención del dividendo,,CAD,"-2,20",CAD,"6,60",
29-01-2026,07:15,28-01-2026,BANK OF NOVA SCOTIA,CA0641491075,Dividendo,,CAD,"8,80",CAD,"8,80",
27-01-2026,20:30,27-01-2026,,,Degiro Cash Sweep Transfer,,EUR,"3343,90",EUR,"764,90",
27-01-2026,20:30,27-01-2026,,,"Transferir desde su Cuenta de Efectivo en flatexDEGIRO Bank: 3.343,9 EUR",,,,EUR,"-2579,00",
27-01-2026,19:50,27-01-2026,CONSTELLATION SOFTWARE INC,CA21037X1006,Costes de transacción y/o externos de DEGIRO,,EUR,"-3,90",EUR,"764,90",24e54e42-1b29-4782-a9bf-9ec0702a4bea
27-01-2026,19:50,27-01-2026,CONSTELLATION SOFTWARE INC,CA21037X1006,Compra 2 Constellation Software Inc@1.670 EUR (CA21037X1006),,EUR,"-3340,00",EUR,"768,80",24e54e42-1b29-4782-a9bf-9ec0702a4bea
23-01-2026,18:21,23-01-2026,,,Degiro Cash Sweep Transfer,,EUR,"-937,99",EUR,"4108,80",
23-01-2026,18:21,23-01-2026,,,"Transferir a su Cuenta de Efectivo en flatexDEGIRO Bank: 937,99 EUR",,,,EUR,"5046,79",
23-01-2026,15:41,23-01-2026,SKY HARBOUR GROUP CORP CLASS A,US83085C1071,Retirada Cambio de Divisa,"1,1772",USD,"-591,48",USD,"0,00",62987939-346d-429a-930e-1832089d0317
23-01-2026,15:41,23-01-2026,SKY HARBOUR GROUP CORP CLASS A,US83085C1071,Ingreso Cambio de Divisa,,EUR,"502,43",EUR,"4108,80",62987939-346d-429a-930e-1832089d0317
23-01-2026,15:41,23-01-2026,SKY HARBOUR GROUP CORP CLASS A,US83085C1071,"Venta 62 Sky Harbour Group Corp Class A@9,54 USD (US83085C1071)",,USD,"591,48",USD,"591,48",62987939-346d-429a-930e-1832089d0317
23-01-2026,15:36,23-01-2026,SKY HARBOUR GROUP CORP CLASS A,US83085C1071,Retirada Cambio de Divisa,"1,1773",USD,"-515,16",USD,"0,00",62987939-346d-429a-930e-1832089d0317
23-01-2026,15:36,23-01-2026,SKY HARBOUR GROUP CORP CLASS A,US83085C1071,Ingreso Cambio de Divisa,,EUR,"437,56",EUR,"3606,37",62987939-346d-429a-930e-1832089d0317
23-01-2026,15:36,23-01-2026,SKY HARBOUR GROUP CORP CLASS A,US83085C1071,Costes de transacción y/o externos de DEGIRO,,EUR,"-2,00",EUR,"3168,81",62987939-346d-429a-930e-1832089d0317
23-01-2026,15:36,23-01-2026,SKY HARBOUR GROUP CORP CLASS A,US83085C1071,"Venta 54 Sky Harbour Group Corp Class A@9,54 USD (US83085C1071)",,USD,"515,16",USD,"515,16",62987939-346d-429a-930e-1832089d0317
23-01-2026,01:08,23-01-2026,,,flatex Deposit,,EUR,"3000,00",EUR,"3170,81",
19-01-2026,15:31,19-01-2026,,,Degiro Cash Sweep Transfer,,EUR,"-0,27",EUR,"170,81",
19-01-2026,15:31,19-01-2026,,,"Transferir a su Cuenta de Efectivo en flatexDEGIRO Bank: 0,27 EUR",,,,EUR,"171,08",
19-01-2026,14:34,19-01-2026,,,Ingresos por Préstamo de Valores - Diciembre,,EUR,"0,27",EUR,"170,81",
19-01-2026,04:20,19-01-2026,,,Degiro Cash Sweep Transfer,,EUR,"-22,67",EUR,"170,54",
19-01-2026,04:20,19-01-2026,,,"Transferir a su Cuenta de Efectivo en flatexDEGIRO Bank: 22,67 EUR",,,,EUR,"193,21",
17-01-2026,06:51,16-01-2026,,,Ingreso Cambio de Divisa,,EUR,"22,67",EUR,"170,54",
17-01-2026,06:51,16-01-2026,,,Retirada Cambio de Divisa,"1,1627",USD,"-26,36",USD,"0,00",
16-01-2026,07:58,15-01-2026,,,Comisión por Acción Corporativa,,USD,"-1,63",USD,"26,36",
16-01-2026,07:57,15-01-2026,OCCIDENTAL PETROLEUM CORP,US6745991058,Retención del dividendo,,USD,"-2,88",USD,"27,99",
16-01-2026,07:57,15-01-2026,OCCIDENTAL PETROLEUM CORP,US6745991058,Dividendo,,USD,"19,20",USD,"30,87",
16-01-2026,07:46,15-01-2026,,,Comisión por Acción Corporativa,,USD,"-1,13",USD,"11,67",
16-01-2026,07:45,15-01-2026,MAIN STREET CAPITAL CORP,US56035L1044,Dividendo sustitutivo,,USD,"1,82",USD,"12,80",
16-01-2026,07:45,15-01-2026,MAIN STREET CAPITAL CORP,US56035L1044,Impuesto sustitutivo sobre Dividendos,,USD,"-0,27",USD,"10,98",
16-01-2026,07:45,15-01-2026,REALTY INCOME CORP,US7561091049,Retención del dividendo,,USD,"-1,98",USD,"11,25",
16-01-2026,07:45,15-01-2026,REALTY INCOME CORP,US7561091049,Dividendo,,USD,"13,23",USD,"13,23",
12-01-2026,03:48,12-01-2026,,,Degiro Cash Sweep Transfer,,EUR,"-1,94",EUR,"147,87",
12-01-2026,03:48,12-01-2026,,,"Transferir a su Cuenta de Efectivo en flatexDEGIRO Bank: 1,94 EUR",,,,EUR,"149,81",
10-01-2026,06:32,09-01-2026,,,Ingreso Cambio de Divisa,,EUR,"1,94",EUR,"147,87",
10-01-2026,06:32,09-01-2026,,,Retirada Cambio de Divisa,"1,1666",USD,"-2,26",USD,"0,00",
10-01-2026,06:20,02-01-2026,,,Flatex Interest Income,,EUR,"0,00",EUR,"145,93",
09-01-2026,07:01,08-01-2026,,,Comisión por Acción Corporativa,,USD,"-0,25",USD,"2,26",
09-01-2026,07:00,08-01-2026,ADR ON TAIWAN SEMICONDUCTOR,US8740391003,Dividendo,,USD,"3,18",USD,"2,51",
09-01-2026,06:59,08-01-2026,ADR ON TAIWAN SEMICONDUCTOR,US8740391003,Retención del dividendo,,USD,"-0,67",USD,"-0,67",
08-01-2026,07:31,08-01-2026,,,Degiro Cash Sweep Transfer,,EUR,"-0,12",EUR,"145,93",
08-01-2026,07:31,08-01-2026,,,"Transferir a su Cuenta de Efectivo en flatexDEGIRO Bank: 0,12 EUR",,,,EUR,"146,05",
08-01-2026,06:35,07-01-2026,,,Ingreso Cambio de Divisa,,EUR,"0,12",EUR,"145,93",
08-01-2026,06:35,07-01-2026,,,Retirada Cambio de Divisa,"1,1703",USD,"-0,14",USD,"0,00",
07-01-2026,10:39,15-12-2025,MAIN STREET CAPITAL CORP,US56035L1044,Retención del dividendo,,USD,"0,27",USD,"0,14",
07-01-2026,10:39,15-12-2025,,,Comisión por Acción Corporativa,,USD,"0,15",USD,"-0,13",
07-01-2026,10:39,15-12-2025,MAIN STREET CAPITAL CORP,US56035L1044,Dividendo,,USD,"-1,79",USD,"-0,28",
07-01-2026,10:38,15-12-2025,MAIN STREET CAPITAL CORP,US56035L1044,Dividendo sustitutivo,,USD,"1,78",USD,"1,51",
07-01-2026,10:38,15-12-2025,MAIN STREET CAPITAL CORP,US56035L1044,Impuesto sustitutivo sobre Dividendos,,USD,"-0,27",USD,"-0,27",
31-12-2025,08:43,31-12-2025,,,Degiro Cash Sweep Transfer,,EUR,"-1,51",EUR,"145,81",
31-12-2025,08:43,31-12-2025,,,"Transferir a su Cuenta de Efectivo en flatexDEGIRO Bank: 1,51 EUR",,,,EUR,"147,32",
31-12-2025,06:40,30-12-2025,,,Ingreso Cambio de Divisa,,EUR,"1,51",EUR,"145,81",
31-12-2025,06:40,30-12-2025,,,Retirada Cambio de Divisa,"1,1777",USD,"-1,78",USD,"0,00",
30-12-2025,10:32,30-12-2025,,,Degiro Cash Sweep Transfer,,EUR,"-12,97",EUR,"144,30",
30-12-2025,10:32,30-12-2025,,,"Transferir a su Cuenta de Efectivo en flatexDEGIRO Bank: 12,97 EUR",,,,EUR,"157,27",
30-12-2025,07:21,29-12-2025,MAIN STREET CAPITAL CORP,US56035L1044,Dividendo sustitutivo,,USD,"2,10",USD,"1,78",
30-12-2025,07:20,29-12-2025,MAIN STREET CAPITAL CORP,US56035L1044,Impuesto sustitutivo sobre Dividendos,,USD,"-0,32",USD,"-0,32",
30-12-2025,06:57,29-12-2025,,,Ingreso Cambio de Divisa,,EUR,"12,97",EUR,"144,30",
30-12-2025,06:57,29-12-2025,,,Retirada Cambio de Divisa,"1,1802",USD,"-15,31",USD,"0,00",
29-12-2025,07:05,26-12-2025,,,Comisión por Acción Corporativa,,USD,"-1,69",USD,"15,31",
29-12-2025,07:05,26-12-2025,KRAFT HEINZ CO,US5007541064,Retención del dividendo,,USD,"-3,00",USD,"17,00",
29-12-2025,07:05,26-12-2025,KRAFT HEINZ CO,US5007541064,Dividendo,,USD,"20,00",USD,"20,00",
18-12-2025,07:35,18-12-2025,,,Degiro Cash Sweep Transfer,,EUR,"-2,08",EUR,"131,33",
18-12-2025,07:35,18-12-2025,,,"Transferir a su Cuenta de Efectivo en flatexDEGIRO Bank: 2,08 EUR",,,,EUR,"133,41",
18-12-2025,06:37,17-12-2025,,,Ingreso Cambio de Divisa,,EUR,"2,08",EUR,"131,33",
18-12-2025,06:37,17-12-2025,,,Retirada Cambio de Divisa,"1,1771",USD,"-2,45",USD,"0,00",
17-12-2025,08:54,17-12-2025,,,Degiro Cash Sweep Transfer,,EUR,"-12,07",EUR,"129,25",
17-12-2025,08:54,17-12-2025,,,"Transferir a su Cuenta de Efectivo en flatexDEGIRO Bank: 12,07 EUR",,,,EUR,"141,32",
17-12-2025,07:12,16-12-2025,,,Comisión por Acción Corporativa,,USD,"-0,27",USD,"2,45",
17-12-2025,07:11,16-12-2025,DUKE ENERGY CORP,US26441C2044,Dividendo,,USD,"3,20",USD,"2,72",
17-12-2025,07:11,16-12-2025,DUKE ENERGY CORP,US26441C2044,Retención del dividendo,,USD,"-0,48",USD,"-0,48",
17-12-2025,06:37,16-12-2025,,,Ingreso Cambio de Divisa,,EUR,"12,07",EUR,"129,25",
17-12-2025,06:37,16-12-2025,,,Retirada Cambio de Divisa,"1,1776",USD,"-14,21",USD,"0,00",
16-12-2025,07:23,15-12-2025,,,Comisión por Acción Corporativa,,USD,"-0,15",USD,"14,21",
16-12-2025,07:21,15-12-2025,MAIN STREET CAPITAL CORP,US56035L1044,Dividendo,,USD,"1,79",USD,"14,36",
16-12-2025,07:21,15-12-2025,MAIN STREET CAPITAL CORP,US56035L1044,Retención del dividendo,,USD,"-0,27",USD,"12,57",
16-12-2025,07:15,15-12-2025,,,Comisión por Acción Corporativa,,USD,"-0,30",USD,"12,84",
16-12-2025,07:14,15-12-2025,ALPHABET INC CLASS A,US02079K3059,Dividendo,,USD,"3,57",USD,"13,14",
16-12-2025,07:13,15-12-2025,ALPHABET INC CLASS A,US02079K3059,Retención del dividendo,,USD,"-0,54",USD,"9,57",
16-12-2025,07:09,15-12-2025,,,Comisión por Acción Corporativa,,USD,"-1,12",USD,"10,11",
16-12-2025,07:08,15-12-2025,REALTY INCOME CORP,US7561091049,Retención del dividendo,,USD,"-1,98",USD,"11,23",
16-12-2025,07:08,15-12-2025,REALTY INCOME CORP,US7561091049,Dividendo,,USD,"13,21",USD,"13,21",
15-12-2025,10:31,15-12-2025,,,Degiro Cash Sweep Transfer,,EUR,"1075,63",EUR,"117,18",
15-12-2025,10:31,15-12-2025,,,"Transferir desde su Cuenta de Efectivo en flatexDEGIRO Bank: 1.075,63 EUR",,,,EUR,"-958,45",
15-12-2025,09:00,15-12-2025,NOVO NORDISK A/S CLASS B,DK0062498333,Ingreso Cambio de Divisa,"7,4505",DKK,"7977,50",DKK,"0,00",cbdaea27-1c04-4285-8bed-2ecb69173919
15-12-2025,09:00,15-12-2025,NOVO NORDISK A/S CLASS B,DK0062498333,Retirada Cambio de Divisa,,EUR,"-1070,73",EUR,"117,18",cbdaea27-1c04-4285-8bed-2ecb69173919
15-12-2025,09:00,15-12-2025,NOVO NORDISK A/S CLASS B,DK0062498333,Costes de transacción y/o externos de DEGIRO,,EUR,"-4,90",EUR,"1187,91",cbdaea27-1c04-4285-8bed-2ecb69173919
15-12-2025,09:00,15-12-2025,NOVO NORDISK A/S CLASS B,DK0062498333,"Compra 25 Novo Nordisk A/S Class B@319,1 DKK (DK0062498333)",,DKK,"-7977,50",DKK,"-7977,50",cbdaea27-1c04-4285-8bed-2ecb69173919
15-12-2025,04:23,15-12-2025,,,Degiro Cash Sweep Transfer,,EUR,"-3,97",EUR,"1192,81",
15-12-2025,04:23,15-12-2025,,,"Transferir a su Cuenta de Efectivo en flatexDEGIRO Bank: 3,97 EUR",,,,EUR,"1196,78",
13-12-2025,07:04,12-12-2025,,,Ingreso Cambio de Divisa,,EUR,"3,97",EUR,"1192,81",
13-12-2025,07:04,12-12-2025,,,Retirada Cambio de Divisa,"1,1769",USD,"-4,67",USD,"0,00",
12-12-2025,20:13,12-12-2025,,,Degiro Cash Sweep Transfer,,EUR,"-13,11",EUR,"1188,84",
12-12-2025,20:13,12-12-2025,,,"Transferir a su Cuenta de Efectivo en flatexDEGIRO Bank: 13,11 EUR",,,,EUR,"1201,95",
12-12-2025,14:56,15-11-2024,,,Comisión por Acción Corporativa,,USD,"0,44",USD,"4,67",
12-12-2025,14:54,15-11-2024,NNN REIT INC,US6374171063,Rendimiento de capital,,USD,"0,01",USD,"4,23",
12-12-2025,14:53,15-11-2024,NNN REIT INC,US6374171063,Dividendo,,USD,"5,21",USD,"4,22",
12-12-2025,14:53,15-11-2024,NNN REIT INC,US6374171063,Retención del dividendo,,USD,"-0,78",USD,"-0,99",
12-12-2025,14:53,15-11-2024,NNN REIT INC,US6374171063,Retención del dividendo,,USD,"0,78",USD,"-0,21",
12-12-2025,14:53,15-11-2024,NNN REIT INC,US6374171063,Dividendo,,USD,"-5,22",USD,"-0,99",
12-12-2025,14:52,15-11-2024,REALTY INCOME CORP,US7561091049,Rendimiento de capital,,USD,"1,04",USD,"4,23",
12-12-2025,14:51,15-11-2024,REALTY INCOME CORP,US7561091049,Dividendo,,USD,"2,38",USD,"3,19",
12-12-2025,14:51,15-11-2024,REALTY INCOME CORP,US7561091049,Retención del dividendo,,USD,"-0,36",USD,"0,81",
12-12-2025,14:50,15-11-2024,REALTY INCOME CORP,US7561091049,Dividendo,,USD,"-3,43",USD,"1,17",
12-12-2025,14:50,15-11-2024,REALTY INCOME CORP,US7561091049,Retención del dividendo,,USD,"0,51",USD,"4,60",
12-12-2025,14:26,13-12-2024,,,Comisión por Acción Corporativa,,USD,"0,29",USD,"4,09",
12-12-2025,14:24,13-12-2024,REALTY INCOME CORP,US7561091049,Rendimiento de capital,,USD,"1,04",USD,"3,80",
12-12-2025,14:23,13-12-2024,REALTY INCOME CORP,US7561091049,Dividendo,,USD,"2,38",USD,"2,76",
12-12-2025,14:23,13-12-2024,REALTY INCOME CORP,US7561091049,Retención del dividendo,,USD,"-0,36",USD,"0,38",
12-12-2025,14:23,13-12-2024,REALTY INCOME CORP,US7561091049,Dividendo,,USD,"-3,43",USD,"0,74",
12-12-2025,14:23,13-12-2024,REALTY INCOME CORP,US7561091049,Retención del dividendo,,USD,"0,51",USD,"4,17",
12-12-2025,13:30,27-09-2024,,,Comisión por Acción Corporativa,,USD,"0,18",USD,"3,66",
12-12-2025,13:29,27-09-2024,MAIN STREET CAPITAL CORP,US56035L1044,Interest Income Distribution,,USD,"0,80",USD,"3,48",
12-12-2025,13:29,27-09-2024,MAIN STREET CAPITAL CORP,US56035L1044,Retención del dividendo,,USD,"-0,19",USD,"2,68",
12-12-2025,13:29,27-09-2024,MAIN STREET CAPITAL CORP,US56035L1044,Dividendo,,USD,"1,30",USD,"2,87",
12-12-2025,13:29,27-09-2024,MAIN STREET CAPITAL CORP,US56035L1044,Dividendo,,USD,"-2,10",USD,"1,57",
12-12-2025,13:29,27-09-2024,MAIN STREET CAPITAL CORP,US56035L1044,Retención del dividendo,,USD,"0,32",USD,"3,67",
12-12-2025,13:27,15-10-2024,,,Comisión por Acción Corporativa,,USD,"0,29",USD,"3,35",
12-12-2025,13:26,15-10-2024,REALTY INCOME CORP,US7561091049,Rendimiento de capital,,USD,"1,04",USD,"3,06",
12-12-2025,13:25,15-10-2024,REALTY INCOME CORP,US7561091049,Dividendo,,USD,"2,38",USD,"2,02",
12-12-2025,13:25,15-10-2024,REALTY INCOME CORP,US7561091049,Retención del dividendo,,USD,"-0,36",USD,"-0,36",
12-12-2025,13:24,15-10-2024,REALTY INCOME CORP,US7561091049,Retención del dividendo,,USD,"0,51",USD,"0,00",
12-12-2025,13:24,15-10-2024,REALTY INCOME CORP,US7561091049,Dividendo,,USD,"-3,43",USD,"-0,51",
12-12-2025,12:10,15-08-2024,,,Comisión por Acción Corporativa,,USD,"0,15",USD,"2,92",
12-12-2025,12:09,15-08-2024,MAIN STREET CAPITAL CORP,US56035L1044,Interest Income Distribution,,USD,"0,80",USD,"2,77",
12-12-2025,12:09,13-09-2024,,,Comisión por Acción Corporativa,,USD,"0,15",USD,"1,97",
12-12-2025,12:09,15-08-2024,MAIN STREET CAPITAL CORP,US56035L1044,Dividendo,,USD,"0,92",USD,"1,82",
12-12-2025,12:09,15-08-2024,MAIN STREET CAPITAL CORP,US56035L1044,Retención del dividendo,,USD,"-0,14",USD,"0,90",
12-12-2025,12:09,15-08-2024,MAIN STREET CAPITAL CORP,US56035L1044,Retención del dividendo,,USD,"0,26",USD,"1,04",
12-12-2025,12:09,15-08-2024,MAIN STREET CAPITAL CORP,US56035L1044,Dividendo,,USD,"-1,72",USD,"0,78",
12-12-2025,12:08,13-09-2024,MAIN STREET CAPITAL CORP,US56035L1044,Interest Income Distribution,,USD,"0,87",USD,"2,50",
12-12-2025,12:08,13-09-2024,MAIN STREET CAPITAL CORP,US56035L1044,Retención del dividendo,,USD,"-0,13",USD,"1,63",
12-12-2025,12:08,13-09-2024,MAIN STREET CAPITAL CORP,US56035L1044,Dividendo,,USD,"0,84",USD,"1,76",
12-12-2025,12:08,13-09-2024,MAIN STREET CAPITAL CORP,US56035L1044,Dividendo,,USD,"-1,72",USD,"0,92",
12-12-2025,12:08,13-09-2024,MAIN STREET CAPITAL CORP,US56035L1044,Retención del dividendo,,USD,"0,26",USD,"2,64",
12-12-2025,12:07,13-09-2024,,,Comisión por Acción Corporativa,,USD,"0,29",USD,"2,38",
12-12-2025,12:06,13-09-2024,REALTY INCOME CORP,US7561091049,Rendimiento de capital,,USD,"1,04",USD,"2,09",
12-12-2025,12:04,13-09-2024,REALTY INCOME CORP,US7561091049,Dividendo,,USD,"2,38",USD,"1,05",
12-12-2025,12:04,13-09-2024,REALTY INCOME CORP,US7561091049,Retención del dividendo,,USD,"-0,36",USD,"-1,33",
12-12-2025,12:03,13-09-2024,REALTY INCOME CORP,US7561091049,Retención del dividendo,,USD,"0,51",USD,"-0,97",
12-12-2025,12:03,13-09-2024,REALTY INCOME CORP,US7561091049,Dividendo,,USD,"-3,42",USD,"-1,48",
12-12-2025,11:08,15-08-2024,,,Comisión por Acción Corporativa,,USD,"0,44",USD,"1,94",
12-12-2025,11:06,15-07-2024,,,Comisión por Acción Corporativa,,USD,"0,15",USD,"1,50",
12-12-2025,11:06,15-08-2024,NNN REIT INC,US6374171063,Rendimiento de capital,,USD,"0,01",USD,"1,35",
12-12-2025,11:06,15-08-2024,NNN REIT INC,US6374171063,Retención del dividendo,,USD,"-0,78",USD,"1,34",
12-12-2025,11:06,15-08-2024,NNN REIT INC,US6374171063,Dividendo,,USD,"5,21",USD,"2,12",
12-12-2025,11:06,15-08-2024,NNN REIT INC,US6374171063,Dividendo,,USD,"-5,22",USD,"-3,09",
12-12-2025,11:06,15-08-2024,NNN REIT INC,US6374171063,Retención del dividendo,,USD,"0,78",USD,"2,13",
12-12-2025,11:06,15-08-2024,,,Comisión por Acción Corporativa,,USD,"0,29",USD,"1,35",
12-12-2025,11:06,15-07-2024,MAIN STREET CAPITAL CORP,US56035L1044,Interest Income Distribution,,USD,"0,77",USD,"1,06",
12-12-2025,11:05,15-07-2024,MAIN STREET CAPITAL CORP,US56035L1044,Retención del dividendo,,USD,"-0,14",USD,"0,29",
12-12-2025,11:05,15-07-2024,MAIN STREET CAPITAL CORP,US56035L1044,Dividendo,,USD,"0,95",USD,"0,43",
12-12-2025,11:05,15-07-2024,MAIN STREET CAPITAL CORP,US56035L1044,Retención del dividendo,,USD,"0,26",USD,"-0,52",
12-12-2025,11:05,15-07-2024,MAIN STREET CAPITAL CORP,US56035L1044,Dividendo,,USD,"-1,72",USD,"-0,78",
12-12-2025,11:04,15-08-2024,REALTY INCOME CORP,US7561091049,Rendimiento de capital,,USD,"1,04",USD,"0,94",
12-12-2025,11:03,15-08-2024,REALTY INCOME CORP,US7561091049,Retención del dividendo,,USD,"-0,36",USD,"-0,10",
12-12-2025,11:03,15-08-2024,REALTY INCOME CORP,US7561091049,Dividendo,,USD,"2,38",USD,"0,26",
12-12-2025,11:02,15-08-2024,REALTY INCOME CORP,US7561091049,Retención del dividendo,,USD,"0,51",USD,"-2,12",
12-12-2025,11:02,15-08-2024,REALTY INCOME CORP,US7561091049,Dividendo,,USD,"-3,42",USD,"-2,63",
12-12-2025,09:44,27-06-2024,,,Comisión por Acción Corporativa,,USD,"0,18",USD,"0,79",
12-12-2025,09:43,27-06-2024,MAIN STREET CAPITAL CORP,US56035L1044,Interest Income Distribution,,USD,"1,07",USD,"0,61",
12-12-2025,09:43,27-06-2024,MAIN STREET CAPITAL CORP,US56035L1044,Dividendo,,USD,"1,03",USD,"-0,46",
12-12-2025,09:43,27-06-2024,MAIN STREET CAPITAL CORP,US56035L1044,Retención del dividendo,,USD,"-0,15",USD,"-1,49",
12-12-2025,09:43,27-06-2024,MAIN STREET CAPITAL CORP,US56035L1044,Dividendo,,USD,"-2,10",USD,"-1,34",
12-12-2025,09:43,27-06-2024,MAIN STREET CAPITAL CORP,US56035L1044,Retención del dividendo,,USD,"0,32",USD,"0,76",
12-12-2025,09:41,15-07-2024,,,Comisión por Acción Corporativa,,USD,"0,29",USD,"0,44",
12-12-2025,09:39,15-07-2024,REALTY INCOME CORP,US7561091049,Rendimiento de capital,,USD,"1,04",USD,"0,15",
12-12-2025,09:38,15-07-2024,REALTY INCOME CORP,US7561091049,Dividendo,,USD,"2,38",USD,"-0,89",
12-12-2025,09:38,15-07-2024,REALTY INCOME CORP,US7561091049,Retención del dividendo,,USD,"-0,36",USD,"-3,27",
12-12-2025,09:37,15-07-2024,REALTY INCOME CORP,US7561091049,Retención del dividendo,,USD,"0,51",USD,"-2,91",
12-12-2025,09:37,15-07-2024,REALTY INCOME CORP,US7561091049,Dividendo,,USD,"-3,42",USD,"-3,42",
12-12-2025,06:58,11-12-2025,,,Ingreso Cambio de Divisa,,EUR,"13,11",EUR,"1188,84",
12-12-2025,06:58,11-12-2025,,,Retirada Cambio de Divisa,"1,1768",USD,"-15,43",USD,"0,00",
11-12-2025,23:47,11-12-2025,,,flatex Deposit,,EUR,"1000,00",EUR,"1175,73",
11-12-2025,14:57,15-05-2024,,,Comisión por Acción Corporativa,,USD,"0,14",USD,"15,43",
11-12-2025,14:56,15-05-2024,MAIN STREET CAPITAL CORP,US56035L1044,Interest Income Distribution,,USD,"0,77",USD,"15,29",
11-12-2025,14:56,14-06-2024,,,Comisión por Acción Corporativa,,USD,"0,14",USD,"14,52",
11-12-2025,14:56,15-05-2024,MAIN STREET CAPITAL CORP,US56035L1044,Dividendo,,USD,"0,91",USD,"14,38",
11-12-2025,14:56,15-05-2024,MAIN STREET CAPITAL CORP,US56035L1044,Retención del dividendo,,USD,"-0,14",USD,"13,47",
11-12-2025,14:56,15-05-2024,MAIN STREET CAPITAL CORP,US56035L1044,Retención del dividendo,,USD,"0,25",USD,"13,61",
11-12-2025,14:56,15-05-2024,MAIN STREET CAPITAL CORP,US56035L1044,Dividendo,,USD,"-1,68",USD,"13,36",
11-12-2025,14:55,14-06-2024,,,Comisión por Acción Corporativa,,USD,"0,29",USD,"15,04",
11-12-2025,14:55,14-06-2024,MAIN STREET CAPITAL CORP,US56035L1044,Interest Income Distribution,,USD,"0,82",USD,"14,75",
11-12-2025,14:55,14-06-2024,MAIN STREET CAPITAL CORP,US56035L1044,Dividendo,,USD,"0,86",USD,"13,93",
11-12-2025,14:55,14-06-2024,MAIN STREET CAPITAL CORP,US56035L1044,Retención del dividendo,,USD,"-0,13",USD,"13,07",
11-12-2025,14:55,14-06-2024,MAIN STREET CAPITAL CORP,US56035L1044,Retención del dividendo,,USD,"0,25",USD,"13,20",
11-12-2025,14:55,14-06-2024,MAIN STREET CAPITAL CORP,US56035L1044,Dividendo,,USD,"-1,68",USD,"12,95",
11-12-2025,14:54,14-06-2024,REALTY INCOME CORP,US7561091049,Rendimiento de capital,,USD,"1,04",USD,"14,63",
11-12-2025,14:53,14-06-2024,REALTY INCOME CORP,US7561091049,Retención del dividendo,,USD,"-0,36",USD,"13,59",
11-12-2025,14:53,14-06-2024,REALTY INCOME CORP,US7561091049,Dividendo,,USD,"2,38",USD,"13,95",
11-12-2025,14:52,14-06-2024,REALTY INCOME CORP,US7561091049,Retención del dividendo,,USD,"0,51",USD,"11,57",
11-12-2025,14:52,14-06-2024,REALTY INCOME CORP,US7561091049,Dividendo,,USD,"-3,41",USD,"11,06",
11-12-2025,12:45,15-05-2024,,,Comisión por Acción Corporativa,,USD,"0,43",USD,"14,47",
11-12-2025,12:42,15-05-2024,NNN REIT INC,US6374171063,Rendimiento de capital,,USD,"0,01",USD,"14,04",
11-12-2025,12:42,15-05-2024,NNN REIT INC,US6374171063,Retención del dividendo,,USD,"-0,76",USD,"14,03",
11-12-2025,12:42,15-05-2024,NNN REIT INC,US6374171063,Dividendo,,USD,"5,08",USD,"14,79",
11-12-2025,12:42,15-05-2024,NNN REIT INC,US6374171063,Dividendo,,USD,"-5,09",USD,"9,71",
11-12-2025,12:42,15-05-2024,NNN REIT INC,US6374171063,Retención del dividendo,,USD,"0,76",USD,"14,80",
11-12-2025,12:39,15-05-2024,,,Comisión por Acción Corporativa,,USD,"0,28",USD,"14,04",
11-12-2025,12:38,15-05-2024,REALTY INCOME CORP,US7561091049,Rendimiento de capital,,USD,"1,01",USD,"13,76",
11-12-2025,12:36,15-05-2024,REALTY INCOME CORP,US7561091049,Retención del dividendo,,USD,"-0,35",USD,"12,75",
11-12-2025,12:36,15-05-2024,REALTY INCOME CORP,US7561091049,Dividendo,,USD,"2,33",USD,"13,10",
11-12-2025,12:36,15-05-2024,REALTY INCOME CORP,US7561091049,Retención del dividendo,,USD,"0,50",USD,"10,77",
11-12-2025,12:36,15-05-2024,REALTY INCOME CORP,US7561091049,Dividendo,,USD,"-3,34",USD,"10,27",
11-12-2025,09:40,15-04-2024,,,Comisión por Acción Corporativa,,USD,"0,23",USD,"13,61",
11-12-2025,09:39,15-04-2024,REALTY INCOME CORP,US7561091049,Rendimiento de capital,,USD,"1,01",USD,"13,38",
11-12-2025,09:38,15-04-2024,REALTY INCOME CORP,US7561091049,Dividendo,,USD,"2,33",USD,"12,37",
11-12-2025,09:38,15-04-2024,REALTY INCOME CORP,US7561091049,Retención del dividendo,,USD,"-0,70",USD,"10,04",
11-12-2025,09:37,15-04-2024,REALTY INCOME CORP,US7561091049,Retención del dividendo,,USD,"1,00",USD,"10,74",
11-12-2025,09:37,15-04-2024,REALTY INCOME CORP,US7561091049,Dividendo,,USD,"-3,34",USD,"9,74",
11-12-2025,07:26,10-12-2025,,,Comisión por Acción Corporativa,,USD,"-1,45",USD,"13,08",
11-12-2025,07:25,10-12-2025,CHEVRON CORP,US1667641005,Dividendo,,USD,"17,10",USD,"14,53",
11-12-2025,07:25,10-12-2025,CHEVRON CORP,US1667641005,Retención del dividendo,,USD,"-2,57",USD,"-2,57",
08-12-2025,04:01,08-12-2025,,,"Transferir a su Cuenta de Efectivo en flatexDEGIRO Bank: 49,86 EUR",,,,EUR,"175,73",
08-12-2025,04:01,08-12-2025,,,Degiro Cash Sweep Transfer,,EUR,"-49,86",EUR,"125,87",
06-12-2025,06:32,05-12-2025,,,Ingreso Cambio de Divisa,,EUR,"49,86",EUR,"175,73",
06-12-2025,06:32,05-12-2025,,,Retirada Cambio de Divisa,"1,1672",USD,"-58,20",USD,"0,00",
05-12-2025,07:39,04-12-2025,,,Comisión por Acción Corporativa,,USD,"-3,00",USD,"58,20",
05-12-2025,07:38,04-12-2025,SILA REALTY TRUST INC,US1462805086,Retención del dividendo,,USD,"-10,80",USD,"61,20",
05-12-2025,07:38,04-12-2025,SILA REALTY TRUST INC,US1462805086,Dividendo,,USD,"72,00",USD,"72,00",
04-12-2025,13:04,04-12-2025,,,"Transferir a su Cuenta de Efectivo en flatexDEGIRO Bank: 1,54 EUR",,,,EUR,"125,87",
04-12-2025,13:04,04-12-2025,,,Degiro Cash Sweep Transfer,,EUR,"-1,54",EUR,"124,33",
04-12-2025,06:38,03-12-2025,,,Ingreso Cambio de Divisa,,EUR,"1,54",EUR,"125,87",
04-12-2025,06:38,03-12-2025,,,Retirada Cambio de Divisa,"1,1701",USD,"-1,80",USD,"0,00",
03-12-2025,15:20,01-12-2025,,,Comisión por Acción Corporativa,,USD,"1,80",USD,"1,80",
03-12-2025,08:20,03-12-2025,,,"Transferir a su Cuenta de Efectivo en flatexDEGIRO Bank: 20,28 EUR",,,,EUR,"124,33",
03-12-2025,08:20,03-12-2025,,,Degiro Cash Sweep Transfer,,EUR,"-20,28",EUR,"104,05",
03-12-2025,06:47,02-12-2025,,,Ingreso Cambio de Divisa,,EUR,"20,28",EUR,"124,33",
03-12-2025,06:47,02-12-2025,,,Retirada Cambio de Divisa,"1,1654",USD,"-23,63",USD,"0,00",
02-12-2025,10:40,01-12-2025,PFIZER INC,US7170811035,Retención del dividendo,,USD,"3,74",USD,"23,63",
02-12-2025,10:40,01-12-2025,,,Comisión por Acción Corporativa,,USD,"-1,80",USD,"19,89",
02-12-2025,10:39,01-12-2025,PFIZER INC,US7170811035,Dividendo,,USD,"-24,94",USD,"21,69",
02-12-2025,10:39,01-12-2025,PFIZER INC,US7170811035,Retención del dividendo,,USD,"-3,74",USD,"46,63",
02-12-2025,10:38,01-12-2025,PFIZER INC,US7170811035,Dividendo,,USD,"24,94",USD,"50,37",
02-12-2025,07:47,01-12-2025,,,Comisión por Acción Corporativa,,USD,"-0,67",USD,"25,43",
02-12-2025,07:46,01-12-2025,ESSENTIAL UTILITIES INC,US29670G1022,Dividendo,,USD,"7,88",USD,"26,10",
02-12-2025,07:46,01-12-2025,ESSENTIAL UTILITIES INC,US29670G1022,Retención del dividendo,,USD,"-1,18",USD,"18,22",
02-12-2025,06:59,01-12-2025,,,Comisión por Acción Corporativa,,USD,"-1,80",USD,"19,40",
02-12-2025,06:58,01-12-2025,PFIZER INC,US7170811035,Retención del dividendo,,USD,"-3,74",USD,"21,20",
02-12-2025,06:57,01-12-2025,PFIZER INC,US7170811035,Dividendo,,USD,"24,94",USD,"24,94",
01-12-2025,03:42,01-12-2025,,,"Transferir a su Cuenta de Efectivo en flatexDEGIRO Bank: 1,24 EUR",,,,EUR,"104,05",
01-12-2025,03:42,01-12-2025,,,Degiro Cash Sweep Transfer,,EUR,"-1,24",EUR,"102,81",
29-11-2025,06:31,28-11-2025,,,Ingreso Cambio de Divisa,,EUR,"1,24",EUR,"104,05",
29-11-2025,06:31,28-11-2025,,,Retirada Cambio de Divisa,"1,1627",USD,"-1,44",USD,"0,00",
28-11-2025,07:22,26-11-2025,,,Comisión por Acción Corporativa,,USD,"-0,16",USD,"1,44",
28-11-2025,07:21,26-11-2025,ISHARES GLOBAL WATER UCITS ETF USD,IE00B1TXK627,Dividendo,,USD,"1,60",USD,"1,60",
27-11-2025,10:30,27-11-2025,,,"Transferir desde su Cuenta de Efectivo en flatexDEGIRO Bank: 5.020,81 EUR",,,,EUR,"102,81",
27-11-2025,10:30,27-11-2025,,,Degiro Cash Sweep Transfer,,EUR,"5020,81",EUR,"5123,62",
27-11-2025,09:00,27-11-2025,ISHARES $ TREASURY BOND 0-1YR UCITS,IE00BGSF1X88,Ingreso Cambio de Divisa,"1,1562",USD,"5801,60",USD,"0,00",ed3ffef4-20a3-493b-a52e-55a7035ad2a0
27-11-2025,09:00,27-11-2025,ISHARES $ TREASURY BOND 0-1YR UCITS,IE00BGSF1X88,Retirada Cambio de Divisa,,EUR,"-5017,81",EUR,"102,81",ed3ffef4-20a3-493b-a52e-55a7035ad2a0
27-11-2025,09:00,27-11-2025,ISHARES $ TREASURY BOND 0-1YR UCITS,IE00BGSF1X88,Costes de transacción y/o externos de DEGIRO,,EUR,"-3,00",EUR,"5120,62",ed3ffef4-20a3-493b-a52e-55a7035ad2a0
27-11-2025,09:00,27-11-2025,ISHARES $ TREASURY BOND 0-1YR UCITS,IE00BGSF1X88,"Compra 49 iShares $ Treasury Bond 0-1yr UCITS ETF USD A@118,4 USD (IE00BGSF1X88)",,USD,"-5801,60",USD,"-5801,60",ed3ffef4-20a3-493b-a52e-55a7035ad2a0
26-11-2025,18:08,26-11-2025,,,flatex Deposit,,EUR,"4000,00",EUR,"5123,62",
26-11-2025,18:07,26-11-2025,,,flatex Deposit,,EUR,"1000,00",EUR,"1123,62",
26-11-2025,11:09,25-11-2025,,,"Transferir desde su Cuenta de Efectivo en flatexDEGIRO Bank: 1.104,68 EUR",,,,EUR,"123,62",
26-11-2025,11:09,25-11-2025,,,Degiro Cash Sweep Transfer,,EUR,"1104,68",EUR,"1228,30",
26-11-2025,11:06,25-11-2025,,,"Transferir desde su Cuenta de Efectivo en flatexDEGIRO Bank: 1.103,64 EUR",,,,EUR,"123,62",
26-11-2025,11:06,25-11-2025,,,Degiro Cash Sweep Transfer,,EUR,"1103,64",EUR,"1227,26",
26-11-2025,10:41,25-11-2025,,,"Transferir desde su Cuenta de Efectivo en flatexDEGIRO Bank: 1.160,58 EUR",,,,EUR,"123,62",
26-11-2025,10:41,25-11-2025,,,Degiro Cash Sweep Transfer,,EUR,"1160,58",EUR,"1284,20",
25-11-2025,18:18,25-11-2025,KRAFT HEINZ CO,US5007541064,Ingreso Cambio de Divisa,"1,1540",USD,"1272,50",USD,"0,00",38a36929-6f30-4943-a9cc-2d1b7107f97d
25-11-2025,18:18,25-11-2025,KRAFT HEINZ CO,US5007541064,Retirada Cambio de Divisa,,EUR,"-1102,68",EUR,"123,62",38a36929-6f30-4943-a9cc-2d1b7107f97d
25-11-2025,18:18,25-11-2025,KRAFT HEINZ CO,US5007541064,Costes de transacción y/o externos de DEGIRO,,EUR,"-2,00",EUR,"1226,30",38a36929-6f30-4943-a9cc-2d1b7107f97d
25-11-2025,18:18,25-11-2025,KRAFT HEINZ CO,US5007541064,"Compra 50 Kraft Heinz Co@25,45 USD (US5007541064)",,USD,"-1272,50",USD,"-1272,50",38a36929-6f30-4943-a9cc-2d1b7107f97d
25-11-2025,17:38,25-11-2025,SIRIUS XM HOLDINGS INC,US8299331004,Ingreso Cambio de Divisa,"1,1530",USD,"1270,20",USD,"0,00",d98d8757-be85-46f5-88b3-e1462e81a910
25-11-2025,17:38,25-11-2025,SIRIUS XM HOLDINGS INC,US8299331004,Retirada Cambio de Divisa,,EUR,"-1101,64",EUR,"1228,30",d98d8757-be85-46f5-88b3-e1462e81a910
25-11-2025,17:38,25-11-2025,SIRIUS XM HOLDINGS INC,US8299331004,Costes de transacción y/o externos de DEGIRO,,EUR,"-2,00",EUR,"2329,94",d98d8757-be85-46f5-88b3-e1462e81a910
25-11-2025,17:38,25-11-2025,SIRIUS XM HOLDINGS INC,US8299331004,"Compra 60 Sirius XM Holdings Inc@21,17 USD (US8299331004)",,USD,"-1270,20",USD,"-1270,20",d98d8757-be85-46f5-88b3-e1462e81a910
25-11-2025,09:05,25-11-2025,NOVO NORDISK A/S CLASS B,DK0062498333,Ingreso Cambio de Divisa,"7,4501",DKK,"8610,00",DKK,"0,00",be96ebde-df99-4d50-be1b-fff733b6bc5f
25-11-2025,09:05,25-11-2025,NOVO NORDISK A/S CLASS B,DK0062498333,Retirada Cambio de Divisa,,EUR,"-1155,68",EUR,"2331,94",be96ebde-df99-4d50-be1b-fff733b6bc5f
25-11-2025,09:05,25-11-2025,NOVO NORDISK A/S CLASS B,DK0062498333,Costes de transacción y/o externos de DEGIRO,,EUR,"-4,90",EUR,"3487,62",be96ebde-df99-4d50-be1b-fff733b6bc5f
25-11-2025,09:05,25-11-2025,NOVO NORDISK A/S CLASS B,DK0062498333,Compra 30 Novo Nordisk A/S Class B@287 DKK (DK0062498333),,DKK,"-8610,00",DKK,"-8610,00",be96ebde-df99-4d50-be1b-fff733b6bc5f
22-11-2025,17:39,22-11-2025,,,Retirada SEPA inmediata,,EUR,"-10000,00",EUR,"3492,52",
22-11-2025,17:38,22-11-2025,,,Retirada SEPA inmediata,,EUR,"-10000,00",EUR,"13492,52",
22-11-2025,00:00,21-11-2025,,,"Transferir desde su Cuenta de Efectivo en flatexDEGIRO Bank: 1.796,08 EUR",,,,EUR,"23492,52",
22-11-2025,00:00,21-11-2025,,,Degiro Cash Sweep Transfer,,EUR,"1796,08",EUR,"25288,60",
21-11-2025,21:30,21-11-2025,OCCIDENTAL PETROLEUM CORP,US6745991058,Ingreso Cambio de Divisa,"1,1482",USD,"2060,00",USD,"0,00",7f9261a9-829d-40b2-b7c8-bfc7a3daeac6
21-11-2025,21:30,21-11-2025,OCCIDENTAL PETROLEUM CORP,US6745991058,Retirada Cambio de Divisa,,EUR,"-1794,08",EUR,"23492,52",7f9261a9-829d-40b2-b7c8-bfc7a3daeac6
21-11-2025,21:30,21-11-2025,OCCIDENTAL PETROLEUM CORP,US6745991058,Costes de transacción y/o externos de DEGIRO,,EUR,"-2,00",EUR,"25286,60",7f9261a9-829d-40b2-b7c8-bfc7a3daeac6
21-11-2025,21:30,21-11-2025,OCCIDENTAL PETROLEUM CORP,US6745991058,"Compra 50 Occidental Petroleum Corp@41,2 USD (US6745991058)",,USD,"-2060,00",USD,"-2060,00",7f9261a9-829d-40b2-b7c8-bfc7a3daeac6
21-11-2025,18:54,21-11-2025,,,"Transferir a su Cuenta de Efectivo en flatexDEGIRO Bank: 2.339,16 EUR",,,,EUR,"25288,60",
21-11-2025,18:54,21-11-2025,,,Degiro Cash Sweep Transfer,,EUR,"-2339,16",EUR,"22949,44",
21-11-2025,18:50,21-11-2025,,,"Transferir a su Cuenta de Efectivo en flatexDEGIRO Bank: 6.397,12 EUR",,,,EUR,"25288,60",
21-11-2025,18:50,21-11-2025,,,Degiro Cash Sweep Transfer,,EUR,"-6397,12",EUR,"18891,48",
21-11-2025,18:40,21-11-2025,,,"Transferir a su Cuenta de Efectivo en flatexDEGIRO Bank: 11.833,03 EUR",,,,EUR,"25288,60",
21-11-2025,18:40,21-11-2025,,,Degiro Cash Sweep Transfer,,EUR,"-11833,03",EUR,"13455,57",
21-11-2025,17:58,21-11-2025,ROBINHOOD MARKETS INC CLASS A,US7707001027,Retirada Cambio de Divisa,"1,1533",USD,"-2700,00",USD,"0,00",156d848d-1582-437e-a3f4-afab28b47ca6
21-11-2025,17:58,21-11-2025,ROBINHOOD MARKETS INC CLASS A,US7707001027,Ingreso Cambio de Divisa,,EUR,"2341,16",EUR,"25288,60",156d848d-1582-437e-a3f4-afab28b47ca6
21-11-2025,17:58,21-11-2025,ROBINHOOD MARKETS INC CLASS A,US7707001027,Costes de transacción y/o externos de DEGIRO,,EUR,"-2,00",EUR,"22947,44",156d848d-1582-437e-a3f4-afab28b47ca6
21-11-2025,17:58,21-11-2025,ROBINHOOD MARKETS INC CLASS A,US7707001027,Venta 25 Robinhood Markets Inc Class A@108 USD (US7707001027),,USD,"2700,00",USD,"2700,00",156d848d-1582-437e-a3f4-afab28b47ca6
21-11-2025,16:16,21-11-2025,AMAZON.COM INC,US0231351067,"Venta 13 Amazon.com Inc@188,6 EUR (US0231351067)",,EUR,"2451,80",EUR,"22949,44",b80728bd-7e24-4b4c-ba36-b6d1b9a1639a
21-11-2025,16:16,21-11-2025,AMAZON.COM INC,US0231351067,"Venta 6 Amazon.com Inc@188,6 EUR (US0231351067)",,EUR,"1131,60",EUR,"20497,64",b80728bd-7e24-4b4c-ba36-b6d1b9a1639a
21-11-2025,16:16,21-11-2025,AMAZON.COM INC,US0231351067,Costes de transacción y/o externos de DEGIRO,,EUR,"-4,90",EUR,"19366,04",b80728bd-7e24-4b4c-ba36-b6d1b9a1639a
21-11-2025,16:16,21-11-2025,AMAZON.COM INC,US0231351067,"Venta 4 Amazon.com Inc@188,6 EUR (US0231351067)",,EUR,"754,40",EUR,"19370,94",b80728bd-7e24-4b4c-ba36-b6d1b9a1639a
21-11-2025,16:16,21-11-2025,AMAZON.COM INC,US0231351067,"Venta 3 Amazon.com Inc@188,6 EUR (US0231351067)",,EUR,"565,80",EUR,"18616,54",b80728bd-7e24-4b4c-ba36-b6d1b9a1639a
21-11-2025,16:10,21-11-2025,ISHARES GLOBAL WATER UCITS ETF USD,IE00B1TXK627,Costes de transacción y/o externos de DEGIRO,,EUR,"-3,00",EUR,"18050,74",a3c9a674-ccb9-469d-9dea-a43e7c57d723
21-11-2025,16:10,21-11-2025,ISHARES GLOBAL WATER UCITS ETF USD,IE00B1TXK627,"Venta 3 iShares Global Water UCITS ETF USD (Dist)@63,25 EUR (IE00B1TXK627)",,EUR,"189,75",EUR,"18053,74",a3c9a674-ccb9-469d-9dea-a43e7c57d723
21-11-2025,16:09,21-11-2025,OLD REPUBLIC INTERNATIONAL CORP,US6802231042,Retirada Cambio de Divisa,"1,1546",USD,"-546,00",USD,"0,00",02192080-8a1e-47fa-80a2-7e496472c974
21-11-2025,16:09,21-11-2025,OLD REPUBLIC INTERNATIONAL CORP,US6802231042,Ingreso Cambio de Divisa,,EUR,"472,90",EUR,"17863,99",02192080-8a1e-47fa-80a2-7e496472c974
21-11-2025,16:09,21-11-2025,OLD REPUBLIC INTERNATIONAL CORP,US6802231042,Costes de transacción y/o externos de DEGIRO,,EUR,"-2,00",EUR,"17391,09",02192080-8a1e-47fa-80a2-7e496472c974
21-11-2025,16:09,21-11-2025,OLD REPUBLIC INTERNATIONAL CORP,US6802231042,"Venta 12 Old Republic International Corp@45,5 USD (US6802231042)",,USD,"546,00",USD,"546,00",02192080-8a1e-47fa-80a2-7e496472c974
21-11-2025,16:03,21-11-2025,CISCO SYSTEMS INC,US17275R1023,Retirada Cambio de Divisa,"1,1548",USD,"-608,80",USD,"0,00",c18d84ad-457a-4408-b85b-790fb21d381c
21-11-2025,16:03,21-11-2025,CISCO SYSTEMS INC,US17275R1023,Ingreso Cambio de Divisa,,EUR,"527,20",EUR,"17393,09",c18d84ad-457a-4408-b85b-790fb21d381c
21-11-2025,16:03,21-11-2025,CISCO SYSTEMS INC,US17275R1023,Costes de transacción y/o externos de DEGIRO,,EUR,"-2,00",EUR,"16865,89",c18d84ad-457a-4408-b85b-790fb21d381c
21-11-2025,16:03,21-11-2025,CISCO SYSTEMS INC,US17275R1023,"Venta 8 Cisco Systems Inc@76,1 USD (US17275R1023)",,USD,"608,80",USD,"608,80",c18d84ad-457a-4408-b85b-790fb21d381c
21-11-2025,16:00,21-11-2025,DUKE ENERGY CORP,US26441C2044,Retirada Cambio de Divisa,"1,1544",USD,"-366,60",USD,"0,00",4e8898b7-da9c-4edf-a95b-4cc68d3c2e82
21-11-2025,16:00,21-11-2025,DUKE ENERGY CORP,US26441C2044,Ingreso Cambio de Divisa,,EUR,"317,57",EUR,"16867,89",4e8898b7-da9c-4edf-a95b-4cc68d3c2e82
21-11-2025,16:00,21-11-2025,DUKE ENERGY CORP,US26441C2044,Costes de transacción y/o externos de DEGIRO,,EUR,"-2,00",EUR,"16550,32",4e8898b7-da9c-4edf-a95b-4cc68d3c2e82
21-11-2025,16:00,21-11-2025,DUKE ENERGY CORP,US26441C2044,"Venta 3 Duke Energy Corp@122,2 USD (US26441C2044)",,USD,"366,60",USD,"366,60",4e8898b7-da9c-4edf-a95b-4cc68d3c2e82
21-11-2025,15:53,21-11-2025,ALPHABET INC CLASS A,US02079K3059,Retirada Cambio de Divisa,"1,1544",USD,"-4515,00",USD,"0,00",6a93fa23-8b0f-41ca-bc48-e99e6c1e519b
21-11-2025,15:53,21-11-2025,ALPHABET INC CLASS A,US02079K3059,Ingreso Cambio de Divisa,,EUR,"3911,19",EUR,"16552,32",6a93fa23-8b0f-41ca-bc48-e99e6c1e519b
21-11-2025,15:53,21-11-2025,ALPHABET INC CLASS A,US02079K3059,Costes de transacción y/o externos de DEGIRO,,EUR,"-2,00",EUR,"12641,13",6a93fa23-8b0f-41ca-bc48-e99e6c1e519b
21-11-2025,15:53,21-11-2025,ALPHABET INC CLASS A,US02079K3059,Venta 15 Alphabet Inc Class A@301 USD (US02079K3059),,USD,"4515,00",USD,"4515,00",6a93fa23-8b0f-41ca-bc48-e99e6c1e519b
21-11-2025,15:51,21-11-2025,ASML HOLDING NV,NL0010273215,Costes de transacción y/o externos de DEGIRO,,EUR,"-4,90",EUR,"12643,13",e326d2b2-15bd-41b4-9e16-48dba88f1037
21-11-2025,15:51,21-11-2025,ASML HOLDING NV,NL0010273215,Venta 1 ASML Holding NV@838 EUR (NL0010273215),,EUR,"838,00",EUR,"12648,03",e326d2b2-15bd-41b4-9e16-48dba88f1037
21-11-2025,15:51,21-11-2025,ASML HOLDING NV,NL0010273215,Venta 1 ASML Holding NV@838 EUR (NL0010273215),,EUR,"838,00",EUR,"11810,03",e326d2b2-15bd-41b4-9e16-48dba88f1037
21-11-2025,15:51,21-11-2025,ASML HOLDING NV,NL0010273215,Venta 1 ASML Holding NV@838 EUR (NL0010273215),,EUR,"838,00",EUR,"10972,03",e326d2b2-15bd-41b4-9e16-48dba88f1037
21-11-2025,15:50,21-11-2025,ROBINHOOD MARKETS INC CLASS A,US7707001027,Retirada Cambio de Divisa,"1,1545",USD,"-3240,00",USD,"0,00",26c4f6bd-37f7-4569-8401-095dbe869ba7
21-11-2025,15:50,21-11-2025,ROBINHOOD MARKETS INC CLASS A,US7707001027,Ingreso Cambio de Divisa,,EUR,"2806,46",EUR,"10134,03",26c4f6bd-37f7-4569-8401-095dbe869ba7
21-11-2025,15:50,21-11-2025,ROBINHOOD MARKETS INC CLASS A,US7707001027,Costes de transacción y/o externos de DEGIRO,,EUR,"-2,00",EUR,"7327,57",26c4f6bd-37f7-4569-8401-095dbe869ba7
21-11-2025,15:50,21-11-2025,ROBINHOOD MARKETS INC CLASS A,US7707001027,Venta 30 Robinhood Markets Inc Class A@108 USD (US7707001027),,USD,"3240,00",USD,"3240,00",26c4f6bd-37f7-4569-8401-095dbe869ba7
21-11-2025,15:49,21-11-2025,AST SPACEMOBILE INC CLASS A,US00217D1000,Retirada Cambio de Divisa,"1,1543",USD,"-3015,30",USD,"0,00",a40849de-1690-410b-9886-51db00f9f143
21-11-2025,15:49,21-11-2025,AST SPACEMOBILE INC CLASS A,US00217D1000,Ingreso Cambio de Divisa,,EUR,"2612,28",EUR,"7329,57",a40849de-1690-410b-9886-51db00f9f143
21-11-2025,15:49,21-11-2025,AST SPACEMOBILE INC CLASS A,US00217D1000,Costes de transacción y/o externos de DEGIRO,,EUR,"-2,00",EUR,"4717,29",a40849de-1690-410b-9886-51db00f9f143
21-11-2025,15:49,21-11-2025,AST SPACEMOBILE INC CLASS A,US00217D1000,"Venta 57 AST SpaceMobile Inc Class A@52,9 USD (US00217D1000)",,USD,"3015,30",USD,"3015,30",a40849de-1690-410b-9886-51db00f9f143
18-11-2025,12:00,18-11-2025,,,"Transferir a su Cuenta de Efectivo en flatexDEGIRO Bank: 4.705,86 EUR",,,,EUR,"4719,29",
18-11-2025,12:00,18-11-2025,,,Degiro Cash Sweep Transfer,,EUR,"-4705,86",EUR,"13,43",
18-11-2025,09:33,18-11-2025,INVESCO PHYSICAL GOLD ETC,IE00B579F325,Costes de transacción y/o externos de DEGIRO,,EUR,"-3,00",EUR,"4719,29",c9bfb508-c929-40c2-b1df-d4f9a543e08a
18-11-2025,09:33,18-11-2025,INVESCO PHYSICAL GOLD ETC,IE00B579F325,"Venta 3 Invesco Physical Gold ETC@334,7 EUR (IE00B579F325)",,EUR,"1004,10",EUR,"4722,29",c9bfb508-c929-40c2-b1df-d4f9a543e08a
18-11-2025,09:04,18-11-2025,SERABI GOLD PLC,GB00BG5NDX91,Retirada Cambio de Divisa,"88,3306",GBP,"-3276,75",GBP,"0,00",7549322c-c7e4-47be-b82f-8a1a12ee0464
18-11-2025,09:04,18-11-2025,SERABI GOLD PLC,GB00BG5NDX91,Ingreso Cambio de Divisa,,EUR,"3709,66",EUR,"3718,19",7549322c-c7e4-47be-b82f-8a1a12ee0464
18-11-2025,09:04,18-11-2025,SERABI GOLD PLC,GB00BG5NDX91,Costes de transacción y/o externos de DEGIRO,,EUR,"-4,90",EUR,"8,53",7549322c-c7e4-47be-b82f-8a1a12ee0464
18-11-2025,09:04,18-11-2025,SERABI GOLD PLC,GB00BG5NDX91,Venta 1.275 Serabi Gold PLC@257 GBX (GB00BG5NDX91),,GBP,"3276,75",GBP,"3276,75",7549322c-c7e4-47be-b82f-8a1a12ee0464
18-11-2025,08:30,18-11-2025,,,"Transferir a su Cuenta de Efectivo en flatexDEGIRO Bank: 13,43 EUR",,,,EUR,"13,43",
18-11-2025,08:30,18-11-2025,,,Degiro Cash Sweep Transfer,,EUR,"-13,43",EUR,"0,00",
18-11-2025,06:43,17-11-2025,,,Ingreso Cambio de Divisa,,EUR,"13,43",EUR,"13,43",
18-11-2025,06:43,17-11-2025,,,Retirada Cambio de Divisa,"1,1620",USD,"-15,61",USD,"0,00",
17-11-2025,08:31,14-11-2025,,,Comisión por Acción Corporativa,,USD,"-0,15",USD,"15,61",
17-11-2025,08:30,14-11-2025,MAIN STREET CAPITAL CORP,US56035L1044,Dividendo,,USD,"1,79",USD,"15,76",
17-11-2025,08:30,14-11-2025,MAIN STREET CAPITAL CORP,US56035L1044,Retención del dividendo,,USD,"-0,27",USD,"13,97",
17-11-2025,08:10,14-11-2025,,,Comisión por Acción Corporativa,,USD,"-1,12",USD,"14,24",
17-11-2025,08:09,14-11-2025,REALTY INCOME CORP,US7561091049,Retención del dividendo,,USD,"-1,98",USD,"15,36",
17-11-2025,08:09,14-11-2025,REALTY INCOME CORP,US7561091049,Dividendo,,USD,"13,21",USD,"17,34",
17-11-2025,08:02,14-11-2025,,,Comisión por Acción Corporativa,,USD,"-0,46",USD,"4,13",
17-11-2025,08:02,14-11-2025,NNN REIT INC,US6374171063,Dividendo,,USD,"5,40",USD,"4,59",
17-11-2025,08:02,14-11-2025,NNN REIT INC,US6374171063,Retención del dividendo,,USD,"-0,81",USD,"-0,81",
07-11-2025,10:25,07-11-2025,,,Retirada SEPA inmediata,,EUR,"-1011,30",EUR,"0,00",
07-11-2025,10:10,07-11-2025,,,"Transferir a su Cuenta de Efectivo en flatexDEGIRO Bank: 3,67 EUR",,,,EUR,"1011,30",
07-11-2025,10:10,07-11-2025,,,Degiro Cash Sweep Transfer,,EUR,"-3,67",EUR,"1007,63",
07-11-2025,07:36,06-11-2025,,,Comisión por Acción Corporativa,,EUR,"-0,41",EUR,"1011,30",
07-11-2025,07:31,06-11-2025,ASML HOLDING NV,NL0010273215,Dividendo,,EUR,"4,80",EUR,"1011,71",
07-11-2025,07:31,06-11-2025,ASML HOLDING NV,NL0010273215,Retención del dividendo,,EUR,"-0,72",EUR,"1006,91",
06-11-2025,07:32,06-11-2025,,,"Transferir a su Cuenta de Efectivo en flatexDEGIRO Bank: 0,51 EUR",,,,EUR,"1007,63",
06-11-2025,07:32,06-11-2025,,,Degiro Cash Sweep Transfer,,EUR,"-0,51",EUR,"1007,12",
06-11-2025,06:31,05-11-2025,,,Ingreso Cambio de Divisa,,EUR,"0,51",EUR,"1007,63",
06-11-2025,06:31,05-11-2025,,,Retirada Cambio de Divisa,"1,1522",USD,"-0,59",USD,"0,00",
05-11-2025,09:14,03-11-2025,,,Comisión por Acción Corporativa,,USD,"0,59",USD,"0,59",
05-11-2025,08:40,05-11-2025,,,"Transferir a su Cuenta de Efectivo en flatexDEGIRO Bank: 26,72 EUR",,,,EUR,"1007,12",
05-11-2025,08:40,05-11-2025,,,Degiro Cash Sweep Transfer,,EUR,"-26,72",EUR,"980,40",
05-11-2025,07:43,05-11-2025,,,"Transferir a su Cuenta de Efectivo en flatexDEGIRO Bank: 4,07 EUR",,,,EUR,"1007,12",
05-11-2025,07:43,05-11-2025,,,Degiro Cash Sweep Transfer,,EUR,"-4,07",EUR,"1003,05",
05-11-2025,07:22,04-11-2025,,,Comisión por Acción Corporativa,,EUR,"-1,86",EUR,"1007,12",
05-11-2025,07:21,04-11-2025,INDUSTRIA DE DISENO TEXTIL SA,ES0148396007,Retención del dividendo,,EUR,"-6,70",EUR,"1008,98",
05-11-2025,07:21,04-11-2025,INDUSTRIA DE DISENO TEXTIL SA,ES0148396007,Dividendo,,EUR,"35,28",EUR,"1015,68",
05-11-2025,06:31,04-11-2025,,,Ingreso Cambio de Divisa,,EUR,"4,07",EUR,"980,40",
05-11-2025,06:31,04-11-2025,,,Retirada Cambio de Divisa,"1,1511",USD,"-4,68",USD,"0,00",
04-11-2025,09:05,03-11-2025,VERIZON COMMUNICATIONS INC,US92343V1044,Retención del dividendo,,USD,"1,04",USD,"4,68",
04-11-2025,09:05,03-11-2025,VERIZON COMMUNICATIONS INC,US92343V1044,Dividendo,,USD,"-6,90",USD,"3,64",
04-11-2025,09:04,03-11-2025,,,Comisión por Acción Corporativa,,USD,"-0,59",USD,"10,54",
04-11-2025,09:03,03-11-2025,VERIZON COMMUNICATIONS INC,US92343V1044,Dividendo,,USD,"6,90",USD,"11,13",
04-11-2025,09:03,03-11-2025,VERIZON COMMUNICATIONS INC,US92343V1044,Retención del dividendo,,USD,"-1,04",USD,"4,23",
04-11-2025,07:21,03-11-2025,,,Comisión por Acción Corporativa,,USD,"-0,59",USD,"5,27",
04-11-2025,07:20,03-11-2025,VERIZON COMMUNICATIONS INC,US92343V1044,Dividendo,,USD,"6,90",USD,"5,86",
04-11-2025,07:20,03-11-2025,VERIZON COMMUNICATIONS INC,US92343V1044,Retención del dividendo,,USD,"-1,04",USD,"-1,04",
03-11-2025,03:51,03-11-2025,,,"Transferir a su Cuenta de Efectivo en flatexDEGIRO Bank: 0,23 EUR",,,,EUR,"976,33",
03-11-2025,03:51,03-11-2025,,,Degiro Cash Sweep Transfer,,EUR,"-0,23",EUR,"976,10",
01-11-2025,06:30,31-10-2025,,,Ingreso Cambio de Divisa,,EUR,"0,23",EUR,"976,33",
01-11-2025,06:30,31-10-2025,,,Retirada Cambio de Divisa,"1,1566",USD,"-0,27",USD,"0,00",
31-10-2025,17:31,31-10-2025,,,"Transferir desde su Cuenta de Efectivo en flatexDEGIRO Bank: 972,44 EUR",,,,EUR,"976,10",
31-10-2025,17:31,31-10-2025,,,Degiro Cash Sweep Transfer,,EUR,"972,44",EUR,"1948,54",
31-10-2025,16:52,31-10-2025,,,"Transferir a su Cuenta de Efectivo en flatexDEGIRO Bank: 972,44 EUR",,,,EUR,"976,10",
31-10-2025,16:52,31-10-2025,,,Degiro Cash Sweep Transfer,,EUR,"-972,44",EUR,"3,66",
31-10-2025,16:00,31-10-2025,,,"Transferir a su Cuenta de Efectivo en flatexDEGIRO Bank: 972,44 EUR",,,,EUR,"976,10",
31-10-2025,16:00,31-10-2025,,,Degiro Cash Sweep Transfer,,EUR,"-972,44",EUR,"3,66",
31-10-2025,15:10,16-09-2025,,,Comisión por Acción Corporativa,,USD,"0,27",USD,"0,27",
31-10-2025,14:30,31-10-2025,MAGNA INTERNATIONAL INC,CA5592224011,Retirada Cambio de Divisa,"1,1576",USD,"-1128,00",USD,"0,00",2a5f3628-adb7-4353-aa42-3f3c57531793
31-10-2025,14:30,31-10-2025,MAGNA INTERNATIONAL INC,CA5592224011,Ingreso Cambio de Divisa,,EUR,"974,44",EUR,"976,10",2a5f3628-adb7-4353-aa42-3f3c57531793
31-10-2025,14:30,31-10-2025,MAGNA INTERNATIONAL INC,CA5592224011,Costes de transacción y/o externos de DEGIRO,,EUR,"-2,00",EUR,"1,66",2a5f3628-adb7-4353-aa42-3f3c57531793
31-10-2025,14:30,31-10-2025,MAGNA INTERNATIONAL INC,CA5592224011,Venta 24 Magna International Inc@47 USD (CA5592224011),,USD,"1128,00",USD,"1128,00",2a5f3628-adb7-4353-aa42-3f3c57531793
31-10-2025,07:32,31-10-2025,,,"Transferir a su Cuenta de Efectivo en flatexDEGIRO Bank: 3,66 EUR",,,,EUR,"3,66",
31-10-2025,07:32,31-10-2025,,,Degiro Cash Sweep Transfer,,EUR,"-3,66",EUR,"0,00",
31-10-2025,06:30,30-10-2025,,,Ingreso Cambio de Divisa,,EUR,"3,66",EUR,"3,66",
31-10-2025,06:30,30-10-2025,,,Retirada Cambio de Divisa,"1,6211",CAD,"-5,94",CAD,"0,00",
30-10-2025,07:13,29-10-2025,,,Comisión por Acción Corporativa,,CAD,"-0,66",CAD,"5,94",
30-10-2025,07:12,29-10-2025,BANK OF NOVA SCOTIA,CA0641491075,Retención del dividendo,,CAD,"-2,20",CAD,"6,60",
30-10-2025,07:12,29-10-2025,BANK OF NOVA SCOTIA,CA0641491075,Dividendo,,CAD,"8,80",CAD,"8,80",
29-10-2025,09:56,29-10-2025,,,Retirada SEPA inmediata,,EUR,"-1563,14",EUR,"0,00",
28-10-2025,19:00,28-10-2025,,,"Transferir a su Cuenta de Efectivo en flatexDEGIRO Bank: 295,81 EUR",,,,EUR,"1563,14",
28-10-2025,19:00,28-10-2025,,,Degiro Cash Sweep Transfer,,EUR,"-295,81",EUR,"1267,33",
28-10-2025,15:31,28-10-2025,EXXON MOBIL CORP,US30231G1022,Retirada Cambio de Divisa,"1,1685",USD,"-348,00",USD,"0,00",b5ec341c-a9ac-41f6-91eb-f6cd82048396
28-10-2025,15:31,28-10-2025,EXXON MOBIL CORP,US30231G1022,Ingreso Cambio de Divisa,,EUR,"297,81",EUR,"1563,14",b5ec341c-a9ac-41f6-91eb-f6cd82048396
28-10-2025,15:31,28-10-2025,EXXON MOBIL CORP,US30231G1022,Costes de transacción y/o externos de DEGIRO,,EUR,"-2,00",EUR,"1265,33",b5ec341c-a9ac-41f6-91eb-f6cd82048396
28-10-2025,15:31,28-10-2025,EXXON MOBIL CORP,US30231G1022,Venta 3 Exxon Mobil Corp@116 USD (US30231G1022),,USD,"348,00",USD,"348,00",b5ec341c-a9ac-41f6-91eb-f6cd82048396
27-10-2025,18:32,27-10-2025,,,"Transferir a su Cuenta de Efectivo en flatexDEGIRO Bank: 199,42 EUR",,,,EUR,"1267,33",
27-10-2025,18:32,27-10-2025,,,Degiro Cash Sweep Transfer,,EUR,"-199,42",EUR,"1067,91",
27-10-2025,16:27,27-10-2025,ENBRIDGE INC,CA29250N1050,Retirada Cambio de Divisa,"1,1667",USD,"-235,00",USD,"0,00",7ec1ee37-74ff-4ce5-9cdc-c3141c0eb066
27-10-2025,16:27,27-10-2025,ENBRIDGE INC,CA29250N1050,Ingreso Cambio de Divisa,,EUR,"201,42",EUR,"1267,33",7ec1ee37-74ff-4ce5-9cdc-c3141c0eb066
27-10-2025,16:27,27-10-2025,ENBRIDGE INC,CA29250N1050,Costes de transacción y/o externos de DEGIRO,,EUR,"-2,00",EUR,"1065,91",7ec1ee37-74ff-4ce5-9cdc-c3141c0eb066
27-10-2025,16:27,27-10-2025,ENBRIDGE INC,CA29250N1050,Venta 5 Enbridge Inc@47 USD (CA29250N1050),,USD,"235,00",USD,"235,00",7ec1ee37-74ff-4ce5-9cdc-c3141c0eb066
24-10-2025,07:31,24-10-2025,,,"Transferir a su Cuenta de Efectivo en flatexDEGIRO Bank: 2,15 EUR",,,,EUR,"1067,91",
24-10-2025,07:31,24-10-2025,,,Degiro Cash Sweep Transfer,,EUR,"-2,15",EUR,"1065,76",
24-10-2025,06:35,23-10-2025,,,Ingreso Cambio de Divisa,,EUR,"2,15",EUR,"1067,91",
24-10-2025,06:35,23-10-2025,,,Retirada Cambio de Divisa,"1,1647",USD,"-2,51",USD,"0,00",
23-10-2025,07:09,22-10-2025,,,Comisión por Acción Corporativa,,USD,"-0,28",USD,"2,51",
23-10-2025,07:08,22-10-2025,CISCO SYSTEMS INC,US17275R1023,Dividendo,,USD,"3,28",USD,"2,79",
23-10-2025,07:08,22-10-2025,CISCO SYSTEMS INC,US17275R1023,Retención del dividendo,,USD,"-0,49",USD,"-0,49",
20-10-2025,13:50,20-10-2025,,,"Transferir desde su Cuenta de Efectivo en flatexDEGIRO Bank: 1.188,48 EUR",,,,EUR,"1065,76",
20-10-2025,13:50,20-10-2025,,,Degiro Cash Sweep Transfer,,EUR,"1188,48",EUR,"2254,24",
20-10-2025,13:13,20-10-2025,,,"Transferir a su Cuenta de Efectivo en flatexDEGIRO Bank: 2.224,85 EUR",,,,EUR,"1065,76",
20-10-2025,13:13,20-10-2025,,,Degiro Cash Sweep Transfer,,EUR,"-2224,85",EUR,"-1159,09",
20-10-2025,10:51,20-10-2025,NOVO NORDISK A/S CLASS B,DK0062498333,Ingreso Cambio de Divisa,"7,4498",DKK,"8817,50",DKK,"0,00",e97cabfa-7f94-463b-8fce-e8f9dfd31568
20-10-2025,10:51,20-10-2025,NOVO NORDISK A/S CLASS B,DK0062498333,Retirada Cambio de Divisa,,EUR,"-1183,58",EUR,"1065,76",e97cabfa-7f94-463b-8fce-e8f9dfd31568
20-10-2025,10:51,20-10-2025,NOVO NORDISK A/S CLASS B,DK0062498333,Costes de transacción y/o externos de DEGIRO,,EUR,"-4,90",EUR,"2249,34",e97cabfa-7f94-463b-8fce-e8f9dfd31568
20-10-2025,10:51,20-10-2025,NOVO NORDISK A/S CLASS B,DK0062498333,"Compra 25 Novo Nordisk A/S Class B@352,7 DKK (DK0062498333)",,DKK,"-8817,50",DKK,"-8817,50",e97cabfa-7f94-463b-8fce-e8f9dfd31568
20-10-2025,09:00,20-10-2025,ZEGONA COMMUNICATIONS PLC,GB00BVGBY890,Retirada Cambio de Divisa,"87,1179",GBP,"-1942,50",GBP,"0,00",daf68bd0-d193-4be6-b408-58dc25721c88
20-10-2025,09:00,20-10-2025,ZEGONA COMMUNICATIONS PLC,GB00BVGBY890,Ingreso Cambio de Divisa,,EUR,"2229,75",EUR,"2254,24",daf68bd0-d193-4be6-b408-58dc25721c88
20-10-2025,09:00,20-10-2025,ZEGONA COMMUNICATIONS PLC,GB00BVGBY890,Costes de transacción y/o externos de DEGIRO,,EUR,"-4,90",EUR,"24,49",daf68bd0-d193-4be6-b408-58dc25721c88
20-10-2025,09:00,20-10-2025,ZEGONA COMMUNICATIONS PLC,GB00BVGBY890,Venta 150 Zegona Communications PLC@1.295 GBX (GB00BVGBY890),,GBP,"1942,50",GBP,"1942,50",daf68bd0-d193-4be6-b408-58dc25721c88
17-10-2025,08:32,17-10-2025,,,"Transferir a su Cuenta de Efectivo en flatexDEGIRO Bank: 15,15 EUR",,,,EUR,"29,39",
17-10-2025,08:32,17-10-2025,,,Degiro Cash Sweep Transfer,,EUR,"-15,15",EUR,"14,24",
17-10-2025,06:39,16-10-2025,,,Ingreso Cambio de Divisa,,EUR,"15,15",EUR,"29,39",
17-10-2025,06:39,16-10-2025,,,Retirada Cambio de Divisa,"1,1717",USD,"-17,75",USD,"0,00",
16-10-2025,07:47,15-10-2025,MAIN STREET CAPITAL CORP,US56035L1044,Dividendo,,USD,"1,79",USD,"17,75",
16-10-2025,07:47,15-10-2025,MAIN STREET CAPITAL CORP,US56035L1044,Retención del dividendo,,USD,"-0,27",USD,"15,96",
16-10-2025,07:43,15-10-2025,OCCIDENTAL PETROLEUM CORP,US6745991058,Dividendo,,USD,"7,20",USD,"16,23",
16-10-2025,07:43,15-10-2025,OCCIDENTAL PETROLEUM CORP,US6745991058,Retención del dividendo,,USD,"-1,08",USD,"9,03",
16-10-2025,07:38,15-10-2025,,,Comisión por Acción Corporativa,,USD,"-1,12",USD,"10,11",
16-10-2025,07:15,15-10-2025,REALTY INCOME CORP,US7561091049,Retención del dividendo,,USD,"-1,98",USD,"11,23",
16-10-2025,07:15,15-10-2025,REALTY INCOME CORP,US7561091049,Dividendo,,USD,"13,21",USD,"13,21",
14-10-2025,19:10,14-10-2025,,,"Transferir desde su Cuenta de Efectivo en flatexDEGIRO Bank: 2,5 EUR",,,,EUR,"14,24",
14-10-2025,19:10,14-10-2025,,,Degiro Cash Sweep Transfer,,EUR,"2,50",EUR,"16,74",
14-10-2025,16:58,30-09-2025,,,Comisión de conectividad con el mercado 2025 (Nasdaq Copenhagen AB - OMK),,EUR,"-2,50",EUR,"14,24",
07-10-2025,07:31,07-10-2025,,,Degiro Cash Sweep Transfer,,EUR,"-1,45",EUR,"16,74",
07-10-2025,07:31,07-10-2025,,,"Transferir a su Cuenta de Efectivo en flatexDEGIRO Bank: 1,45 EUR",,,,EUR,"18,19",
07-10-2025,06:32,06-10-2025,,,Ingreso Cambio de Divisa,,EUR,"1,45",EUR,"16,74",
07-10-2025,06:32,06-10-2025,,,Retirada Cambio de Divisa,"1,6373",CAD,"-2,38",CAD,"0,00",
07-10-2025,06:01,30-09-2025,,,Flatex Interest Income,,EUR,"0,00",EUR,"15,29",
06-10-2025,12:31,06-10-2025,,,Degiro Cash Sweep Transfer,,EUR,"185,11",EUR,"15,29",
06-10-2025,12:31,06-10-2025,,,"Transferir desde su Cuenta de Efectivo en flatexDEGIRO Bank: 185,11 EUR",,,,EUR,"-169,82",
06-10-2025,11:38,06-10-2025,ISHARES GOLD PRODUCERS UCITS ETF USD,IE00B6R52036,Costes de transacción y/o externos de DEGIRO,,EUR,"-1,00",EUR,"15,29",f10d83e6-f5ff-4e28-8b83-4f9fd068b78d
06-10-2025,11:38,06-10-2025,ISHARES GOLD PRODUCERS UCITS ETF USD,IE00B6R52036,"Compra 6 iShares Gold Producers UCITS ETF USD (Acc)@30,685 EUR (IE00B6R52036)",,EUR,"-184,11",EUR,"16,29",f10d83e6-f5ff-4e28-8b83-4f9fd068b78d
06-10-2025,07:35,03-10-2025,,,Comisión por Acción Corporativa,,CAD,"-0,27",CAD,"2,38",
06-10-2025,07:35,03-10-2025,CANADIAN NATURAL RESOURCES LTD,CA1363851017,Retención del dividendo,,CAD,"-0,88",CAD,"2,65",
06-10-2025,07:35,03-10-2025,CANADIAN NATURAL RESOURCES LTD,CA1363851017,Dividendo,,CAD,"3,53",CAD,"3,53",
30-09-2025,07:40,30-09-2025,,,Degiro Cash Sweep Transfer,,EUR,"-1,36",EUR,"200,40",
30-09-2025,07:40,30-09-2025,,,"Transferir a su Cuenta de Efectivo en flatexDEGIRO Bank: 1,36 EUR",,,,EUR,"201,76",
30-09-2025,06:37,29-09-2025,,,Ingreso Cambio de Divisa,,EUR,"1,36",EUR,"200,40",
30-09-2025,06:37,29-09-2025,,,Retirada Cambio de Divisa,"1,1755",USD,"-1,60",USD,"0,00",
29-09-2025,18:31,29-09-2025,,,Degiro Cash Sweep Transfer,,EUR,"-162,95",EUR,"199,04",
29-09-2025,18:31,29-09-2025,,,"Transferir a su Cuenta de Efectivo en flatexDEGIRO Bank: 162,95 EUR",,,,EUR,"361,99",
29-09-2025,17:09,29-09-2025,CANADIAN NATURAL RESOURCES LTD,CA1363851017,Retirada Cambio de Divisa,"1,1756",USD,"-193,92",USD,"1,60",e232b11b-4b91-429a-8f3f-833d2c5325c7
29-09-2025,17:09,29-09-2025,CANADIAN NATURAL RESOURCES LTD,CA1363851017,Ingreso Cambio de Divisa,,EUR,"164,95",EUR,"199,04",e232b11b-4b91-429a-8f3f-833d2c5325c7
29-09-2025,17:09,29-09-2025,CANADIAN NATURAL RESOURCES LTD,CA1363851017,Costes de transacción y/o externos de DEGIRO,,EUR,"-2,00",EUR,"34,09",e232b11b-4b91-429a-8f3f-833d2c5325c7
29-09-2025,17:09,29-09-2025,CANADIAN NATURAL RESOURCES LTD,CA1363851017,"Venta 6 Canadian Natural Resources Ltd@32,32 USD (CA1363851017)",,USD,"193,92",USD,"195,52",e232b11b-4b91-429a-8f3f-833d2c5325c7
29-09-2025,13:51,29-09-2025,,,Processed Flatex Withdrawal,,EUR,"6048,04",EUR,"36,09",
29-09-2025,13:51,29-09-2025,,,flatex Withdrawal,,EUR,"-6048,04",EUR,"-6011,95",
29-09-2025,13:31,29-09-2025,,,Degiro Cash Sweep Transfer,,EUR,"-463,91",EUR,"36,09",
29-09-2025,13:31,29-09-2025,,,"Transferir a su Cuenta de Efectivo en flatexDEGIRO Bank: 463,91 EUR",,,,EUR,"500,00",
29-09-2025,12:00,29-09-2025,,,Degiro Cash Sweep Transfer,,EUR,"463,91",EUR,"36,09",
29-09-2025,12:00,29-09-2025,,,"Transferir desde su Cuenta de Efectivo en flatexDEGIRO Bank: 463,91 EUR",,,,EUR,"-427,82",
29-09-2025,11:00,29-09-2025,,,Degiro Cash Sweep Transfer,,EUR,"463,91",EUR,"36,09",
29-09-2025,11:00,29-09-2025,,,"Transferir desde su Cuenta de Efectivo en flatexDEGIRO Bank: 463,91 EUR",,,,EUR,"-427,82",
29-09-2025,09:55,29-09-2025,NOVO NORDISK A/S CLASS B,DK0062498333,Ingreso Cambio de Divisa,"7,4455",DKK,"3800,50",DKK,"0,00",b2cf1012-1750-420a-a46a-aed0476cbae1
29-09-2025,09:55,29-09-2025,NOVO NORDISK A/S CLASS B,DK0062498333,Retirada Cambio de Divisa,,EUR,"-510,44",EUR,"36,09",b2cf1012-1750-420a-a46a-aed0476cbae1
29-09-2025,09:55,29-09-2025,NOVO NORDISK A/S CLASS B,DK0062498333,Ingreso Cambio de Divisa,"7,4455",DKK,"1036,50",DKK,"-3800,50",b2cf1012-1750-420a-a46a-aed0476cbae1
29-09-2025,09:55,29-09-2025,NOVO NORDISK A/S CLASS B,DK0062498333,Retirada Cambio de Divisa,,EUR,"-139,21",EUR,"546,53",b2cf1012-1750-420a-a46a-aed0476cbae1
29-09-2025,09:55,29-09-2025,NOVO NORDISK A/S CLASS B,DK0062498333,Ingreso Cambio de Divisa,"7,4455",DKK,"2764,00",DKK,"-4837,00",b2cf1012-1750-420a-a46a-aed0476cbae1
29-09-2025,09:55,29-09-2025,NOVO NORDISK A/S CLASS B,DK0062498333,Retirada Cambio de Divisa,,EUR,"-371,23",EUR,"685,74",b2cf1012-1750-420a-a46a-aed0476cbae1
29-09-2025,09:55,29-09-2025,NOVO NORDISK A/S CLASS B,DK0062498333,Costes de transacción y/o externos de DEGIRO,,EUR,"-4,90",EUR,"1056,97",b2cf1012-1750-420a-a46a-aed0476cbae1
29-09-2025,09:55,29-09-2025,NOVO NORDISK A/S CLASS B,DK0062498333,"Compra 11 Novo Nordisk A/S Class B@345,5 DKK (DK0062498333)",,DKK,"-3800,50",DKK,"-7601,00",b2cf1012-1750-420a-a46a-aed0476cbae1
29-09-2025,09:55,29-09-2025,NOVO NORDISK A/S CLASS B,DK0062498333,"Compra 3 Novo Nordisk A/S Class B@345,5 DKK (DK0062498333)",,DKK,"-1036,50",DKK,"-3800,50",b2cf1012-1750-420a-a46a-aed0476cbae1
29-09-2025,09:55,29-09-2025,NOVO NORDISK A/S CLASS B,DK0062498333,"Compra 8 Novo Nordisk A/S Class B@345,5 DKK (DK0062498333)",,DKK,"-2764,00",DKK,"-2764,00",b2cf1012-1750-420a-a46a-aed0476cbae1
29-09-2025,09:06,29-09-2025,BRISTOL-MYERS SQUIBB CO,US1101221083,Costes de transacción y/o externos de DEGIRO,,EUR,"-4,90",EUR,"1061,87",ffbefdff-2f02-4ae5-9259-2797cef4ca18
29-09-2025,09:06,29-09-2025,BRISTOL-MYERS SQUIBB CO,US1101221083,"Venta 15 Bristol-Myers Squibb Co@37,785 EUR (US1101221083)",,EUR,"566,78",EUR,"1066,77",ffbefdff-2f02-4ae5-9259-2797cef4ca18
29-09-2025,07:58,26-09-2025,,,Comisión por Acción Corporativa,,USD,"-0,18",USD,"1,60",
29-09-2025,07:57,26-09-2025,MAIN STREET CAPITAL CORP,US56035L1044,Dividendo,,USD,"2,10",USD,"1,78",
29-09-2025,07:57,26-09-2025,MAIN STREET CAPITAL CORP,US56035L1044,Retención del dividendo,,USD,"-0,32",USD,"-0,32",
28-09-2025,19:50,28-09-2025,,,flatex Deposit,,EUR,"500,00",EUR,"500,00",
27-09-2025,20:43,27-09-2025,,,Processed Flatex Withdrawal,,EUR,"-6048,04",EUR,"0,00",
25-09-2025,21:20,25-09-2025,,,Degiro Cash Sweep Transfer,,EUR,"911,30",EUR,"6048,04",
25-09-2025,21:20,25-09-2025,,,"Transferir desde su Cuenta de Efectivo en flatexDEGIRO Bank: 911,3 EUR",,,,EUR,"5136,74",
25-09-2025,20:13,25-09-2025,ADOBE INC,US00724F1012,Ingreso Cambio de Divisa,"1,1620",USD,"1056,60",USD,"0,00",5533281c-156e-4efa-864b-09ef8e8a9ef1
25-09-2025,20:13,25-09-2025,ADOBE INC,US00724F1012,Retirada Cambio de Divisa,,EUR,"-909,30",EUR,"6048,04",5533281c-156e-4efa-864b-09ef8e8a9ef1
25-09-2025,20:13,25-09-2025,ADOBE INC,US00724F1012,Costes de transacción y/o externos de DEGIRO,,EUR,"-2,00",EUR,"6957,34",5533281c-156e-4efa-864b-09ef8e8a9ef1
25-09-2025,20:13,25-09-2025,ADOBE INC,US00724F1012,"Compra 3 Adobe Inc@352,2 USD (US00724F1012)",,USD,"-1056,60",USD,"-1056,60",5533281c-156e-4efa-864b-09ef8e8a9ef1
23-09-2025,07:30,23-09-2025,,,Degiro Cash Sweep Transfer,,EUR,"1,51",EUR,"6959,34",
23-09-2025,07:30,23-09-2025,,,"Transferir desde su Cuenta de Efectivo en flatexDEGIRO Bank: 1,51 EUR",,,,EUR,"6957,83",
23-09-2025,06:31,22-09-2025,,,Retirada Cambio de Divisa,,EUR,"-1,51",EUR,"6959,34",
23-09-2025,06:31,22-09-2025,,,Ingreso Cambio de Divisa,"1,1770",USD,"1,78",USD,"0,00",
22-09-2025,09:23,27-06-2025,MAIN STREET CAPITAL CORP,US56035L1044,Retención del dividendo,,USD,"0,32",USD,"-1,78",
22-09-2025,09:23,27-06-2025,MAIN STREET CAPITAL CORP,US56035L1044,Dividendo,,USD,"-2,10",USD,"-2,10",
22-09-2025,03:50,22-09-2025,,,Degiro Cash Sweep Transfer,,EUR,"-1,36",EUR,"6960,85",
22-09-2025,03:50,22-09-2025,,,"Transferir a su Cuenta de Efectivo en flatexDEGIRO Bank: 1,36 EUR",,,,EUR,"6962,21",
20-09-2025,06:36,19-09-2025,,,Ingreso Cambio de Divisa,,EUR,"1,36",EUR,"6960,85",
20-09-2025,06:36,19-09-2025,,,Retirada Cambio de Divisa,"1,1776",USD,"-1,60",USD,"0,00",
19-09-2025,19:02,27-06-2025,,,Comisión por Acción Corporativa,,USD,"-0,18",USD,"1,60",
19-09-2025,19:01,27-06-2025,MAIN STREET CAPITAL CORP,US56035L1044,Dividendo,,USD,"2,10",USD,"1,78",
19-09-2025,19:01,27-06-2025,MAIN STREET CAPITAL CORP,US56035L1044,Retención del dividendo,,USD,"-0,32",USD,"-0,32",
18-09-2025,18:31,18-09-2025,,,"Transferir desde su Cuenta de Efectivo en flatexDEGIRO Bank: 912,48 EUR",,,,EUR,"6959,49",
18-09-2025,18:31,18-09-2025,,,Degiro Cash Sweep Transfer,,EUR,"912,48",EUR,"7871,97",
18-09-2025,17:22,18-09-2025,ADR ON TAIWAN SEMICONDUCTOR,US8740391003,Ingreso Cambio de Divisa,"1,1756",USD,"1070,32",USD,"0,00",9997087f-baec-41f6-b3e3-5f5f0ee7d985
18-09-2025,17:22,18-09-2025,ADR ON TAIWAN SEMICONDUCTOR,US8740391003,Retirada Cambio de Divisa,,EUR,"-910,48",EUR,"6959,49",9997087f-baec-41f6-b3e3-5f5f0ee7d985
18-09-2025,17:22,18-09-2025,ADR ON TAIWAN SEMICONDUCTOR,US8740391003,Costes de transacción y/o externos de DEGIRO,,EUR,"-2,00",EUR,"7869,97",9997087f-baec-41f6-b3e3-5f5f0ee7d985
18-09-2025,17:22,18-09-2025,ADR ON TAIWAN SEMICONDUCTOR,US8740391003,"Compra 4 ADR on Taiwan Semiconductor Manufacturing Co Ltd@267,58 USD (US8740391003)",,USD,"-1070,32",USD,"-1070,32",9997087f-baec-41f6-b3e3-5f5f0ee7d985
18-09-2025,07:43,18-09-2025,,,"Transferir a su Cuenta de Efectivo en flatexDEGIRO Bank: 1,84 EUR",,,,EUR,"7871,97",
18-09-2025,07:43,18-09-2025,,,Degiro Cash Sweep Transfer,,EUR,"-1,84",EUR,"7870,13",
18-09-2025,06:30,17-09-2025,,,Ingreso Cambio de Divisa,,EUR,"1,84",EUR,"7871,97",
18-09-2025,06:30,17-09-2025,,,Retirada Cambio de Divisa,"1,1843",USD,"-2,18",USD,"0,00",
17-09-2025,12:10,17-09-2025,,,"Transferir a su Cuenta de Efectivo en flatexDEGIRO Bank: 16,18 EUR",,,,EUR,"7870,13",
17-09-2025,12:10,17-09-2025,,,Degiro Cash Sweep Transfer,,EUR,"-16,18",EUR,"7853,95",
17-09-2025,07:23,16-09-2025,,,Comisión por Acción Corporativa,,USD,"-0,27",USD,"2,18",
17-09-2025,07:22,16-09-2025,,,Comisión por Acción Corporativa,,USD,"-0,27",USD,"2,45",
17-09-2025,07:21,16-09-2025,DUKE ENERGY CORP,US26441C2044,Dividendo,,USD,"3,20",USD,"2,72",
17-09-2025,07:21,16-09-2025,DUKE ENERGY CORP,US26441C2044,Retención del dividendo,,USD,"-0,48",USD,"-0,48",
17-09-2025,07:07,16-09-2025,,,Ingreso Cambio de Divisa,,EUR,"16,18",EUR,"7870,13",
17-09-2025,07:07,16-09-2025,,,Retirada Cambio de Divisa,"1,1896",USD,"-19,25",USD,"0,00",
16-09-2025,08:56,15-09-2025,,,Comisión por Acción Corporativa,,USD,"-0,30",USD,"19,25",
16-09-2025,08:51,15-09-2025,,,Comisión por Acción Corporativa,,USD,"-0,15",USD,"19,55",
16-09-2025,08:43,15-09-2025,,,Comisión por Acción Corporativa,,USD,"-1,12",USD,"19,70",
16-09-2025,08:22,15-09-2025,OLD REPUBLIC INTERNATIONAL CORP,US6802231042,Retención del dividendo,,USD,"-0,52",USD,"20,82",
16-09-2025,08:22,15-09-2025,OLD REPUBLIC INTERNATIONAL CORP,US6802231042,Dividendo,,USD,"3,48",USD,"21,34",
16-09-2025,08:17,15-09-2025,MAIN STREET CAPITAL CORP,US56035L1044,Dividendo,,USD,"1,79",USD,"17,86",
16-09-2025,08:17,15-09-2025,MAIN STREET CAPITAL CORP,US56035L1044,Retención del dividendo,,USD,"-0,27",USD,"16,07",
16-09-2025,07:52,15-09-2025,REALTY INCOME CORP,US7561091049,Retención del dividendo,,USD,"-1,98",USD,"16,34",
16-09-2025,07:52,15-09-2025,REALTY INCOME CORP,US7561091049,Dividendo,,USD,"13,18",USD,"18,32",
16-09-2025,07:49,15-09-2025,,,Comisión por Acción Corporativa,,USD,"-0,57",USD,"5,14",
16-09-2025,07:45,15-09-2025,ALPHABET INC CLASS A,US02079K3059,Dividendo,,USD,"6,72",USD,"5,71",
16-09-2025,07:45,15-09-2025,ALPHABET INC CLASS A,US02079K3059,Retención del dividendo,,USD,"-1,01",USD,"-1,01",
15-09-2025,17:41,15-09-2025,,,"Transferir desde su Cuenta de Efectivo en flatexDEGIRO Bank: 1.194,26 EUR",,,,EUR,"7853,95",
15-09-2025,17:41,15-09-2025,,,Degiro Cash Sweep Transfer,,EUR,"1194,26",EUR,"9048,21",
15-09-2025,16:22,15-09-2025,ADOBE INC,US00724F1012,Ingreso Cambio de Divisa,"1,1722",USD,"1397,52",USD,"0,00",450a5a9d-6809-4b2a-9256-17cab73ebaa0
15-09-2025,16:22,15-09-2025,ADOBE INC,US00724F1012,Retirada Cambio de Divisa,,EUR,"-1192,26",EUR,"7853,95",450a5a9d-6809-4b2a-9256-17cab73ebaa0
15-09-2025,16:22,15-09-2025,ADOBE INC,US00724F1012,Costes de transacción y/o externos de DEGIRO,,EUR,"-2,00",EUR,"9046,21",450a5a9d-6809-4b2a-9256-17cab73ebaa0
15-09-2025,16:22,15-09-2025,ADOBE INC,US00724F1012,"Compra 4 Adobe Inc@349,38 USD (US00724F1012)",,USD,"-1397,52",USD,"-1397,52",450a5a9d-6809-4b2a-9256-17cab73ebaa0
12-09-2025,17:10,12-09-2025,,,"Transferir a su Cuenta de Efectivo en flatexDEGIRO Bank: 676,8 EUR",,,,EUR,"9048,21",
12-09-2025,17:10,12-09-2025,,,Degiro Cash Sweep Transfer,,EUR,"-676,80",EUR,"8371,41",
12-09-2025,15:58,12-09-2025,ADR ON BAIDU INC CLASS A,US0567521085,Retirada Cambio de Divisa,"1,1744",USD,"-683,28",USD,"0,00",bdcce339-0af6-41cc-ab25-e9311b9d3311
12-09-2025,15:58,12-09-2025,ADR ON BAIDU INC CLASS A,US0567521085,Ingreso Cambio de Divisa,,EUR,"581,80",EUR,"9048,21",bdcce339-0af6-41cc-ab25-e9311b9d3311
12-09-2025,15:58,12-09-2025,ADR ON BAIDU INC CLASS A,US0567521085,Retirada Cambio de Divisa,"1,1744",USD,"-113,92",USD,"683,28",bdcce339-0af6-41cc-ab25-e9311b9d3311
12-09-2025,15:58,12-09-2025,ADR ON BAIDU INC CLASS A,US0567521085,Ingreso Cambio de Divisa,,EUR,"97,00",EUR,"8466,41",bdcce339-0af6-41cc-ab25-e9311b9d3311
12-09-2025,15:58,12-09-2025,ADR ON BAIDU INC CLASS A,US0567521085,Costes de transacción y/o externos de DEGIRO,,EUR,"-2,00",EUR,"8369,41",bdcce339-0af6-41cc-ab25-e9311b9d3311
12-09-2025,15:58,12-09-2025,ADR ON BAIDU INC CLASS A,US0567521085,"Venta 6 ADR on Baidu Inc Class A@113,88 USD (US0567521085)",,USD,"683,28",USD,"797,20",bdcce339-0af6-41cc-ab25-e9311b9d3311
12-09-2025,15:58,12-09-2025,ADR ON BAIDU INC CLASS A,US0567521085,"Venta 1 ADR on Baidu Inc Class A@113,92 USD (US0567521085)",,USD,"113,92",USD,"113,92",bdcce339-0af6-41cc-ab25-e9311b9d3311
12-09-2025,09:30,12-09-2025,,,"Transferir desde su Cuenta de Efectivo en flatexDEGIRO Bank: 13,05 EUR",,,,EUR,"8371,41",
12-09-2025,09:30,12-09-2025,,,Degiro Cash Sweep Transfer,,EUR,"13,05",EUR,"8384,46",
12-09-2025,08:41,12-09-2025,,,"Transferir a su Cuenta de Efectivo en flatexDEGIRO Bank: 13,05 EUR",,,,EUR,"8371,41",
12-09-2025,08:41,12-09-2025,,,Degiro Cash Sweep Transfer,,EUR,"-13,05",EUR,"8358,36",
12-09-2025,08:01,12-09-2025,,,"Transferir a su Cuenta de Efectivo en flatexDEGIRO Bank: 13,05 EUR",,,,EUR,"8371,41",
12-09-2025,08:01,12-09-2025,,,Degiro Cash Sweep Transfer,,EUR,"-13,05",EUR,"8358,36",
12-09-2025,06:42,11-09-2025,,,Ingreso Cambio de Divisa,,EUR,"13,05",EUR,"8371,41",
12-09-2025,06:42,11-09-2025,,,Retirada Cambio de Divisa,"1,1764",USD,"-15,35",USD,"0,00",
11-09-2025,07:46,10-09-2025,,,Comisión por Acción Corporativa,,USD,"-0,25",USD,"15,35",
11-09-2025,07:44,10-09-2025,,,Comisión por Acción Corporativa,,USD,"-1,45",USD,"15,60",
11-09-2025,07:44,10-09-2025,EXXON MOBIL CORP,US30231G1022,Retención del dividendo,,USD,"-0,45",USD,"17,05",
11-09-2025,07:44,10-09-2025,EXXON MOBIL CORP,US30231G1022,Dividendo,,USD,"2,97",USD,"17,50",
11-09-2025,07:43,10-09-2025,CHEVRON CORP,US1667641005,Dividendo,,USD,"17,10",USD,"14,53",
11-09-2025,07:43,10-09-2025,CHEVRON CORP,US1667641005,Retención del dividendo,,USD,"-2,57",USD,"-2,57",
08-09-2025,22:50,08-09-2025,,,"Transferir desde su Cuenta de Efectivo en flatexDEGIRO Bank: 500,71 EUR",,,,EUR,"8358,36",
08-09-2025,22:50,08-09-2025,,,Degiro Cash Sweep Transfer,,EUR,"500,71",EUR,"8859,07",
08-09-2025,21:20,08-09-2025,SKY HARBOUR GROUP CORP CLASS A,US83085C1071,Ingreso Cambio de Divisa,"1,1735",USD,"585,22",USD,"0,00",028ee085-12be-4262-956b-4b00183695e0
08-09-2025,21:20,08-09-2025,SKY HARBOUR GROUP CORP CLASS A,US83085C1071,Retirada Cambio de Divisa,,EUR,"-498,71",EUR,"8358,36",028ee085-12be-4262-956b-4b00183695e0
08-09-2025,21:20,08-09-2025,SKY HARBOUR GROUP CORP CLASS A,US83085C1071,Costes de transacción y/o externos de DEGIRO,,EUR,"-2,00",EUR,"8857,07",028ee085-12be-4262-956b-4b00183695e0
08-09-2025,21:20,08-09-2025,SKY HARBOUR GROUP CORP CLASS A,US83085C1071,"Compra 58 Sky Harbour Group Corp Class A@10,09 USD (US83085C1071)",,USD,"-585,22",USD,"-585,22",028ee085-12be-4262-956b-4b00183695e0
08-09-2025,11:10,08-09-2025,,,"Transferir a su Cuenta de Efectivo en flatexDEGIRO Bank: 8.353,91 EUR",,,,EUR,"8859,07",
08-09-2025,11:10,08-09-2025,,,Degiro Cash Sweep Transfer,,EUR,"-8353,91",EUR,"505,16",
08-09-2025,09:04,08-09-2025,ISHARES CORE S&P 500 UCITS ETF USD,IE00B5BMR087,Costes de transacción y/o externos de DEGIRO,,EUR,"-1,00",EUR,"8859,07",b8ab24ed-d323-4bfa-8111-73f5ed10ae48
08-09-2025,09:04,08-09-2025,ISHARES CORE S&P 500 UCITS ETF USD,IE00B5BMR087,"Venta 10 iShares Core S&P 500 UCITS ETF USD (Acc)@591,48 EUR (IE00B5BMR087)",,EUR,"5914,80",EUR,"8860,07",b8ab24ed-d323-4bfa-8111-73f5ed10ae48
08-09-2025,09:04,08-09-2025,VNGRD FTSE ALL-WLD HGH DIV YLD UCITS,IE00B8GKDB10,Costes de transacción y/o externos de DEGIRO,,EUR,"-3,00",EUR,"2945,27",fc4901e9-eaff-4c6d-84ff-bafd09582a0e
08-09-2025,09:04,08-09-2025,VNGRD FTSE ALL-WLD HGH DIV YLD UCITS,IE00B8GKDB10,"Venta 37 Vngrd FTSE All-Wld Hgh Div Yld UCITS ETF USD D@66,03 EUR (IE00B8GKDB10)",,EUR,"2443,11",EUR,"2948,27",fc4901e9-eaff-4c6d-84ff-bafd09582a0e
08-09-2025,04:01,08-09-2025,,,"Transferir a su Cuenta de Efectivo en flatexDEGIRO Bank: 49,54 EUR",,,,EUR,"505,16",
08-09-2025,04:01,08-09-2025,,,Degiro Cash Sweep Transfer,,EUR,"-49,54",EUR,"455,62",
07-09-2025,19:39,07-09-2025,,,flatex Deposit,,EUR,"400,00",EUR,"505,16",
06-09-2025,06:31,05-09-2025,,,Ingreso Cambio de Divisa,,EUR,"49,54",EUR,"105,16",
06-09-2025,06:31,05-09-2025,,,Retirada Cambio de Divisa,"1,1747",USD,"-58,20",USD,"0,00",
05-09-2025,07:26,04-09-2025,,,Comisión por Acción Corporativa,,USD,"-3,00",USD,"58,20",
05-09-2025,07:17,04-09-2025,SILA REALTY TRUST INC,US1462805086,Retención del dividendo,,USD,"-10,80",USD,"61,20",
05-09-2025,07:17,04-09-2025,SILA REALTY TRUST INC,US1462805086,Dividendo,,USD,"72,00",USD,"72,00",
04-09-2025,08:40,04-09-2025,,,"Transferir a su Cuenta de Efectivo en flatexDEGIRO Bank: 23,72 EUR",,,,EUR,"55,62",
04-09-2025,08:40,04-09-2025,,,Degiro Cash Sweep Transfer,,EUR,"-23,72",EUR,"31,90",
04-09-2025,06:32,03-09-2025,,,Ingreso Cambio de Divisa,,EUR,"21,75",EUR,"55,62",
04-09-2025,06:32,03-09-2025,,,Retirada Cambio de Divisa,"1,1691",USD,"-25,43",USD,"0,00",
04-09-2025,06:32,03-09-2025,,,Ingreso Cambio de Divisa,,EUR,"1,97",EUR,"33,87",
04-09-2025,06:32,03-09-2025,,,Retirada Cambio de Divisa,"1,6123",CAD,"-3,18",CAD,"0,00",
03-09-2025,08:39,02-09-2025,,,Comisión por Acción Corporativa,,CAD,"-0,35",CAD,"3,18",
03-09-2025,08:38,02-09-2025,ENBRIDGE INC,CA29250N1050,Dividendo,,CAD,"4,71",CAD,"3,53",
03-09-2025,08:38,02-09-2025,ENBRIDGE INC,CA29250N1050,Retención del dividendo,,CAD,"-1,18",CAD,"-1,18",
03-09-2025,08:03,02-09-2025,,,Comisión por Acción Corporativa,,USD,"-0,67",USD,"25,43",
03-09-2025,08:02,02-09-2025,ESSENTIAL UTILITIES INC,US29670G1022,Retención del dividendo,,USD,"-1,18",USD,"26,10",
03-09-2025,08:02,02-09-2025,ESSENTIAL UTILITIES INC,US29670G1022,Dividendo,,USD,"7,88",USD,"27,28",
03-09-2025,07:31,02-09-2025,,,Comisión por Acción Corporativa,,USD,"-1,80",USD,"19,40",
03-09-2025,07:29,02-09-2025,PFIZER INC,US7170811035,Retención del dividendo,,USD,"-3,74",USD,"21,20",
03-09-2025,07:29,02-09-2025,PFIZER INC,US7170811035,Dividendo,,USD,"24,94",USD,"24,94",
01-09-2025,16:45,01-09-2025,,,"Transferir desde su Cuenta de Efectivo en flatexDEGIRO Bank: 2,5 EUR",,,,EUR,"31,90",
01-09-2025,16:45,01-09-2025,,,Degiro Cash Sweep Transfer,,EUR,"2,50",EUR,"34,40",
01-09-2025,15:58,31-08-2025,,,Comisión de conectividad con el mercado 2025 (Euronext Amsterdam - EAM),,EUR,"-2,50",EUR,"31,90",
01-09-2025,03:43,01-09-2025,,,"Transferir a su Cuenta de Efectivo en flatexDEGIRO Bank: 6,71 EUR",,,,EUR,"34,40",
01-09-2025,03:43,01-09-2025,,,Degiro Cash Sweep Transfer,,EUR,"-6,71",EUR,"27,69",
31-08-2025,06:31,29-08-2025,,,Ingreso Cambio de Divisa,,EUR,"6,71",EUR,"34,40",
31-08-2025,06:31,29-08-2025,,,Retirada Cambio de Divisa,"1,1714",USD,"-7,86",USD,"0,00",
31-08-2025,00:15,29-08-2025,,,Comisión por Acción Corporativa,,USD,"-0,87",USD,"7,86",
31-08-2025,00:13,29-08-2025,MAGNA INTERNATIONAL INC,CA5592224011,Retención del dividendo,,USD,"-2,91",USD,"8,73",
31-08-2025,00:13,29-08-2025,MAGNA INTERNATIONAL INC,CA5592224011,Dividendo,,USD,"11,64",USD,"11,64",
28-08-2025,07:32,28-08-2025,,,"Transferir a su Cuenta de Efectivo en flatexDEGIRO Bank: 2,85 EUR",,,,EUR,"27,69",
28-08-2025,07:32,28-08-2025,,,Degiro Cash Sweep Transfer,,EUR,"-2,85",EUR,"24,84",
28-08-2025,06:33,27-08-2025,,,Ingreso Cambio de Divisa,,EUR,"2,85",EUR,"27,69",
28-08-2025,06:33,27-08-2025,,,Retirada Cambio de Divisa,"1,1668",USD,"-3,32",USD,"0,00",
27-08-2025,07:33,26-08-2025,ADR ON NOVO NORDISK A/S,US6701002056,ADR/GDR Pass-Through Fee,,USD,"-0,14",USD,"3,32",
27-08-2025,07:32,26-08-2025,,,Comisión por Acción Corporativa,,USD,"-0,38",USD,"3,46",
27-08-2025,07:31,26-08-2025,ADR ON NOVO NORDISK A/S,US6701002056,Dividendo,,USD,"5,26",USD,"3,84",
27-08-2025,07:31,26-08-2025,ADR ON NOVO NORDISK A/S,US6701002056,Retención del dividendo,,USD,"-1,42",USD,"-1,42",
26-08-2025,10:30,26-08-2025,,,"Transferir desde su Cuenta de Efectivo en flatexDEGIRO Bank: 2.023,54 EUR",,,,EUR,"24,84",
26-08-2025,10:30,26-08-2025,,,Degiro Cash Sweep Transfer,,EUR,"2023,54",EUR,"2048,38",
26-08-2025,09:00,26-08-2025,ISHARES $ TREASURY BOND 0-1YR UCITS,IE00BGSF1X88,Ingreso Cambio de Divisa,"1,1593",USD,"2342,40",USD,"0,00",64bab9a5-f4b5-4cfe-9185-74dce490e97b
26-08-2025,09:00,26-08-2025,ISHARES $ TREASURY BOND 0-1YR UCITS,IE00BGSF1X88,Retirada Cambio de Divisa,,EUR,"-2020,54",EUR,"24,84",64bab9a5-f4b5-4cfe-9185-74dce490e97b
26-08-2025,09:00,26-08-2025,ISHARES $ TREASURY BOND 0-1YR UCITS,IE00BGSF1X88,Costes de transacción y/o externos de DEGIRO,,EUR,"-3,00",EUR,"2045,38",64bab9a5-f4b5-4cfe-9185-74dce490e97b
26-08-2025,09:00,26-08-2025,ISHARES $ TREASURY BOND 0-1YR UCITS,IE00BGSF1X88,"Compra 20 iShares $ Treasury Bond 0-1yr UCITS ETF USD A@117,12 USD (IE00BGSF1X88)",,USD,"-2342,40",USD,"-2342,40",64bab9a5-f4b5-4cfe-9185-74dce490e97b
24-08-2025,21:14,24-08-2025,,,flatex Deposit,,EUR,"2000,00",EUR,"2048,38",
19-08-2025,07:48,19-08-2025,,,"Transferir a su Cuenta de Efectivo en flatexDEGIRO Bank: 5,1 EUR",,,,EUR,"48,38",
19-08-2025,07:48,19-08-2025,,,Degiro Cash Sweep Transfer,,EUR,"-5,10",EUR,"43,28",
19-08-2025,06:34,18-08-2025,,,Ingreso Cambio de Divisa,,EUR,"5,10",EUR,"48,38",
19-08-2025,06:34,18-08-2025,,,Retirada Cambio de Divisa,"1,1690",USD,"-5,96",USD,"0,00",
18-08-2025,07:48,15-08-2025,NNN REIT INC,US6374171063,Dividendo,,USD,"5,40",USD,"5,96",
18-08-2025,07:48,15-08-2025,NNN REIT INC,US6374171063,Retención del dividendo,,USD,"-0,81",USD,"0,56",
18-08-2025,07:43,18-08-2025,,,"Transferir a su Cuenta de Efectivo en flatexDEGIRO Bank: 8,59 EUR",,,,EUR,"43,28",
18-08-2025,07:43,18-08-2025,,,Degiro Cash Sweep Transfer,,EUR,"-8,59",EUR,"34,69",
18-08-2025,07:42,15-08-2025,,,Comisión por Acción Corporativa,,USD,"-0,15",USD,"1,37",
18-08-2025,07:41,15-08-2025,MAIN STREET CAPITAL CORP,US56035L1044,Retención del dividendo,,USD,"-0,27",USD,"1,52",
18-08-2025,07:41,15-08-2025,MAIN STREET CAPITAL CORP,US56035L1044,Dividendo,,USD,"1,79",USD,"1,79",
18-08-2025,06:35,15-08-2025,,,Ingreso Cambio de Divisa,,EUR,"8,59",EUR,"43,28",
18-08-2025,06:35,15-08-2025,,,Retirada Cambio de Divisa,"1,1732",USD,"-10,08",USD,"0,00",
17-08-2025,23:37,15-08-2025,,,Comisión por Acción Corporativa,,USD,"-1,12",USD,"10,08",
17-08-2025,23:07,15-08-2025,REALTY INCOME CORP,US7561091049,Dividendo,,USD,"13,18",USD,"11,20",
17-08-2025,23:07,15-08-2025,REALTY INCOME CORP,US7561091049,Retención del dividendo,,USD,"-1,98",USD,"-1,98",
11-08-2025,18:31,11-08-2025,,,"Transferir desde su Cuenta de Efectivo en flatexDEGIRO Bank: 324,38 EUR",,,,EUR,"34,69",
11-08-2025,18:31,11-08-2025,,,Degiro Cash Sweep Transfer,,EUR,"324,38",EUR,"359,07",
11-08-2025,17:38,11-08-2025,AST SPACEMOBILE INC CLASS A,US00217D1000,Ingreso Cambio de Divisa,"1,1574",USD,"373,12",USD,"0,00",f20f34c7-8ed5-4ea8-9fef-baf2878d4fdf
11-08-2025,17:38,11-08-2025,AST SPACEMOBILE INC CLASS A,US00217D1000,Retirada Cambio de Divisa,,EUR,"-322,38",EUR,"34,69",f20f34c7-8ed5-4ea8-9fef-baf2878d4fdf
11-08-2025,17:38,11-08-2025,AST SPACEMOBILE INC CLASS A,US00217D1000,Costes de transacción y/o externos de DEGIRO,,EUR,"-2,00",EUR,"357,07",f20f34c7-8ed5-4ea8-9fef-baf2878d4fdf
11-08-2025,17:38,11-08-2025,AST SPACEMOBILE INC CLASS A,US00217D1000,"Compra 8 AST SpaceMobile Inc Class A@46,64 USD (US00217D1000)",,USD,"-373,12",USD,"-373,12",f20f34c7-8ed5-4ea8-9fef-baf2878d4fdf
11-08-2025,13:20,11-08-2025,,,"Transferir desde su Cuenta de Efectivo en flatexDEGIRO Bank: 1.865,2 EUR",,,,EUR,"359,07",
11-08-2025,13:20,11-08-2025,,,Degiro Cash Sweep Transfer,,EUR,"1865,20",EUR,"2224,27",
11-08-2025,12:41,11-08-2025,ASML HOLDING NV,NL0010273215,Costes de transacción y/o externos de DEGIRO,,EUR,"-4,90",EUR,"359,07",abc2e744-9299-440e-8e92-f44ca5a131b9
11-08-2025,12:41,11-08-2025,ASML HOLDING NV,NL0010273215,"Compra 3 ASML Holding NV@620,1 EUR (NL0010273215)",,EUR,"-1860,30",EUR,"363,97",abc2e744-9299-440e-8e92-f44ca5a131b9
11-08-2025,10:40,11-08-2025,,,"Transferir a su Cuenta de Efectivo en flatexDEGIRO Bank: 1.650,36 EUR",,,,EUR,"2224,27",
11-08-2025,10:40,11-08-2025,,,Degiro Cash Sweep Transfer,,EUR,"-1650,36",EUR,"573,91",
11-08-2025,09:04,11-08-2025,VANGUARD S&P 500 UCITS ETF USD DIS,IE00B3XXRP09,Costes de transacción y/o externos de DEGIRO,,EUR,"-3,00",EUR,"2224,27",30818f4c-1644-474d-95fd-a82cb0c15570
11-08-2025,09:04,11-08-2025,VANGUARD S&P 500 UCITS ETF USD DIS,IE00B3XXRP09,"Venta 12 Vanguard S&P 500 UCITS ETF USD Dis@104,17 EUR (IE00B3XXRP09)",,EUR,"1250,04",EUR,"2227,27",30818f4c-1644-474d-95fd-a82cb0c15570
11-08-2025,09:04,11-08-2025,AMUNDI S&P WORLD CONSUMER STAPLES,IE000ZIJ5B20,Costes de transacción y/o externos de DEGIRO,,EUR,"-3,00",EUR,"977,23",ca896f5a-f859-42db-93e0-337d397cfbf5
11-08-2025,09:04,11-08-2025,AMUNDI S&P WORLD CONSUMER STAPLES,IE000ZIJ5B20,"Venta 40 Amundi S&P World Consumer Staples Screened UCITS Acc ETF@10,158 EUR (IE000ZIJ5B20)",,EUR,"406,32",EUR,"980,23",ca896f5a-f859-42db-93e0-337d397cfbf5
05-08-2025,08:11,05-08-2025,,,"Transferir a su Cuenta de Efectivo en flatexDEGIRO Bank: 10,59 EUR",,,,EUR,"573,91",
05-08-2025,08:11,05-08-2025,,,Degiro Cash Sweep Transfer,,EUR,"-10,59",EUR,"563,32",
05-08-2025,06:48,04-08-2025,,,Ingreso Cambio de Divisa,,EUR,"10,59",EUR,"573,91",
05-08-2025,06:48,04-08-2025,,,Retirada Cambio de Divisa,"1,1600",USD,"-12,29",USD,"0,00",
04-08-2025,08:10,01-08-2025,,,Comisión por Acción Corporativa,,USD,"-0,58",USD,"12,29",
04-08-2025,08:09,01-08-2025,VERIZON COMMUNICATIONS INC,US92343V1044,Dividendo,,USD,"6,78",USD,"12,87",
04-08-2025,08:09,01-08-2025,VERIZON COMMUNICATIONS INC,US92343V1044,Retención del dividendo,,USD,"-1,02",USD,"6,09",
04-08-2025,07:52,01-08-2025,,,Comisión por Acción Corporativa,,USD,"-0,79",USD,"7,11",
04-08-2025,07:51,01-08-2025,BRISTOL-MYERS SQUIBB CO,US1101221083,Retención del dividendo,,USD,"-1,40",USD,"7,90",
04-08-2025,07:51,01-08-2025,BRISTOL-MYERS SQUIBB CO,US1101221083,Dividendo,,USD,"9,30",USD,"9,30",
01-08-2025,13:40,01-08-2025,,,"Transferir desde su Cuenta de Efectivo en flatexDEGIRO Bank: 625,75 EUR",,,,EUR,"563,32",
01-08-2025,13:40,01-08-2025,,,Degiro Cash Sweep Transfer,,EUR,"625,75",EUR,"1189,07",
01-08-2025,12:23,01-08-2025,INDUSTRIA DE DISENO TEXTIL SA,ES0148396007,Spanish Transaction Tax,,EUR,"-1,25",EUR,"563,32",25fb20bf-a7a3-4aff-9534-ea4280bb12a4
01-08-2025,12:23,01-08-2025,INDUSTRIA DE DISENO TEXTIL SA,ES0148396007,Costes de transacción y/o externos de DEGIRO,,EUR,"-2,00",EUR,"564,57",25fb20bf-a7a3-4aff-9534-ea4280bb12a4
01-08-2025,12:23,01-08-2025,INDUSTRIA DE DISENO TEXTIL SA,ES0148396007,"Compra 15 Industria de Diseno Textil SA@41,5 EUR (ES0148396007)",,EUR,"-622,50",EUR,"566,57",25fb20bf-a7a3-4aff-9534-ea4280bb12a4
31-07-2025,07:32,31-07-2025,,,"Transferir a su Cuenta de Efectivo en flatexDEGIRO Bank: 3,76 EUR",,,,EUR,"1189,07",
31-07-2025,07:32,31-07-2025,,,Degiro Cash Sweep Transfer,,EUR,"-3,76",EUR,"1185,31",
31-07-2025,06:35,30-07-2025,,,Ingreso Cambio de Divisa,,EUR,"3,76",EUR,"1189,07",
31-07-2025,06:35,30-07-2025,,,Retirada Cambio de Divisa,"1,5812",CAD,"-5,94",CAD,"0,00",
30-07-2025,08:22,29-07-2025,,,Comisión por Acción Corporativa,,CAD,"-0,66",CAD,"5,94",
30-07-2025,08:21,29-07-2025,BANK OF NOVA SCOTIA,CA0641491075,Retención del dividendo,,CAD,"-2,20",CAD,"6,60",
30-07-2025,08:21,29-07-2025,BANK OF NOVA SCOTIA,CA0641491075,Dividendo,,CAD,"8,80",CAD,"8,80",
28-07-2025,03:36,28-07-2025,,,"Transferir desde su Cuenta de Efectivo en flatexDEGIRO Bank: 4,86 EUR",,,,EUR,"1185,31",
28-07-2025,03:36,28-07-2025,,,Degiro Cash Sweep Transfer,,EUR,"4,86",EUR,"1190,17",
26-07-2025,06:38,25-07-2025,,,Retirada Cambio de Divisa,,EUR,"-4,86",EUR,"1185,31",
26-07-2025,06:38,25-07-2025,,,Ingreso Cambio de Divisa,"1,1712",USD,"5,69",USD,"0,00",
25-07-2025,21:19,13-06-2025,,,Comisión por Acción Corporativa,,USD,"-0,15",USD,"-5,69",
25-07-2025,20:31,13-06-2025,,,Comisión por Acción Corporativa,,USD,"-1,79",USD,"-5,54",
25-07-2025,20:24,10-06-2025,,,Comisión por Acción Corporativa,,USD,"-0,25",USD,"-3,75",
25-07-2025,20:14,04-06-2025,,,Comisión por Acción Corporativa,,USD,"-2,98",USD,"-3,50",
25-07-2025,19:00,14-03-2025,,,Comisión por Acción Corporativa,,USD,"-0,52",USD,"-0,52",
25-07-2025,07:41,25-07-2025,,,"Transferir a su Cuenta de Efectivo en flatexDEGIRO Bank: 2,13 EUR",,,,EUR,"1190,17",
25-07-2025,07:41,25-07-2025,,,Degiro Cash Sweep Transfer,,EUR,"-2,13",EUR,"1188,04",
25-07-2025,06:33,24-07-2025,,,Ingreso Cambio de Divisa,,EUR,"2,13",EUR,"1190,17",
25-07-2025,06:33,24-07-2025,,,Retirada Cambio de Divisa,"1,1779",USD,"-2,51",USD,"0,00",
24-07-2025,07:11,23-07-2025,,,Comisión por Acción Corporativa,,USD,"-0,28",USD,"2,51",
24-07-2025,07:11,23-07-2025,CISCO SYSTEMS INC,US17275R1023,Dividendo,,USD,"3,28",USD,"2,79",
24-07-2025,07:11,23-07-2025,CISCO SYSTEMS INC,US17275R1023,Retención del dividendo,,USD,"-0,49",USD,"-0,49",
21-07-2025,18:30,21-07-2025,,,"Transferir desde su Cuenta de Efectivo en flatexDEGIRO Bank: 528,2 EUR",,,,EUR,"1188,04",
21-07-2025,18:30,21-07-2025,,,Degiro Cash Sweep Transfer,,EUR,"528,20",EUR,"1716,24",
21-07-2025,17:30,21-07-2025,SKY HARBOUR GROUP CORP CLASS A,US83085C1071,Ingreso Cambio de Divisa,"1,1684",USD,"614,80",USD,"0,00",cbd931a9-93ee-47a7-8946-40fc24237523
21-07-2025,17:30,21-07-2025,SKY HARBOUR GROUP CORP CLASS A,US83085C1071,Retirada Cambio de Divisa,,EUR,"-526,20",EUR,"1188,04",cbd931a9-93ee-47a7-8946-40fc24237523
21-07-2025,17:30,21-07-2025,SKY HARBOUR GROUP CORP CLASS A,US83085C1071,Costes de transacción y/o externos de DEGIRO,,EUR,"-2,00",EUR,"1714,24",cbd931a9-93ee-47a7-8946-40fc24237523
21-07-2025,17:30,21-07-2025,SKY HARBOUR GROUP CORP CLASS A,US83085C1071,"Compra 58 Sky Harbour Group Corp Class A@10,6 USD (US83085C1071)",,USD,"-614,80",USD,"-614,80",cbd931a9-93ee-47a7-8946-40fc24237523
18-07-2025,07:30,18-07-2025,,,"Transferir a su Cuenta de Efectivo en flatexDEGIRO Bank: 1,18 EUR",,,,EUR,"1716,24",
18-07-2025,07:30,18-07-2025,,,Degiro Cash Sweep Transfer,,EUR,"-1,18",EUR,"1715,06",
18-07-2025,06:32,17-07-2025,,,Ingreso Cambio de Divisa,,EUR,"1,18",EUR,"1716,24",
18-07-2025,06:32,17-07-2025,,,Retirada Cambio de Divisa,"1,1625",USD,"-1,37",USD,"0,00",
17-07-2025,08:10,15-07-2025,,,Comisión por Acción Corporativa,,USD,"-0,15",USD,"1,37",
17-07-2025,08:10,15-07-2025,MAIN STREET CAPITAL CORP,US56035L1044,Retención del dividendo,,USD,"-0,27",USD,"1,52",
17-07-2025,08:10,15-07-2025,MAIN STREET CAPITAL CORP,US56035L1044,Dividendo,,USD,"1,79",USD,"1,79",
17-07-2025,07:50,17-07-2025,,,"Transferir a su Cuenta de Efectivo en flatexDEGIRO Bank: 8,64 EUR",,,,EUR,"1715,06",
17-07-2025,07:50,17-07-2025,,,Degiro Cash Sweep Transfer,,EUR,"-8,64",EUR,"1706,42",
17-07-2025,06:32,16-07-2025,,,Ingreso Cambio de Divisa,,EUR,"8,64",EUR,"1715,06",
17-07-2025,06:32,16-07-2025,,,Retirada Cambio de Divisa,"1,1671",USD,"-10,08",USD,"0,00",
16-07-2025,07:25,15-07-2025,,,Comisión por Acción Corporativa,,USD,"-1,12",USD,"10,08",
16-07-2025,07:24,15-07-2025,REALTY INCOME CORP,US7561091049,Dividendo,,USD,"13,18",USD,"11,20",
16-07-2025,07:24,15-07-2025,REALTY INCOME CORP,US7561091049,Retención del dividendo,,USD,"-1,98",USD,"-1,98",
07-07-2025,05:03,07-07-2025,,,"Transferir a su Cuenta de Efectivo en flatexDEGIRO Bank: 1,48 EUR",,,,EUR,"1706,42",
07-07-2025,05:03,07-07-2025,,,Degiro Cash Sweep Transfer,,EUR,"-1,48",EUR,"1704,94",
07-07-2025,00:21,30-06-2025,,,Flatex Interest Income,,EUR,"0,00",EUR,"1706,42",
05-07-2025,06:34,04-07-2025,,,Ingreso Cambio de Divisa,,EUR,"1,48",EUR,"1706,42",
05-07-2025,06:34,04-07-2025,,,Retirada Cambio de Divisa,"1,6063",CAD,"-2,38",CAD,"0,00",
04-07-2025,11:59,04-07-2025,,,"Transferir a su Cuenta de Efectivo en flatexDEGIRO Bank: 70,47 EUR",,,,EUR,"1704,94",
04-07-2025,11:59,04-07-2025,,,Degiro Cash Sweep Transfer,,EUR,"-70,47",EUR,"1634,47",
04-07-2025,07:51,03-07-2025,,,Comisión por Acción Corporativa,,CAD,"-0,27",CAD,"2,38",
04-07-2025,07:50,03-07-2025,CANADIAN NATURAL RESOURCES LTD,CA1363851017,Dividendo,,CAD,"3,53",CAD,"2,65",
04-07-2025,07:50,03-07-2025,CANADIAN NATURAL RESOURCES LTD,CA1363851017,Retención del dividendo,,CAD,"-0,88",CAD,"-0,88",
04-07-2025,07:47,03-07-2025,,,Ingreso Cambio de Divisa,,EUR,"28,79",EUR,"1704,94",
04-07-2025,07:47,03-07-2025,,,Retirada Cambio de Divisa,"1,1787",USD,"-33,93",USD,"0,00",
04-07-2025,07:22,03-07-2025,,,Comisión por Acción Corporativa,,EUR,"-2,32",EUR,"1676,15",
04-07-2025,07:21,03-07-2025,NAGARRO SE,DE000A3H2200,Dividendo,,EUR,"44,00",EUR,"1678,47",
03-07-2025,07:38,02-07-2025,,,Comisión por Acción Corporativa,,USD,"-0,38",USD,"33,93",
03-07-2025,07:32,02-07-2025,VANGUARD S&P 500 UCITS ETF USD DIS,IE00B3XXRP09,Dividendo,,USD,"3,76",USD,"34,31",
03-07-2025,07:25,02-07-2025,,,Comisión por Acción Corporativa,,USD,"-2,16",USD,"30,55",
03-07-2025,07:24,02-07-2025,VNGRD FTSE ALL-WLD HGH DIV YLD UCITS,IE00B8GKDB10,Dividendo,,USD,"32,71",USD,"32,71",
01-07-2025,07:43,01-07-2025,,,"Transferir a su Cuenta de Efectivo en flatexDEGIRO Bank: 1,35 EUR",,,,EUR,"1634,47",
01-07-2025,07:43,01-07-2025,,,Degiro Cash Sweep Transfer,,EUR,"-1,35",EUR,"1633,12",
01-07-2025,06:37,30-06-2025,,,Ingreso Cambio de Divisa,,EUR,"1,35",EUR,"1634,47",
01-07-2025,06:37,30-06-2025,,,Retirada Cambio de Divisa,"1,1816",USD,"-1,60",USD,"0,00",
30-06-2025,07:49,27-06-2025,,,Comisión por Acción Corporativa,,USD,"-0,18",USD,"1,60",
30-06-2025,07:49,27-06-2025,MAIN STREET CAPITAL CORP,US56035L1044,Retención del dividendo,,USD,"-0,32",USD,"1,78",
30-06-2025,07:49,27-06-2025,MAIN STREET CAPITAL CORP,US56035L1044,Dividendo,,USD,"2,10",USD,"2,10",
23-06-2025,16:31,23-06-2025,,,"Transferir desde su Cuenta de Efectivo en flatexDEGIRO Bank: 512,93 EUR",,,,EUR,"1633,12",
23-06-2025,16:31,23-06-2025,,,Degiro Cash Sweep Transfer,,EUR,"512,93",EUR,"2146,05",
23-06-2025,15:30,23-06-2025,ADR ON BAIDU INC CLASS A,US0567521085,Ingreso Cambio de Divisa,"1,1441",USD,"584,57",USD,"0,00",885bf4fb-4f55-4f07-b228-4499a5a7a49d
23-06-2025,15:30,23-06-2025,ADR ON BAIDU INC CLASS A,US0567521085,Retirada Cambio de Divisa,,EUR,"-510,93",EUR,"1633,12",885bf4fb-4f55-4f07-b228-4499a5a7a49d
23-06-2025,15:30,23-06-2025,ADR ON BAIDU INC CLASS A,US0567521085,Costes de transacción y/o externos de DEGIRO,,EUR,"-2,00",EUR,"2144,05",885bf4fb-4f55-4f07-b228-4499a5a7a49d
23-06-2025,15:30,23-06-2025,ADR ON BAIDU INC CLASS A,US0567521085,"Compra 7 ADR on Baidu Inc Class A@83,51 USD (US0567521085)",,USD,"-584,57",USD,"-584,57",885bf4fb-4f55-4f07-b228-4499a5a7a49d
18-06-2025,08:21,18-06-2025,,,"Transferir a su Cuenta de Efectivo en flatexDEGIRO Bank: 8,86 EUR",,,,EUR,"2146,05",
18-06-2025,08:21,18-06-2025,,,Degiro Cash Sweep Transfer,,EUR,"-8,86",EUR,"2137,19",
18-06-2025,06:35,17-06-2025,,,Ingreso Cambio de Divisa,,EUR,"8,86",EUR,"2146,05",
18-06-2025,06:35,17-06-2025,,,Retirada Cambio de Divisa,"1,1508",USD,"-10,20",USD,"0,00",
17-06-2025,17:31,17-06-2025,,,"Transferir a su Cuenta de Efectivo en flatexDEGIRO Bank: 1.938,45 EUR",,,,EUR,"2137,19",
17-06-2025,17:31,17-06-2025,,,Degiro Cash Sweep Transfer,,EUR,"-1938,45",EUR,"198,74",
17-06-2025,16:05,17-06-2025,CHEVRON CORP,US1667641005,Ingreso Cambio de Divisa,"1,1530",USD,"1487,50",USD,"10,20",9f1e48c6-a95a-42df-846d-a68ce926ba5b
17-06-2025,16:05,17-06-2025,CHEVRON CORP,US1667641005,Retirada Cambio de Divisa,,EUR,"-1290,10",EUR,"2137,19",9f1e48c6-a95a-42df-846d-a68ce926ba5b
17-06-2025,16:05,17-06-2025,CHEVRON CORP,US1667641005,Costes de transacción y/o externos de DEGIRO,,EUR,"-2,00",EUR,"3427,29",9f1e48c6-a95a-42df-846d-a68ce926ba5b
17-06-2025,16:05,17-06-2025,CHEVRON CORP,US1667641005,"Compra 10 Chevron Corp@148,75 USD (US1667641005)",,USD,"-1487,50",USD,"-1477,30",9f1e48c6-a95a-42df-846d-a68ce926ba5b
17-06-2025,16:04,17-06-2025,OCCIDENTAL PETROLEUM CORP,US6745991058,Ingreso Cambio de Divisa,"1,1530",USD,"1385,70",USD,"10,20",6618e459-4ae4-4d1b-82a2-5ccbd88361ee
17-06-2025,16:04,17-06-2025,OCCIDENTAL PETROLEUM CORP,US6745991058,Retirada Cambio de Divisa,,EUR,"-1201,81",EUR,"3429,29",6618e459-4ae4-4d1b-82a2-5ccbd88361ee
17-06-2025,16:04,17-06-2025,OCCIDENTAL PETROLEUM CORP,US6745991058,Costes de transacción y/o externos de DEGIRO,,EUR,"-2,00",EUR,"4631,10",6618e459-4ae4-4d1b-82a2-5ccbd88361ee
17-06-2025,16:04,17-06-2025,OCCIDENTAL PETROLEUM CORP,US6745991058,"Compra 30 Occidental Petroleum Corp@46,19 USD (US6745991058)",,USD,"-1385,70",USD,"-1375,50",6618e459-4ae4-4d1b-82a2-5ccbd88361ee
17-06-2025,16:03,17-06-2025,ISHARES CORE S&P 500 UCITS ETF USD,IE00B5BMR087,Costes de transacción y/o externos de DEGIRO,,EUR,"-1,00",EUR,"4633,10",a6598026-1e75-4cee-9e97-8972ec05187e
17-06-2025,16:03,17-06-2025,ISHARES CORE S&P 500 UCITS ETF USD,IE00B5BMR087,"Venta 8 iShares Core S&P 500 UCITS ETF USD (Acc)@554,42 EUR (IE00B5BMR087)",,EUR,"4435,36",EUR,"4634,10",a6598026-1e75-4cee-9e97-8972ec05187e
17-06-2025,08:05,16-06-2025,,,Comisión por Acción Corporativa,,USD,"-0,30",USD,"10,20",
17-06-2025,07:55,17-06-2025,,,"Transferir a su Cuenta de Efectivo en flatexDEGIRO Bank: 19,58 EUR",,,,EUR,"198,74",
17-06-2025,07:55,17-06-2025,,,Degiro Cash Sweep Transfer,,EUR,"-19,58",EUR,"179,16",
17-06-2025,07:44,16-06-2025,OLD REPUBLIC INTERNATIONAL CORP,US6802231042,Retención del dividendo,,USD,"-0,52",USD,"10,50",
17-06-2025,07:44,16-06-2025,OLD REPUBLIC INTERNATIONAL CORP,US6802231042,Dividendo,,USD,"3,48",USD,"11,02",
17-06-2025,07:36,16-06-2025,,,Comisión por Acción Corporativa,,USD,"-0,27",USD,"7,54",
17-06-2025,07:31,16-06-2025,DUKE ENERGY CORP,US26441C2044,Retención del dividendo,,USD,"-0,47",USD,"7,81",
17-06-2025,07:31,16-06-2025,DUKE ENERGY CORP,US26441C2044,Dividendo,,USD,"3,14",USD,"8,28",
17-06-2025,07:26,16-06-2025,,,Comisión por Acción Corporativa,,USD,"-0,57",USD,"5,14",
17-06-2025,07:23,16-06-2025,ALPHABET INC CLASS A,US02079K3059,Retención del dividendo,,USD,"-1,01",USD,"5,71",
17-06-2025,07:23,16-06-2025,ALPHABET INC CLASS A,US02079K3059,Dividendo,,USD,"6,72",USD,"6,72",
17-06-2025,06:34,16-06-2025,,,Ingreso Cambio de Divisa,,EUR,"19,58",EUR,"198,74",
17-06-2025,06:34,16-06-2025,,,Retirada Cambio de Divisa,"1,1590",USD,"-22,69",USD,"0,00",
16-06-2025,17:40,16-06-2025,,,"Transferir desde su Cuenta de Efectivo en flatexDEGIRO Bank: 2.020,01 EUR",,,,EUR,"179,16",
16-06-2025,17:40,16-06-2025,,,Degiro Cash Sweep Transfer,,EUR,"2020,01",EUR,"2199,17",
16-06-2025,15:32,16-06-2025,AMAZON.COM INC,US0231351067,Ingreso Cambio de Divisa,"1,1569",USD,"2334,64",USD,"22,69",4de39f14-7136-43ff-b19b-dba2411e9fd0
16-06-2025,15:32,16-06-2025,AMAZON.COM INC,US0231351067,Retirada Cambio de Divisa,,EUR,"-2018,01",EUR,"179,16",4de39f14-7136-43ff-b19b-dba2411e9fd0
16-06-2025,15:32,16-06-2025,AMAZON.COM INC,US0231351067,Costes de transacción y/o externos de DEGIRO,,EUR,"-2,00",EUR,"2197,17",4de39f14-7136-43ff-b19b-dba2411e9fd0
16-06-2025,15:32,16-06-2025,AMAZON.COM INC,US0231351067,"Compra 11 Amazon.com Inc@212,24 USD (US0231351067)",,USD,"-2334,64",USD,"-2311,95",4de39f14-7136-43ff-b19b-dba2411e9fd0
16-06-2025,07:50,13-06-2025,PFIZER INC,US7170811035,Retención del dividendo,,USD,"-3,74",USD,"22,69",
16-06-2025,07:50,13-06-2025,PFIZER INC,US7170811035,Dividendo,,USD,"24,94",USD,"26,43",
16-06-2025,07:42,13-06-2025,MAIN STREET CAPITAL CORP,US56035L1044,Dividendo,,USD,"1,75",USD,"1,49",
16-06-2025,07:42,13-06-2025,MAIN STREET CAPITAL CORP,US56035L1044,Retención del dividendo,,USD,"-0,26",USD,"-0,26",
16-06-2025,04:43,16-06-2025,,,"Transferir a su Cuenta de Efectivo en flatexDEGIRO Bank: 8,7 EUR",,,,EUR,"2199,17",
16-06-2025,04:43,16-06-2025,,,Degiro Cash Sweep Transfer,,EUR,"-8,70",EUR,"2190,47",
15-06-2025,06:34,13-06-2025,,,Ingreso Cambio de Divisa,,EUR,"8,70",EUR,"2199,17",
15-06-2025,06:34,13-06-2025,,,Retirada Cambio de Divisa,"1,1578",USD,"-10,07",USD,"0,00",
15-06-2025,00:40,13-06-2025,,,Comisión por Acción Corporativa,,USD,"-1,12",USD,"10,07",
15-06-2025,00:31,13-06-2025,REALTY INCOME CORP,US7561091049,Retención del dividendo,,USD,"-1,97",USD,"11,19",
15-06-2025,00:31,13-06-2025,REALTY INCOME CORP,US7561091049,Dividendo,,USD,"13,16",USD,"13,16",
12-06-2025,07:36,12-06-2025,,,"Transferir a su Cuenta de Efectivo en flatexDEGIRO Bank: 2,19 EUR",,,,EUR,"2190,47",
12-06-2025,07:36,12-06-2025,,,Degiro Cash Sweep Transfer,,EUR,"-2,19",EUR,"2188,28",
12-06-2025,06:36,11-06-2025,,,Ingreso Cambio de Divisa,,EUR,"2,19",EUR,"2190,47",
12-06-2025,06:36,11-06-2025,,,Retirada Cambio de Divisa,"1,1516",USD,"-2,52",USD,"0,00",
11-06-2025,07:32,10-06-2025,EXXON MOBIL CORP,US30231G1022,Dividendo,,USD,"2,97",USD,"2,52",
11-06-2025,07:31,10-06-2025,EXXON MOBIL CORP,US30231G1022,Retención del dividendo,,USD,"-0,45",USD,"-0,45",
09-06-2025,03:53,09-06-2025,,,"Transferir a su Cuenta de Efectivo en flatexDEGIRO Bank: 53,57 EUR",,,,EUR,"2188,28",
09-06-2025,03:53,09-06-2025,,,Degiro Cash Sweep Transfer,,EUR,"-53,57",EUR,"2134,71",
07-06-2025,06:31,06-06-2025,,,Ingreso Cambio de Divisa,,EUR,"53,57",EUR,"2188,28",
07-06-2025,06:31,06-06-2025,,,Retirada Cambio de Divisa,"1,1425",USD,"-61,20",USD,"0,00",
05-06-2025,07:13,04-06-2025,SILA REALTY TRUST INC,US1462805086,Retención del dividendo,,USD,"-10,80",USD,"61,20",
05-06-2025,07:13,04-06-2025,SILA REALTY TRUST INC,US1462805086,Dividendo,,USD,"72,00",USD,"72,00",
04-06-2025,10:30,04-06-2025,,,Degiro Cash Sweep Transfer,,EUR,"854,34",EUR,"2134,71",
04-06-2025,10:30,04-06-2025,,,"Transferir desde su Cuenta de Efectivo en flatexDEGIRO Bank: 854,34 EUR",,,,EUR,"1280,37",
04-06-2025,09:56,04-06-2025,INVESCO PHYSICAL GOLD ETC,IE00B579F325,Costes de transacción y/o externos de DEGIRO,,EUR,"-3,00",EUR,"2134,71",f920c507-0730-4b25-b745-d711aa7d2ea3
04-06-2025,09:56,04-06-2025,INVESCO PHYSICAL GOLD ETC,IE00B579F325,"Compra 3 Invesco Physical Gold ETC@283,78 EUR (IE00B579F325)",,EUR,"-851,34",EUR,"2137,71",f920c507-0730-4b25-b745-d711aa7d2ea3
04-06-2025,07:45,04-06-2025,,,Degiro Cash Sweep Transfer,,EUR,"-7,06",EUR,"2989,05",
04-06-2025,07:45,04-06-2025,,,"Transferir a su Cuenta de Efectivo en flatexDEGIRO Bank: 7,06 EUR",,,,EUR,"2996,11",
04-06-2025,06:33,03-06-2025,,,Ingreso Cambio de Divisa,,EUR,"5,03",EUR,"2989,05",
04-06-2025,06:33,03-06-2025,,,Retirada Cambio de Divisa,"1,1400",USD,"-5,73",USD,"0,00",
04-06-2025,06:33,03-06-2025,,,Ingreso Cambio de Divisa,,EUR,"2,03",EUR,"2984,02",
04-06-2025,06:33,03-06-2025,,,Retirada Cambio de Divisa,"1,5640",CAD,"-3,18",CAD,"0,00",
03-06-2025,08:12,03-06-2025,,,Degiro Cash Sweep Transfer,,EUR,"-6,85",EUR,"2981,99",
03-06-2025,08:12,03-06-2025,,,"Transferir a su Cuenta de Efectivo en flatexDEGIRO Bank: 6,85 EUR",,,,EUR,"2988,84",
03-06-2025,08:09,02-06-2025,,,Comisión por Acción Corporativa,,CAD,"-0,35",CAD,"3,18",
03-06-2025,08:07,02-06-2025,ENBRIDGE INC,CA29250N1050,Retención del dividendo,,CAD,"-1,18",CAD,"3,53",
03-06-2025,08:07,02-06-2025,ENBRIDGE INC,CA29250N1050,Dividendo,,CAD,"4,71",CAD,"4,71",
03-06-2025,07:51,02-06-2025,,,Comisión por Acción Corporativa,,USD,"-0,64",USD,"5,73",
03-06-2025,07:40,02-06-2025,ESSENTIAL UTILITIES INC,US29670G1022,Retención del dividendo,,USD,"-1,12",USD,"6,37",
03-06-2025,07:40,02-06-2025,ESSENTIAL UTILITIES INC,US29670G1022,Dividendo,,USD,"7,49",USD,"7,49",
03-06-2025,06:31,02-06-2025,,,Ingreso Cambio de Divisa,,EUR,"6,85",EUR,"2981,99",
03-06-2025,06:31,02-06-2025,,,Retirada Cambio de Divisa,"1,1470",USD,"-7,86",USD,"0,00",
02-06-2025,07:31,30-05-2025,,,Comisión por Acción Corporativa,,USD,"-0,87",USD,"7,86",
02-06-2025,07:31,30-05-2025,MAGNA INTERNATIONAL INC,CA5592224011,Dividendo,,USD,"11,64",USD,"8,73",
02-06-2025,07:31,30-05-2025,MAGNA INTERNATIONAL INC,CA5592224011,Retención del dividendo,,USD,"-2,91",USD,"-2,91",
02-06-2025,03:43,02-06-2025,,,Degiro Cash Sweep Transfer,,EUR,"-1,10",EUR,"2975,14",
02-06-2025,03:43,02-06-2025,,,"Transferir a su Cuenta de Efectivo en flatexDEGIRO Bank: 1,1 EUR",,,,EUR,"2976,24",
31-05-2025,06:40,30-05-2025,,,Ingreso Cambio de Divisa,,EUR,"1,10",EUR,"2975,14",
31-05-2025,06:40,30-05-2025,,,Retirada Cambio de Divisa,"1,1375",USD,"-1,25",USD,"0,00",
30-05-2025,07:38,29-05-2025,,,Comisión por Acción Corporativa,,USD,"-0,14",USD,"1,25",
30-05-2025,07:18,29-05-2025,ISHARES GLOBAL WATER UCITS ETF USD,IE00B1TXK627,Dividendo,,USD,"1,39",USD,"1,39",
27-05-2025,16:30,27-05-2025,,,Degiro Cash Sweep Transfer,,EUR,"1070,53",EUR,"2974,04",
27-05-2025,16:30,27-05-2025,,,"Transferir desde su Cuenta de Efectivo en flatexDEGIRO Bank: 1.070,53 EUR",,,,EUR,"1903,51",
27-05-2025,15:30,27-05-2025,AST SPACEMOBILE INC CLASS A,US00217D1000,Ingreso Cambio de Divisa,"1,1341",USD,"1211,77",USD,"0,00",dba40d88-1609-43b6-92ef-7e5bcd619834
27-05-2025,15:30,27-05-2025,AST SPACEMOBILE INC CLASS A,US00217D1000,Retirada Cambio de Divisa,,EUR,"-1068,53",EUR,"2974,04",dba40d88-1609-43b6-92ef-7e5bcd619834
27-05-2025,15:30,27-05-2025,AST SPACEMOBILE INC CLASS A,US00217D1000,Costes de transacción y/o externos de DEGIRO,,EUR,"-2,00",EUR,"4042,57",dba40d88-1609-43b6-92ef-7e5bcd619834
27-05-2025,15:30,27-05-2025,AST SPACEMOBILE INC CLASS A,US00217D1000,"Compra 49 AST SpaceMobile Inc Class A@24,73 USD (US00217D1000)",,USD,"-1211,77",USD,"-1211,77",dba40d88-1609-43b6-92ef-7e5bcd619834
23-05-2025,23:50,23-05-2025,,,flatex Deposit,,EUR,"3000,00",EUR,"4044,57",
23-05-2025,23:42,23-05-2025,,,flatex Deposit,,EUR,"1000,00",EUR,"1044,57",
19-05-2025,04:46,19-05-2025,,,"Transferir a su Cuenta de Efectivo en flatexDEGIRO Bank: 13,77 EUR",,,,EUR,"44,57",
19-05-2025,04:46,19-05-2025,,,Degiro Cash Sweep Transfer,,EUR,"-13,77",EUR,"30,80",
17-05-2025,06:55,16-05-2025,,,Ingreso Cambio de Divisa,,EUR,"13,77",EUR,"44,57",
17-05-2025,06:55,16-05-2025,,,Retirada Cambio de Divisa,"1,1191",USD,"-15,41",USD,"0,00",
16-05-2025,07:58,15-05-2025,,,Comisión por Acción Corporativa,,USD,"-0,44",USD,"15,41",
16-05-2025,07:57,15-05-2025,,,Comisión por Acción Corporativa,,USD,"-0,15",USD,"15,85",
16-05-2025,07:43,15-05-2025,NNN REIT INC,US6374171063,Dividendo,,USD,"5,22",USD,"16,00",
16-05-2025,07:43,15-05-2025,NNN REIT INC,US6374171063,Retención del dividendo,,USD,"-0,78",USD,"10,78",
16-05-2025,07:42,15-05-2025,MAIN STREET CAPITAL CORP,US56035L1044,Retención del dividendo,,USD,"-0,26",USD,"11,56",
16-05-2025,07:42,15-05-2025,MAIN STREET CAPITAL CORP,US56035L1044,Dividendo,,USD,"1,75",USD,"11,82",
16-05-2025,07:07,15-05-2025,,,Comisión por Acción Corporativa,,USD,"-1,12",USD,"10,07",
16-05-2025,07:05,15-05-2025,REALTY INCOME CORP,US7561091049,Dividendo,,USD,"13,16",USD,"11,19",
16-05-2025,07:05,15-05-2025,REALTY INCOME CORP,US7561091049,Retención del dividendo,,USD,"-1,97",USD,"-1,97",
15-05-2025,16:20,15-05-2025,,,"Transferir desde su Cuenta de Efectivo en flatexDEGIRO Bank: 2.814,16 EUR",,,,EUR,"30,80",
15-05-2025,16:20,15-05-2025,,,Degiro Cash Sweep Transfer,,EUR,"2814,16",EUR,"2844,96",
15-05-2025,15:31,15-05-2025,ALPHABET INC CLASS A,US02079K3059,Ingreso Cambio de Divisa,"1,1173",USD,"3142,03",USD,"0,00",1c1e7f49-1f62-4efb-a646-59a14add7079
15-05-2025,15:31,15-05-2025,ALPHABET INC CLASS A,US02079K3059,Retirada Cambio de Divisa,,EUR,"-2812,16",EUR,"30,80",1c1e7f49-1f62-4efb-a646-59a14add7079
15-05-2025,15:31,15-05-2025,ALPHABET INC CLASS A,US02079K3059,Costes de transacción y/o externos de DEGIRO,,EUR,"-2,00",EUR,"2842,96",1c1e7f49-1f62-4efb-a646-59a14add7079
15-05-2025,15:31,15-05-2025,ALPHABET INC CLASS A,US02079K3059,"Compra 19 Alphabet Inc Class A@165,37 USD (US02079K3059)",,USD,"-3142,03",USD,"-3142,03",1c1e7f49-1f62-4efb-a646-59a14add7079
13-05-2025,16:50,13-05-2025,,,"Transferir a su Cuenta de Efectivo en flatexDEGIRO Bank: 2.786,51 EUR",,,,EUR,"2844,96",
13-05-2025,16:50,13-05-2025,,,Degiro Cash Sweep Transfer,,EUR,"-2786,51",EUR,"58,45",
13-05-2025,15:48,13-05-2025,UBER TECHNOLOGIES INC,US90353T1007,Retirada Cambio de Divisa,"1,1171",USD,"-3115,00",USD,"0,00",ee1753c2-1afe-468d-9764-789423364966
13-05-2025,15:48,13-05-2025,UBER TECHNOLOGIES INC,US90353T1007,Ingreso Cambio de Divisa,,EUR,"2788,51",EUR,"2844,96",ee1753c2-1afe-468d-9764-789423364966
13-05-2025,15:48,13-05-2025,UBER TECHNOLOGIES INC,US90353T1007,Costes de transacción y/o externos de DEGIRO,,EUR,"-2,00",EUR,"56,45",ee1753c2-1afe-468d-9764-789423364966
13-05-2025,15:48,13-05-2025,UBER TECHNOLOGIES INC,US90353T1007,Venta 35 Uber Technologies Inc@89 USD (US90353T1007),,USD,"3115,00",USD,"3115,00",ee1753c2-1afe-468d-9764-789423364966
05-05-2025,04:12,05-05-2025,,,"Transferir a su Cuenta de Efectivo en flatexDEGIRO Bank: 27,67 EUR",,,,EUR,"58,45",
05-05-2025,04:12,05-05-2025,,,Degiro Cash Sweep Transfer,,EUR,"-27,67",EUR,"30,78",
04-05-2025,00:41,02-05-2025,,,Comisión por Acción Corporativa,,EUR,"-1,55",EUR,"58,45",
04-05-2025,00:40,02-05-2025,INDUSTRIA DE DISENO TEXTIL SA,ES0148396007,Retención del dividendo,,EUR,"-4,31",EUR,"60,00",
04-05-2025,00:40,02-05-2025,INDUSTRIA DE DISENO TEXTIL SA,ES0148396007,Dividendo,,EUR,"22,68",EUR,"64,31",
03-05-2025,06:43,02-05-2025,,,Ingreso Cambio de Divisa,,EUR,"10,85",EUR,"41,63",
03-05-2025,06:43,02-05-2025,,,Retirada Cambio de Divisa,"1,1325",USD,"-12,29",USD,"0,00",
02-05-2025,07:15,01-05-2025,,,Comisión por Acción Corporativa,,USD,"-0,79",USD,"12,29",
02-05-2025,07:15,01-05-2025,BRISTOL-MYERS SQUIBB CO,US1101221083,Dividendo,,USD,"9,30",USD,"13,08",
02-05-2025,07:15,01-05-2025,BRISTOL-MYERS SQUIBB CO,US1101221083,Retención del dividendo,,USD,"-1,40",USD,"3,78",
02-05-2025,07:14,01-05-2025,,,Comisión por Acción Corporativa,,USD,"-0,58",USD,"5,18",
02-05-2025,07:14,01-05-2025,VERIZON COMMUNICATIONS INC,US92343V1044,Retención del dividendo,,USD,"-1,02",USD,"5,76",
02-05-2025,07:14,01-05-2025,VERIZON COMMUNICATIONS INC,US92343V1044,Dividendo,,USD,"6,78",USD,"6,78",
30-04-2025,07:21,30-04-2025,,,"Transferir a su Cuenta de Efectivo en flatexDEGIRO Bank: 3,62 EUR",,,,EUR,"30,78",
30-04-2025,07:21,30-04-2025,,,Degiro Cash Sweep Transfer,,EUR,"-3,62",EUR,"27,16",
30-04-2025,06:34,29-04-2025,,,Ingreso Cambio de Divisa,,EUR,"3,62",EUR,"30,78",
30-04-2025,06:34,29-04-2025,,,Retirada Cambio de Divisa,"1,5787",CAD,"-5,72",CAD,"0,00",
29-04-2025,06:56,28-04-2025,,,Comisión por Acción Corporativa,,CAD,"-0,64",CAD,"5,72",
29-04-2025,06:56,28-04-2025,BANK OF NOVA SCOTIA,CA0641491075,Retención del dividendo,,CAD,"-2,12",CAD,"6,36",
29-04-2025,06:56,28-04-2025,BANK OF NOVA SCOTIA,CA0641491075,Dividendo,,CAD,"8,48",CAD,"8,48",
25-04-2025,07:33,25-04-2025,,,"Transferir a su Cuenta de Efectivo en flatexDEGIRO Bank: 2,2 EUR",,,,EUR,"27,16",
25-04-2025,07:33,25-04-2025,,,Degiro Cash Sweep Transfer,,EUR,"-2,20",EUR,"24,96",
25-04-2025,06:34,24-04-2025,,,Ingreso Cambio de Divisa,,EUR,"2,20",EUR,"27,16",
25-04-2025,06:34,24-04-2025,,,Retirada Cambio de Divisa,"1,1419",USD,"-2,51",USD,"0,00",
24-04-2025,07:32,23-04-2025,,,Comisión por Acción Corporativa,,USD,"-0,28",USD,"2,51",
24-04-2025,07:31,23-04-2025,CISCO SYSTEMS INC,US17275R1023,Dividendo,,USD,"3,28",USD,"2,79",
24-04-2025,07:31,23-04-2025,CISCO SYSTEMS INC,US17275R1023,Retención del dividendo,,USD,"-0,49",USD,"-0,49",
22-04-2025,10:42,22-04-2025,,,"Transferir desde su Cuenta de Efectivo en flatexDEGIRO Bank: 1.071,18 EUR",,,,EUR,"24,96",
22-04-2025,10:42,22-04-2025,,,Degiro Cash Sweep Transfer,,EUR,"1071,18",EUR,"1096,14",
22-04-2025,09:00,22-04-2025,ZEGONA COMMUNICATIONS PLC,GB00BVGBY890,Ingreso Cambio de Divisa,"85,6759",GBP,"909,00",GBP,"0,00",71faecf7-c735-4b73-8548-2c4900d4cfbe
22-04-2025,09:00,22-04-2025,ZEGONA COMMUNICATIONS PLC,GB00BVGBY890,Retirada Cambio de Divisa,,EUR,"-1060,98",EUR,"24,96",71faecf7-c735-4b73-8548-2c4900d4cfbe
22-04-2025,09:00,22-04-2025,ZEGONA COMMUNICATIONS PLC,GB00BVGBY890,Costes de transacción y/o externos de DEGIRO,,EUR,"-4,90",EUR,"1085,94",71faecf7-c735-4b73-8548-2c4900d4cfbe
22-04-2025,09:00,22-04-2025,ZEGONA COMMUNICATIONS PLC,GB00BVGBY890,London/Dublin Stamp Duty,,EUR,"-5,30",EUR,"1090,84",71faecf7-c735-4b73-8548-2c4900d4cfbe
22-04-2025,09:00,22-04-2025,ZEGONA COMMUNICATIONS PLC,GB00BVGBY890,Compra 150 Zegona Communications PLC@606 GBX (GB00BVGBY890),,GBP,"-909,00",GBP,"-909,00",71faecf7-c735-4b73-8548-2c4900d4cfbe
20-04-2025,10:54,20-04-2025,,,flatex Deposit,,EUR,"1060,00",EUR,"1096,14",
17-04-2025,08:01,17-04-2025,,,"Transferir a su Cuenta de Efectivo en flatexDEGIRO Bank: 9,99 EUR",,,,EUR,"36,14",
17-04-2025,08:01,17-04-2025,,,Degiro Cash Sweep Transfer,,EUR,"-9,99",EUR,"26,15",
17-04-2025,06:34,16-04-2025,,,Ingreso Cambio de Divisa,,EUR,"9,99",EUR,"36,14",
17-04-2025,06:34,16-04-2025,,,Retirada Cambio de Divisa,"1,1427",USD,"-11,41",USD,"0,00",
16-04-2025,07:34,15-04-2025,,,Comisión por Acción Corporativa,,USD,"-0,15",USD,"11,41",
16-04-2025,07:34,15-04-2025,MAIN STREET CAPITAL CORP,US56035L1044,Retención del dividendo,,USD,"-0,26",USD,"11,56",
16-04-2025,07:34,15-04-2025,MAIN STREET CAPITAL CORP,US56035L1044,Dividendo,,USD,"1,75",USD,"11,82",
16-04-2025,07:29,15-04-2025,,,Comisión por Acción Corporativa,,USD,"-1,12",USD,"10,07",
16-04-2025,07:29,15-04-2025,REALTY INCOME CORP,US7561091049,Dividendo,,USD,"13,16",USD,"11,19",
16-04-2025,07:29,15-04-2025,REALTY INCOME CORP,US7561091049,Retención del dividendo,,USD,"-1,97",USD,"-1,97",
08-04-2025,07:50,08-04-2025,,,"Transferir a su Cuenta de Efectivo en flatexDEGIRO Bank: 1,53 EUR",,,,EUR,"26,15",
08-04-2025,07:50,08-04-2025,,,Degiro Cash Sweep Transfer,,EUR,"-1,53",EUR,"24,62",
08-04-2025,06:34,07-04-2025,,,Ingreso Cambio de Divisa,,EUR,"1,53",EUR,"26,15",
08-04-2025,06:34,07-04-2025,,,Retirada Cambio de Divisa,"1,5579",CAD,"-2,38",CAD,"0,00",
08-04-2025,01:37,07-04-2025,,,"Transferir desde su Cuenta de Efectivo en flatexDEGIRO Bank: 522,77 EUR",,,,EUR,"24,62",
08-04-2025,01:37,07-04-2025,,,Degiro Cash Sweep Transfer,,EUR,"522,77",EUR,"547,39",
07-04-2025,20:00,07-04-2025,,,"Transferir a su Cuenta de Efectivo en flatexDEGIRO Bank: 521,1 EUR",,,,EUR,"24,62",
07-04-2025,20:00,07-04-2025,,,Degiro Cash Sweep Transfer,,EUR,"-521,10",EUR,"-496,48",
07-04-2025,17:14,07-04-2025,ADR ON NOVO NORDISK A/S,US6701002056,Ingreso Cambio de Divisa,"1,0888",USD,"567,00",USD,"0,00",ef0e9fc9-9433-41eb-bf70-e4d2fb9958cf
07-04-2025,17:14,07-04-2025,ADR ON NOVO NORDISK A/S,US6701002056,Retirada Cambio de Divisa,,EUR,"-520,77",EUR,"24,62",ef0e9fc9-9433-41eb-bf70-e4d2fb9958cf
07-04-2025,17:14,07-04-2025,ADR ON NOVO NORDISK A/S,US6701002056,Costes de transacción y/o externos de DEGIRO,,EUR,"-2,00",EUR,"545,39",ef0e9fc9-9433-41eb-bf70-e4d2fb9958cf
07-04-2025,17:14,07-04-2025,ADR ON NOVO NORDISK A/S,US6701002056,Compra 9 ADR on Novo Nordisk A/S@63 USD (US6701002056),,USD,"-567,00",USD,"-567,00",ef0e9fc9-9433-41eb-bf70-e4d2fb9958cf
07-04-2025,09:19,07-04-2025,ISHARES CORE FTSE 100 UCITS ETF GBP,IE00B53HP851,Costes de transacción y/o externos de DEGIRO,,EUR,"-3,00",EUR,"547,39",4dab3425-a93b-4272-b3b5-665f9b920fb0
07-04-2025,09:19,07-04-2025,ISHARES CORE FTSE 100 UCITS ETF GBP,IE00B53HP851,"Venta 3 iShares Core FTSE 100 UCITS ETF GBP (Acc)@174,7 EUR (IE00B53HP851)",,EUR,"524,10",EUR,"550,39",4dab3425-a93b-4272-b3b5-665f9b920fb0
07-04-2025,07:34,04-04-2025,,,Comisión por Acción Corporativa,,CAD,"-0,27",CAD,"2,38",
07-04-2025,07:34,04-04-2025,CANADIAN NATURAL RESOURCES LTD,CA1363851017,Retención del dividendo,,CAD,"-0,88",CAD,"2,65",
07-04-2025,07:34,04-04-2025,CANADIAN NATURAL RESOURCES LTD,CA1363851017,Dividendo,,CAD,"3,53",CAD,"3,53",
07-04-2025,04:34,07-04-2025,,,"Transferir a su Cuenta de Efectivo en flatexDEGIRO Bank: 0,7 EUR",,,,EUR,"26,29",
07-04-2025,04:34,07-04-2025,,,Degiro Cash Sweep Transfer,,EUR,"-0,70",EUR,"25,59",
05-04-2025,06:33,04-04-2025,,,Ingreso Cambio de Divisa,,EUR,"0,70",EUR,"26,29",
05-04-2025,06:33,04-04-2025,,,Retirada Cambio de Divisa,"1,0983",USD,"-0,77",USD,"0,00",
05-04-2025,04:10,31-03-2025,,,Flatex Interest Income,,EUR,"0,00",EUR,"25,59",
05-04-2025,01:37,04-04-2025,,,"Transferir desde su Cuenta de Efectivo en flatexDEGIRO Bank: 415,31 EUR",,,,EUR,"25,59",
05-04-2025,01:37,04-04-2025,,,Degiro Cash Sweep Transfer,,EUR,"415,31",EUR,"440,90",
04-04-2025,22:35,04-04-2025,,,"Transferir desde su Cuenta de Efectivo en flatexDEGIRO Bank: 693,4 EUR",,,,EUR,"25,59",
04-04-2025,22:35,04-04-2025,,,Degiro Cash Sweep Transfer,,EUR,"693,40",EUR,"718,99",
04-04-2025,15:33,04-04-2025,PFIZER INC,US7170811035,Ingreso Cambio de Divisa,"1,1005",USD,"454,86",USD,"0,77",5dafaede-163c-42fa-b907-4aecbd435a90
04-04-2025,15:33,04-04-2025,PFIZER INC,US7170811035,Retirada Cambio de Divisa,,EUR,"-413,31",EUR,"25,59",5dafaede-163c-42fa-b907-4aecbd435a90
04-04-2025,15:33,04-04-2025,PFIZER INC,US7170811035,Costes de transacción y/o externos de DEGIRO,,EUR,"-2,00",EUR,"438,90",5dafaede-163c-42fa-b907-4aecbd435a90
04-04-2025,15:33,04-04-2025,PFIZER INC,US7170811035,"Compra 19 Pfizer Inc@23,94 USD (US7170811035)",,USD,"-454,86",USD,"-454,09",5dafaede-163c-42fa-b907-4aecbd435a90
04-04-2025,10:33,04-04-2025,,,"Transferir a su Cuenta de Efectivo en flatexDEGIRO Bank: 15,97 EUR",,,,EUR,"440,90",
04-04-2025,10:33,04-04-2025,,,Degiro Cash Sweep Transfer,,EUR,"-15,97",EUR,"424,93",
04-04-2025,10:30,02-04-2025,,,Comisión por Acción Corporativa,,USD,"0,38",USD,"0,77",
04-04-2025,10:02,04-04-2025,NAGARRO SE,DE000A3H2200,Costes de transacción y/o externos de DEGIRO,,EUR,"-4,90",EUR,"440,90",33a9989d-8367-42ff-813a-a24a09045581
04-04-2025,10:02,04-04-2025,NAGARRO SE,DE000A3H2200,"Compra 10 Nagarro SE@68,85 EUR (DE000A3H2200)",,EUR,"-688,50",EUR,"445,80",33a9989d-8367-42ff-813a-a24a09045581
04-04-2025,10:01,02-04-2025,,,Comisión por Acción Corporativa,,USD,"0,39",USD,"0,39",
04-04-2025,07:21,03-04-2025,,,Ingreso Cambio de Divisa,,EUR,"15,97",EUR,"1134,30",
04-04-2025,07:21,03-04-2025,,,Retirada Cambio de Divisa,"1,1080",USD,"-17,69",USD,"0,00",
03-04-2025,20:51,03-04-2025,,,flatex Deposit,,EUR,"1000,00",EUR,"1118,33",
03-04-2025,09:02,02-04-2025,,,Comisión por Acción Corporativa,,USD,"-0,39",USD,"17,69",
03-04-2025,08:57,02-04-2025,VANGUARD S&P 500 UCITS ETF USD DIS,IE00B3XXRP09,Dividendo,,USD,"3,85",USD,"18,08",
03-04-2025,08:48,02-04-2025,VANGUARD S&P 500 UCITS ETF USD DIS,IE00B3XXRP09,Dividendo,,USD,"-7,70",USD,"14,23",
03-04-2025,07:39,02-04-2025,,,Comisión por Acción Corporativa,,USD,"-0,38",USD,"21,93",
03-04-2025,07:37,02-04-2025,,,Comisión por Acción Corporativa,,USD,"-0,39",USD,"22,31",
03-04-2025,07:33,02-04-2025,VANGUARD S&P 500 UCITS ETF USD DIS,IE00B3XXRP09,Dividendo,,USD,"3,85",USD,"22,70",
03-04-2025,07:32,02-04-2025,VANGUARD S&P 500 UCITS ETF USD DIS,IE00B3XXRP09,Dividendo,,USD,"3,85",USD,"18,85",
03-04-2025,07:25,02-04-2025,,,Comisión por Acción Corporativa,,USD,"-1,58",USD,"15,00",
03-04-2025,07:25,02-04-2025,VNGRD FTSE ALL-WLD HGH DIV YLD UCITS,IE00B8GKDB10,Dividendo,,USD,"16,58",USD,"16,58",
02-04-2025,15:12,02-04-2025,,,"Transferir desde su Cuenta de Efectivo en flatexDEGIRO Bank: 2,5 EUR",,,,EUR,"118,33",
02-04-2025,15:12,02-04-2025,,,Degiro Cash Sweep Transfer,,EUR,"2,50",EUR,"120,83",
02-04-2025,13:02,31-03-2025,,,Comisión de conectividad con el mercado 2025 (London Stock Exchange (LSE) - LSE),,EUR,"-2,50",EUR,"118,33",
02-04-2025,01:30,01-04-2025,,,"Transferir desde su Cuenta de Efectivo en flatexDEGIRO Bank: 3.930,59 EUR",,,,EUR,"120,83",
02-04-2025,01:30,01-04-2025,,,Degiro Cash Sweep Transfer,,EUR,"3930,59",EUR,"4051,42",
01-04-2025,19:08,01-04-2025,ALPHABET INC CLASS A,US02079K3059,Ingreso Cambio de Divisa,"1,0775",USD,"2043,60",USD,"0,00",e0a75a02-05c7-407f-b62f-b2d53ccd861e
01-04-2025,19:08,01-04-2025,ALPHABET INC CLASS A,US02079K3059,Retirada Cambio de Divisa,,EUR,"-1896,61",EUR,"120,83",e0a75a02-05c7-407f-b62f-b2d53ccd861e
01-04-2025,19:08,01-04-2025,ALPHABET INC CLASS A,US02079K3059,Costes de transacción y/o externos de DEGIRO,,EUR,"-2,00",EUR,"2017,44",e0a75a02-05c7-407f-b62f-b2d53ccd861e
01-04-2025,19:08,01-04-2025,ALPHABET INC CLASS A,US02079K3059,"Compra 13 Alphabet Inc Class A@157,2 USD (US02079K3059)",,USD,"-2043,60",USD,"-2043,60",e0a75a02-05c7-407f-b62f-b2d53ccd861e
01-04-2025,19:06,01-04-2025,,,flatex Deposit,,EUR,"2000,00",EUR,"2019,44",
01-04-2025,16:53,01-04-2025,SERABI GOLD PLC,GB00BG5NDX91,Ingreso Cambio de Divisa,"83,4411",GBP,"1683,00",GBP,"0,00",a7dadf8d-8ee8-4e7a-904a-57d4e1820ce3
01-04-2025,16:53,01-04-2025,SERABI GOLD PLC,GB00BG5NDX91,Retirada Cambio de Divisa,,EUR,"-2017,00",EUR,"19,44",a7dadf8d-8ee8-4e7a-904a-57d4e1820ce3
01-04-2025,16:53,01-04-2025,SERABI GOLD PLC,GB00BG5NDX91,Costes de transacción y/o externos de DEGIRO,,EUR,"-4,90",EUR,"2036,44",a7dadf8d-8ee8-4e7a-904a-57d4e1820ce3
01-04-2025,16:53,01-04-2025,SERABI GOLD PLC,GB00BG5NDX91,London/Dublin Stamp Duty,,EUR,"-10,08",EUR,"2041,34",a7dadf8d-8ee8-4e7a-904a-57d4e1820ce3
01-04-2025,16:53,01-04-2025,SERABI GOLD PLC,GB00BG5NDX91,Compra 1.100 Serabi Gold PLC@153 GBX (GB00BG5NDX91),,GBP,"-1683,00",GBP,"-1683,00",a7dadf8d-8ee8-4e7a-904a-57d4e1820ce3
01-04-2025,01:30,31-03-2025,,,"Transferir desde su Cuenta de Efectivo en flatexDEGIRO Bank: 1.957,16 EUR",,,,EUR,"2051,42",
01-04-2025,01:30,31-03-2025,,,Degiro Cash Sweep Transfer,,EUR,"1957,16",EUR,"4008,58",
31-03-2025,15:30,31-03-2025,SILA REALTY TRUST INC,US1462805086,Ingreso Cambio de Divisa,"1,0790",USD,"52,74",USD,"0,00",9649c9db-61bd-4f6b-bb05-4a8ba272bf78
31-03-2025,15:30,31-03-2025,SILA REALTY TRUST INC,US1462805086,Retirada Cambio de Divisa,,EUR,"-48,88",EUR,"2051,42",9649c9db-61bd-4f6b-bb05-4a8ba272bf78
31-03-2025,15:30,31-03-2025,SILA REALTY TRUST INC,US1462805086,Ingreso Cambio de Divisa,"1,0790",USD,"79,11",USD,"-52,74",9649c9db-61bd-4f6b-bb05-4a8ba272bf78
31-03-2025,15:30,31-03-2025,SILA REALTY TRUST INC,US1462805086,Retirada Cambio de Divisa,,EUR,"-73,32",EUR,"2100,30",9649c9db-61bd-4f6b-bb05-4a8ba272bf78
31-03-2025,15:30,31-03-2025,SILA REALTY TRUST INC,US1462805086,"Compra 2 Sila Realty Trust Inc@26,37 USD (US1462805086)",,USD,"-52,74",USD,"-131,85",9649c9db-61bd-4f6b-bb05-4a8ba272bf78
31-03-2025,15:30,31-03-2025,SILA REALTY TRUST INC,US1462805086,"Compra 3 Sila Realty Trust Inc@26,37 USD (US1462805086)",,USD,"-79,11",USD,"-79,11",9649c9db-61bd-4f6b-bb05-4a8ba272bf78
31-03-2025,15:30,31-03-2025,SILA REALTY TRUST INC,US1462805086,Ingreso Cambio de Divisa,"1,0790",USD,"26,37",USD,"0,00",9649c9db-61bd-4f6b-bb05-4a8ba272bf78
31-03-2025,15:30,31-03-2025,SILA REALTY TRUST INC,US1462805086,Retirada Cambio de Divisa,,EUR,"-24,44",EUR,"2173,62",9649c9db-61bd-4f6b-bb05-4a8ba272bf78
31-03-2025,15:30,31-03-2025,SILA REALTY TRUST INC,US1462805086,Ingreso Cambio de Divisa,"1,0790",USD,"1951,38",USD,"-26,37",9649c9db-61bd-4f6b-bb05-4a8ba272bf78
31-03-2025,15:30,31-03-2025,SILA REALTY TRUST INC,US1462805086,Retirada Cambio de Divisa,,EUR,"-1808,52",EUR,"2198,06",9649c9db-61bd-4f6b-bb05-4a8ba272bf78
31-03-2025,15:30,31-03-2025,SILA REALTY TRUST INC,US1462805086,Costes de transacción y/o externos de DEGIRO,,EUR,"-2,00",EUR,"4006,58",9649c9db-61bd-4f6b-bb05-4a8ba272bf78
31-03-2025,15:30,31-03-2025,SILA REALTY TRUST INC,US1462805086,"Compra 1 Sila Realty Trust Inc@26,37 USD (US1462805086)",,USD,"-26,37",USD,"-1977,75",9649c9db-61bd-4f6b-bb05-4a8ba272bf78
31-03-2025,15:30,31-03-2025,SILA REALTY TRUST INC,US1462805086,"Compra 74 Sila Realty Trust Inc@26,37 USD (US1462805086)",,USD,"-1951,38",USD,"-1951,38",9649c9db-61bd-4f6b-bb05-4a8ba272bf78
31-03-2025,03:43,31-03-2025,,,"Transferir a su Cuenta de Efectivo en flatexDEGIRO Bank: 1,47 EUR",,,,EUR,"4008,58",
31-03-2025,03:43,31-03-2025,,,Degiro Cash Sweep Transfer,,EUR,"-1,47",EUR,"4007,11",
30-03-2025,06:38,28-03-2025,,,Ingreso Cambio de Divisa,,EUR,"1,47",EUR,"4008,58",
30-03-2025,06:38,28-03-2025,,,Retirada Cambio de Divisa,"1,0855",USD,"-1,60",USD,"0,00",
29-03-2025,22:36,29-03-2025,,,flatex Deposit,,EUR,"2000,00",EUR,"4007,11",
28-03-2025,07:36,27-03-2025,,,Comisión por Acción Corporativa,,USD,"-0,18",USD,"1,60",
28-03-2025,07:36,27-03-2025,MAIN STREET CAPITAL CORP,US56035L1044,Retención del dividendo,,USD,"-0,32",USD,"1,78",
28-03-2025,07:36,27-03-2025,MAIN STREET CAPITAL CORP,US56035L1044,Dividendo,,USD,"2,10",USD,"2,10",
26-03-2025,21:04,26-03-2025,,,flatex Deposit,,EUR,"2000,00",EUR,"2007,11",
26-03-2025,10:40,26-03-2025,,,"Transferir desde su Cuenta de Efectivo en flatexDEGIRO Bank: 2.767,25 EUR",,,,EUR,"7,11",
26-03-2025,10:40,26-03-2025,,,Degiro Cash Sweep Transfer,,EUR,"2767,25",EUR,"2774,36",
26-03-2025,09:00,26-03-2025,SERABI GOLD PLC,GB00BG5NDX91,Ingreso Cambio de Divisa,"83,3514",GBP,"2291,00",GBP,"0,00",a60aabbd-afe4-446b-b60b-7c4204211656
26-03-2025,09:00,26-03-2025,SERABI GOLD PLC,GB00BG5NDX91,Retirada Cambio de Divisa,,EUR,"-2748,61",EUR,"7,11",a60aabbd-afe4-446b-b60b-7c4204211656
26-03-2025,09:00,26-03-2025,SERABI GOLD PLC,GB00BG5NDX91,Costes de transacción y/o externos de DEGIRO,,EUR,"-4,90",EUR,"2755,72",a60aabbd-afe4-446b-b60b-7c4204211656
26-03-2025,09:00,26-03-2025,SERABI GOLD PLC,GB00BG5NDX91,London/Dublin Stamp Duty,,EUR,"-13,74",EUR,"2760,62",a60aabbd-afe4-446b-b60b-7c4204211656
26-03-2025,09:00,26-03-2025,SERABI GOLD PLC,GB00BG5NDX91,Compra 1.450 Serabi Gold PLC@158 GBX (GB00BG5NDX91),,GBP,"-2291,00",GBP,"-2291,00",a60aabbd-afe4-446b-b60b-7c4204211656
25-03-2025,15:50,25-03-2025,,,"Transferir desde su Cuenta de Efectivo en flatexDEGIRO Bank: 2.422,13 EUR",,,,EUR,"2774,36",
25-03-2025,15:50,25-03-2025,,,Degiro Cash Sweep Transfer,,EUR,"2422,13",EUR,"5196,49",
25-03-2025,14:40,25-03-2025,,,"Transferir desde su Cuenta de Efectivo en flatexDEGIRO Bank: 1.896,1 EUR",,,,EUR,"2774,36",
25-03-2025,14:40,25-03-2025,,,Degiro Cash Sweep Transfer,,EUR,"1896,10",EUR,"4670,46",
25-03-2025,14:30,25-03-2025,SILA REALTY TRUST INC,US1462805086,Ingreso Cambio de Divisa,"1,0797",USD,"2613,00",USD,"0,00",81e9c943-cae5-46c6-8528-ff4bd5558b55
25-03-2025,14:30,25-03-2025,SILA REALTY TRUST INC,US1462805086,Retirada Cambio de Divisa,,EUR,"-2420,13",EUR,"2774,36",81e9c943-cae5-46c6-8528-ff4bd5558b55
25-03-2025,14:30,25-03-2025,SILA REALTY TRUST INC,US1462805086,Costes de transacción y/o externos de DEGIRO,,EUR,"-2,00",EUR,"5194,49",81e9c943-cae5-46c6-8528-ff4bd5558b55
25-03-2025,14:30,25-03-2025,SILA REALTY TRUST INC,US1462805086,"Compra 100 Sila Realty Trust Inc@26,13 USD (US1462805086)",,USD,"-2613,00",USD,"-2613,00",81e9c943-cae5-46c6-8528-ff4bd5558b55
25-03-2025,13:20,25-03-2025,NAGARRO SE,DE000A3H2200,Costes de transacción y/o externos de DEGIRO,,EUR,"-4,90",EUR,"5196,49",9393c9fa-1702-4dec-a58b-ef2ad75a1930
25-03-2025,13:20,25-03-2025,NAGARRO SE,DE000A3H2200,"Compra 24 Nagarro SE@78,8 EUR (DE000A3H2200)",,EUR,"-1891,20",EUR,"5201,39",9393c9fa-1702-4dec-a58b-ef2ad75a1930
25-03-2025,08:38,25-03-2025,,,flatex Deposit,,EUR,"7000,00",EUR,"7092,59",
24-03-2025,03:55,24-03-2025,,,"Transferir a su Cuenta de Efectivo en flatexDEGIRO Bank: 2,45 EUR",,,,EUR,"92,59",
24-03-2025,03:55,24-03-2025,,,Degiro Cash Sweep Transfer,,EUR,"-2,45",EUR,"90,14",
22-03-2025,06:41,21-03-2025,,,Ingreso Cambio de Divisa,,EUR,"2,45",EUR,"92,59",
22-03-2025,06:41,21-03-2025,,,Retirada Cambio de Divisa,"1,0845",USD,"-2,66",USD,"0,00",
21-03-2025,07:22,20-03-2025,,,Comisión por Acción Corporativa,,USD,"-0,30",USD,"2,66",
21-03-2025,07:22,20-03-2025,OLD REPUBLIC INTERNATIONAL CORP,US6802231042,Retención del dividendo,,USD,"-0,52",USD,"2,96",
21-03-2025,07:22,20-03-2025,OLD REPUBLIC INTERNATIONAL CORP,US6802231042,Dividendo,,USD,"3,48",USD,"3,48",
20-03-2025,15:40,20-03-2025,,,"Transferir desde su Cuenta de Efectivo en flatexDEGIRO Bank: 2.145,77 EUR",,,,EUR,"90,14",
20-03-2025,15:40,20-03-2025,,,Degiro Cash Sweep Transfer,,EUR,"2145,77",EUR,"2235,91",
20-03-2025,14:30,20-03-2025,ROBINHOOD MARKETS INC CLASS A,US7707001027,Ingreso Cambio de Divisa,"1,0796",USD,"2314,40",USD,"0,00",02fe6429-2d53-4f1c-944f-e0beb7cd16e1
20-03-2025,14:30,20-03-2025,ROBINHOOD MARKETS INC CLASS A,US7707001027,Retirada Cambio de Divisa,,EUR,"-2143,77",EUR,"90,14",02fe6429-2d53-4f1c-944f-e0beb7cd16e1
20-03-2025,14:30,20-03-2025,ROBINHOOD MARKETS INC CLASS A,US7707001027,Costes de transacción y/o externos de DEGIRO,,EUR,"-2,00",EUR,"2233,91",02fe6429-2d53-4f1c-944f-e0beb7cd16e1
20-03-2025,14:30,20-03-2025,ROBINHOOD MARKETS INC CLASS A,US7707001027,"Compra 55 Robinhood Markets Inc Class A@42,08 USD (US7707001027)",,USD,"-2314,40",USD,"-2314,40",02fe6429-2d53-4f1c-944f-e0beb7cd16e1
20-03-2025,07:50,20-03-2025,,,"Transferir desde su Cuenta de Efectivo en flatexDEGIRO Bank: 0,01 EUR",,,,EUR,"2235,91",
20-03-2025,07:50,20-03-2025,,,Degiro Cash Sweep Transfer,,EUR,"0,01",EUR,"2235,92",
20-03-2025,06:36,19-03-2025,,,Retirada Cambio de Divisa,,EUR,"-0,01",EUR,"2235,91",
20-03-2025,06:36,19-03-2025,,,Ingreso Cambio de Divisa,"1,0875",USD,"0,01",USD,"0,00",
20-03-2025,02:02,19-03-2025,,,"Transferir desde su Cuenta de Efectivo en flatexDEGIRO Bank: 69,83 EUR",,,,EUR,"2235,92",
20-03-2025,02:02,19-03-2025,,,Degiro Cash Sweep Transfer,,EUR,"69,83",EUR,"2305,75",
19-03-2025,19:07,19-03-2025,REALTY INCOME CORP,US7561091049,Ingreso Cambio de Divisa,"1,0857",USD,"1468,22",USD,"-0,01",5b0a0510-b952-4c56-aa02-e8d4fa7f40ba
19-03-2025,19:07,19-03-2025,REALTY INCOME CORP,US7561091049,Retirada Cambio de Divisa,,EUR,"-1352,35",EUR,"2235,92",5b0a0510-b952-4c56-aa02-e8d4fa7f40ba
19-03-2025,19:07,19-03-2025,REALTY INCOME CORP,US7561091049,Costes de transacción y/o externos de DEGIRO,,EUR,"-2,00",EUR,"3588,27",5b0a0510-b952-4c56-aa02-e8d4fa7f40ba
19-03-2025,19:07,19-03-2025,REALTY INCOME CORP,US7561091049,"Compra 26 Realty Income Corp@56,47 USD (US7561091049)",,USD,"-1468,22",USD,"-1468,23",5b0a0510-b952-4c56-aa02-e8d4fa7f40ba
19-03-2025,16:01,19-03-2025,AST SPACEMOBILE INC CLASS A,US00217D1000,Retirada Cambio de Divisa,"1,0912",USD,"-1403,88",USD,"-0,01",ce438876-d3c0-46c2-9ac3-fdfe166eae3a
19-03-2025,16:01,19-03-2025,AST SPACEMOBILE INC CLASS A,US00217D1000,Ingreso Cambio de Divisa,,EUR,"1286,52",EUR,"3590,27",ce438876-d3c0-46c2-9ac3-fdfe166eae3a
19-03-2025,16:01,19-03-2025,AST SPACEMOBILE INC CLASS A,US00217D1000,Costes de transacción y/o externos de DEGIRO,,EUR,"-2,00",EUR,"2303,75",ce438876-d3c0-46c2-9ac3-fdfe166eae3a
19-03-2025,16:01,19-03-2025,AST SPACEMOBILE INC CLASS A,US00217D1000,"Venta 55 AST SpaceMobile Inc Class A@25,525 USD (US00217D1000)",,USD,"1403,88",USD,"1403,87",ce438876-d3c0-46c2-9ac3-fdfe166eae3a
19-03-2025,11:50,19-03-2025,,,"Transferir desde su Cuenta de Efectivo en flatexDEGIRO Bank: 3.719,38 EUR",,,,EUR,"2305,75",
19-03-2025,11:50,19-03-2025,,,Degiro Cash Sweep Transfer,,EUR,"3719,38",EUR,"6025,13",
19-03-2025,10:06,19-03-2025,AMAZON.COM INC,US0231351067,Costes de transacción y/o externos de DEGIRO,,EUR,"-4,90",EUR,"2305,75",83daeb0d-324e-4515-8ea6-a3384f902a53
19-03-2025,10:06,19-03-2025,AMAZON.COM INC,US0231351067,"Compra 21 Amazon.com Inc@176,88 EUR (US0231351067)",,EUR,"-3714,48",EUR,"2310,65",83daeb0d-324e-4515-8ea6-a3384f902a53
19-03-2025,09:20,19-03-2025,,,"Transferir a su Cuenta de Efectivo en flatexDEGIRO Bank: 2,19 EUR",,,,EUR,"6025,13",
19-03-2025,09:20,19-03-2025,,,Degiro Cash Sweep Transfer,,EUR,"-2,19",EUR,"6022,94",
19-03-2025,07:01,18-03-2025,,,Ingreso Cambio de Divisa,,EUR,"2,19",EUR,"6025,13",
19-03-2025,07:01,18-03-2025,,,Retirada Cambio de Divisa,"1,0972",USD,"-2,40",USD,"0,00",
18-03-2025,23:30,18-03-2025,,,flatex Deposit,,EUR,"6000,00",EUR,"6022,94",
18-03-2025,07:52,18-03-2025,,,"Transferir a su Cuenta de Efectivo en flatexDEGIRO Bank: 1,22 EUR",,,,EUR,"22,94",
18-03-2025,07:52,18-03-2025,,,Degiro Cash Sweep Transfer,,EUR,"-1,22",EUR,"21,72",
18-03-2025,07:34,17-03-2025,,,Comisión por Acción Corporativa,,USD,"-0,27",USD,"2,40",
18-03-2025,07:34,17-03-2025,DUKE ENERGY CORP,US26441C2044,Dividendo,,USD,"3,14",USD,"2,67",
18-03-2025,07:34,17-03-2025,DUKE ENERGY CORP,US26441C2044,Retención del dividendo,,USD,"-0,47",USD,"-0,47",
18-03-2025,06:38,17-03-2025,,,Ingreso Cambio de Divisa,,EUR,"1,22",EUR,"22,94",
18-03-2025,06:38,17-03-2025,,,Retirada Cambio de Divisa,"1,0950",USD,"-1,34",USD,"0,00",
17-03-2025,10:51,17-03-2025,,,"Transferir desde su Cuenta de Efectivo en flatexDEGIRO Bank: 784,9 EUR",,,,EUR,"21,72",
17-03-2025,10:51,17-03-2025,,,Degiro Cash Sweep Transfer,,EUR,"784,90",EUR,"806,62",
17-03-2025,09:00,17-03-2025,NAGARRO SE,DE000A3H2200,Costes de transacción y/o externos de DEGIRO,,EUR,"-4,90",EUR,"21,72",08438af5-65cc-4655-8f19-ede38e53b2a1
17-03-2025,09:00,17-03-2025,NAGARRO SE,DE000A3H2200,Compra 10 Nagarro SE@78 EUR (DE000A3H2200),,EUR,"-780,00",EUR,"26,62",08438af5-65cc-4655-8f19-ede38e53b2a1
17-03-2025,07:36,14-03-2025,,,Comisión por Acción Corporativa,,USD,"-0,15",USD,"1,34",
17-03-2025,07:36,14-03-2025,MAIN STREET CAPITAL CORP,US56035L1044,Dividendo,,USD,"1,75",USD,"1,49",
17-03-2025,07:36,14-03-2025,MAIN STREET CAPITAL CORP,US56035L1044,Retención del dividendo,,USD,"-0,26",USD,"-0,26",
17-03-2025,04:31,17-03-2025,,,"Transferir a su Cuenta de Efectivo en flatexDEGIRO Bank: 4,8 EUR",,,,EUR,"806,62",
17-03-2025,04:31,17-03-2025,,,Degiro Cash Sweep Transfer,,EUR,"-4,80",EUR,"801,82",
16-03-2025,06:38,14-03-2025,,,Ingreso Cambio de Divisa,,EUR,"4,80",EUR,"806,62",
16-03-2025,06:38,14-03-2025,,,Retirada Cambio de Divisa,"1,0906",USD,"-5,24",USD,"0,00",
16-03-2025,00:28,14-03-2025,REALTY INCOME CORP,US7561091049,Retención del dividendo,,USD,"-0,92",USD,"5,24",
16-03-2025,00:28,14-03-2025,REALTY INCOME CORP,US7561091049,Dividendo,,USD,"6,16",USD,"6,16",
14-03-2025,15:51,14-03-2025,,,"Transferir desde su Cuenta de Efectivo en flatexDEGIRO Bank: 1.123,23 EUR",,,,EUR,"801,82",
14-03-2025,15:51,14-03-2025,,,Degiro Cash Sweep Transfer,,EUR,"1123,23",EUR,"1925,05",
14-03-2025,11:51,14-03-2025,INDUSTRIA DE DISENO TEXTIL SA,ES0148396007,Spanish Transaction Tax,,EUR,"-1,07",EUR,"801,82",04dbf9a9-506a-43b5-8e25-33faa4e559d2
14-03-2025,11:51,14-03-2025,INDUSTRIA DE DISENO TEXTIL SA,ES0148396007,Spanish Transaction Tax,,EUR,"-1,16",EUR,"802,89",04dbf9a9-506a-43b5-8e25-33faa4e559d2
14-03-2025,11:51,14-03-2025,INDUSTRIA DE DISENO TEXTIL SA,ES0148396007,Costes de transacción y/o externos de DEGIRO,,EUR,"-2,00",EUR,"804,05",04dbf9a9-506a-43b5-8e25-33faa4e559d2
14-03-2025,11:51,14-03-2025,INDUSTRIA DE DISENO TEXTIL SA,ES0148396007,"Compra 12 Industria de Diseno Textil SA@44,76 EUR (ES0148396007)",,EUR,"-537,12",EUR,"806,05",04dbf9a9-506a-43b5-8e25-33faa4e559d2
14-03-2025,11:51,14-03-2025,INDUSTRIA DE DISENO TEXTIL SA,ES0148396007,"Compra 13 Industria de Diseno Textil SA@44,76 EUR (ES0148396007)",,EUR,"-581,88",EUR,"1343,17",04dbf9a9-506a-43b5-8e25-33faa4e559d2
14-03-2025,01:36,13-03-2025,,,"Transferir a su Cuenta de Efectivo en flatexDEGIRO Bank: 1.884,48 EUR",,,,EUR,"1925,05",
14-03-2025,01:36,13-03-2025,,,Degiro Cash Sweep Transfer,,EUR,"-1884,48",EUR,"40,57",
13-03-2025,19:05,13-03-2025,JEFFERIES FINANCIAL GROUP INC,US47233W1099,Retirada Cambio de Divisa,"1,0880",USD,"-1076,35",USD,"0,00",775e8f60-7c37-4176-ba6e-260b019b2949
13-03-2025,19:05,13-03-2025,JEFFERIES FINANCIAL GROUP INC,US47233W1099,Ingreso Cambio de Divisa,,EUR,"989,28",EUR,"1925,05",775e8f60-7c37-4176-ba6e-260b019b2949
13-03-2025,19:05,13-03-2025,JEFFERIES FINANCIAL GROUP INC,US47233W1099,Costes de transacción y/o externos de DEGIRO,,EUR,"-2,00",EUR,"935,77",775e8f60-7c37-4176-ba6e-260b019b2949
13-03-2025,19:05,13-03-2025,JEFFERIES FINANCIAL GROUP INC,US47233W1099,"Venta 20 Jefferies Financial Group Inc@53,8175 USD (US47233W1099)",,USD,"1076,35",USD,"1076,35",775e8f60-7c37-4176-ba6e-260b019b2949
13-03-2025,19:03,13-03-2025,ADVANCED MICRO DEVICES INC,US0079031078,Retirada Cambio de Divisa,"1,0884",USD,"-978,70",USD,"0,00",fceb2a33-72dd-4de0-bfaa-e563e9a78ded
13-03-2025,19:03,13-03-2025,ADVANCED MICRO DEVICES INC,US0079031078,Ingreso Cambio de Divisa,,EUR,"899,20",EUR,"937,77",fceb2a33-72dd-4de0-bfaa-e563e9a78ded
13-03-2025,19:03,13-03-2025,ADVANCED MICRO DEVICES INC,US0079031078,Costes de transacción y/o externos de DEGIRO,,EUR,"-2,00",EUR,"38,57",fceb2a33-72dd-4de0-bfaa-e563e9a78ded
13-03-2025,19:03,13-03-2025,ADVANCED MICRO DEVICES INC,US0079031078,"Venta 10 Advanced Micro Devices Inc@97,87 USD (US0079031078)",,USD,"978,70",USD,"978,70",fceb2a33-72dd-4de0-bfaa-e563e9a78ded
13-03-2025,11:01,13-03-2025,,,"Transferir desde su Cuenta de Efectivo en flatexDEGIRO Bank: 92,8 EUR",,,,EUR,"40,57",
13-03-2025,11:01,13-03-2025,,,Degiro Cash Sweep Transfer,,EUR,"92,80",EUR,"133,37",
13-03-2025,09:58,13-03-2025,INDUSTRIA DE DISENO TEXTIL SA,ES0148396007,Spanish Transaction Tax,,EUR,"-0,18",EUR,"40,57",0d70c4d1-1e39-4026-a2a7-0d131632defd
13-03-2025,09:58,13-03-2025,INDUSTRIA DE DISENO TEXTIL SA,ES0148396007,Costes de transacción y/o externos de DEGIRO,,EUR,"-2,00",EUR,"40,75",0d70c4d1-1e39-4026-a2a7-0d131632defd
13-03-2025,09:58,13-03-2025,INDUSTRIA DE DISENO TEXTIL SA,ES0148396007,"Compra 2 Industria de Diseno Textil SA@45,31 EUR (ES0148396007)",,EUR,"-90,62",EUR,"42,75",0d70c4d1-1e39-4026-a2a7-0d131632defd
13-03-2025,01:58,12-03-2025,,,"Transferir desde su Cuenta de Efectivo en flatexDEGIRO Bank: 92,39 EUR",,,,EUR,"133,37",
13-03-2025,01:58,12-03-2025,,,Degiro Cash Sweep Transfer,,EUR,"92,39",EUR,"225,76",
12-03-2025,15:00,11-03-2025,,,"Transferir a su Cuenta de Efectivo en flatexDEGIRO Bank: 4,24 EUR",,,,EUR,"133,37",
12-03-2025,15:00,11-03-2025,,,Degiro Cash Sweep Transfer,,EUR,"-4,24",EUR,"129,13",
12-03-2025,06:40,11-03-2025,,,Ingreso Cambio de Divisa,,EUR,"2,07",EUR,"133,37",
12-03-2025,06:40,11-03-2025,,,Retirada Cambio de Divisa,"1,0947",USD,"-2,27",USD,"0,00",
11-03-2025,15:20,11-03-2025,ISHARES MSCI CHINA UCITS ETF USD ACC,IE00BJ5JPG56,Costes de transacción y/o externos de DEGIRO,,EUR,"-3,00",EUR,"131,30",b208c9d4-cc3c-421c-a076-c10ec756a4ac
11-03-2025,15:20,11-03-2025,ISHARES MSCI CHINA UCITS ETF USD ACC,IE00BJ5JPG56,"Compra 18 iShares MSCI China UCITS ETF USD Acc@5,081 EUR (IE00BJ5JPG56)",,EUR,"-91,46",EUR,"134,30",b208c9d4-cc3c-421c-a076-c10ec756a4ac
11-03-2025,15:19,11-03-2025,,,flatex Deposit,,EUR,"100,00",EUR,"225,76",
11-03-2025,07:29,10-03-2025,,,Comisión por Acción Corporativa,,USD,"-0,25",USD,"2,27",
11-03-2025,07:29,10-03-2025,EXXON MOBIL CORP,US30231G1022,Dividendo,,USD,"2,97",USD,"2,52",
11-03-2025,07:29,10-03-2025,EXXON MOBIL CORP,US30231G1022,Retención del dividendo,,USD,"-0,45",USD,"-0,45",
11-03-2025,06:40,10-03-2025,,,Ingreso Cambio de Divisa,,EUR,"4,24",EUR,"125,76",
11-03-2025,06:40,10-03-2025,,,Retirada Cambio de Divisa,"1,0861",USD,"-4,61",USD,"0,00",
10-03-2025,15:53,10-03-2025,,,"Transferir desde su Cuenta de Efectivo en flatexDEGIRO Bank: 911,6 EUR",,,,EUR,"121,52",
10-03-2025,15:53,10-03-2025,,,Degiro Cash Sweep Transfer,,EUR,"911,60",EUR,"1033,12",
10-03-2025,12:01,08-03-2025,,,"Transferir desde su Cuenta de Efectivo en flatexDEGIRO Bank: 2.506,75 EUR",,,,EUR,"121,52",
10-03-2025,12:01,08-03-2025,,,Degiro Cash Sweep Transfer,,EUR,"2506,75",EUR,"2628,27",
10-03-2025,10:38,10-03-2025,AMAZON.COM INC,US0231351067,Costes de transacción y/o externos de DEGIRO,,EUR,"-4,90",EUR,"121,52",b2b078a2-139a-4ba6-8e78-27dfa2c102ba
10-03-2025,10:38,10-03-2025,AMAZON.COM INC,US0231351067,"Compra 2 Amazon.com Inc@181,34 EUR (US0231351067)",,EUR,"-362,68",EUR,"126,42",b2b078a2-139a-4ba6-8e78-27dfa2c102ba
10-03-2025,10:38,10-03-2025,AMAZON.COM INC,US0231351067,"Compra 3 Amazon.com Inc@181,34 EUR (US0231351067)",,EUR,"-544,02",EUR,"489,10",b2b078a2-139a-4ba6-8e78-27dfa2c102ba
10-03-2025,10:21,10-03-2025,,,flatex Deposit,,EUR,"1000,00",EUR,"1033,12",
10-03-2025,10:21,10-03-2025,,,flatex Deposit,,EUR,"10,00",EUR,"33,12",
10-03-2025,07:10,07-03-2025,,,Comisión por Acción Corporativa,,USD,"-0,51",USD,"4,61",
10-03-2025,07:08,07-03-2025,PFIZER INC,US7170811035,Retención del dividendo,,USD,"-0,90",USD,"5,12",
10-03-2025,07:08,07-03-2025,PFIZER INC,US7170811035,Dividendo,,USD,"6,02",USD,"6,02",
07-03-2025,17:10,07-03-2025,BRISTOL-MYERS SQUIBB CO,US1101221083,Costes de transacción y/o externos de DEGIRO,,EUR,"-4,90",EUR,"23,12",028784d5-7141-4f69-a3c8-9a4c8dcb2feb
07-03-2025,17:10,07-03-2025,BRISTOL-MYERS SQUIBB CO,US1101221083,"Compra 15 Bristol-Myers Squibb Co@57,38 EUR (US1101221083)",,EUR,"-860,70",EUR,"28,02",028784d5-7141-4f69-a3c8-9a4c8dcb2feb
07-03-2025,15:30,07-03-2025,ESSENTIAL UTILITIES INC,US29670G1022,Ingreso Cambio de Divisa,"1,0841",USD,"884,81",USD,"0,00",abc39cea-2ee0-4474-b858-020c8f5ff709
07-03-2025,15:30,07-03-2025,ESSENTIAL UTILITIES INC,US29670G1022,Retirada Cambio de Divisa,,EUR,"-816,18",EUR,"888,72",abc39cea-2ee0-4474-b858-020c8f5ff709
07-03-2025,15:30,07-03-2025,ESSENTIAL UTILITIES INC,US29670G1022,Costes de transacción y/o externos de DEGIRO,,EUR,"-2,00",EUR,"1704,90",abc39cea-2ee0-4474-b858-020c8f5ff709
07-03-2025,15:30,07-03-2025,ESSENTIAL UTILITIES INC,US29670G1022,"Compra 23 Essential Utilities Inc@38,47 USD (US29670G1022)",,USD,"-884,81",USD,"-884,81",abc39cea-2ee0-4474-b858-020c8f5ff709
07-03-2025,15:30,07-03-2025,MAGNA INTERNATIONAL INC,CA5592224011,Ingreso Cambio de Divisa,"1,0840",USD,"889,92",USD,"0,00",13310720-e29f-417c-919e-67241cb66d91
07-03-2025,15:30,07-03-2025,MAGNA INTERNATIONAL INC,CA5592224011,Retirada Cambio de Divisa,,EUR,"-820,97",EUR,"1706,90",13310720-e29f-417c-919e-67241cb66d91
07-03-2025,15:30,07-03-2025,MAGNA INTERNATIONAL INC,CA5592224011,Costes de transacción y/o externos de DEGIRO,,EUR,"-2,00",EUR,"2527,87",13310720-e29f-417c-919e-67241cb66d91
07-03-2025,15:30,07-03-2025,MAGNA INTERNATIONAL INC,CA5592224011,"Compra 24 Magna International Inc@37,08 USD (CA5592224011)",,USD,"-889,92",USD,"-889,92",13310720-e29f-417c-919e-67241cb66d91
07-03-2025,06:23,07-03-2025,,,flatex Deposit,,EUR,"2500,00",EUR,"2529,87",
05-03-2025,19:20,05-03-2025,,,"Transferir desde su Cuenta de Efectivo en flatexDEGIRO Bank: 1.346,62 EUR",,,,EUR,"29,87",
05-03-2025,19:20,05-03-2025,,,Degiro Cash Sweep Transfer,,EUR,"1346,62",EUR,"1376,49",
05-03-2025,13:44,04-03-2025,,,Ingreso Cambio de Divisa,,EUR,"2,07",EUR,"29,87",
05-03-2025,13:44,04-03-2025,,,Retirada Cambio de Divisa,"1,5331",CAD,"-3,18",CAD,"0,00",
05-03-2025,11:05,05-03-2025,,,Transferir a su Cuenta de Efectivo en flatexDEGIRO Bank: 1 EUR,,,,EUR,"27,80",
05-03-2025,11:05,05-03-2025,,,Degiro Cash Sweep Transfer,,EUR,"-1,00",EUR,"26,80",
05-03-2025,10:10,05-03-2025,,,"Transferir desde su Cuenta de Efectivo en flatexDEGIRO Bank: 1.571,33 EUR",,,,EUR,"27,80",
05-03-2025,10:10,05-03-2025,,,Degiro Cash Sweep Transfer,,EUR,"1571,33",EUR,"1599,13",
05-03-2025,09:04,05-03-2025,VANGUARD S&P 500 UCITS ETF USD DIS,IE00B3XXRP09,Costes de transacción y/o externos de DEGIRO,,EUR,"-3,00",EUR,"27,80",8f258732-e17f-4789-af36-6c0863926528
05-03-2025,09:04,05-03-2025,VANGUARD S&P 500 UCITS ETF USD DIS,IE00B3XXRP09,"Compra 7 Vanguard S&P 500 UCITS ETF USD Dis@103,485 EUR (IE00B3XXRP09)",,EUR,"-724,40",EUR,"30,80",8f258732-e17f-4789-af36-6c0863926528
05-03-2025,09:04,05-03-2025,ISHARES CORE FTSE 100 UCITS ETF GBP,IE00B53HP851,Costes de transacción y/o externos de DEGIRO,,EUR,"-3,00",EUR,"755,19",6170fce2-0815-4527-abb4-d0871f7b9466
05-03-2025,09:04,05-03-2025,ISHARES CORE FTSE 100 UCITS ETF GBP,IE00B53HP851,"Compra 3 iShares Core FTSE 100 UCITS ETF GBP (Acc)@206,1 EUR (IE00B53HP851)",,EUR,"-618,30",EUR,"758,19",6170fce2-0815-4527-abb4-d0871f7b9466
05-03-2025,00:39,04-03-2025,,,Ingreso,,EUR,"1,00",EUR,"1376,49",
04-03-2025,16:54,04-03-2025,AST SPACEMOBILE INC CLASS A,US00217D1000,Ingreso Cambio de Divisa,"1,0497",USD,"994,93",USD,"0,00",37018c8e-d6f7-4e82-bd4e-fe8bafd78cb0
04-03-2025,16:54,04-03-2025,AST SPACEMOBILE INC CLASS A,US00217D1000,Retirada Cambio de Divisa,,EUR,"-947,85",EUR,"1375,49",37018c8e-d6f7-4e82-bd4e-fe8bafd78cb0
04-03-2025,16:54,04-03-2025,AST SPACEMOBILE INC CLASS A,US00217D1000,Costes de transacción y/o externos de DEGIRO,,EUR,"-2,00",EUR,"2323,34",37018c8e-d6f7-4e82-bd4e-fe8bafd78cb0
04-03-2025,16:54,04-03-2025,AST SPACEMOBILE INC CLASS A,US00217D1000,"Compra 37 AST SpaceMobile Inc Class A@26,89 USD (US00217D1000)",,USD,"-994,93",USD,"-994,93",37018c8e-d6f7-4e82-bd4e-fe8bafd78cb0
04-03-2025,16:46,04-03-2025,PFIZER INC,US7170811035,Ingreso Cambio de Divisa,"1,0497",USD,"650,25",USD,"0,00",688df186-ffbd-4737-8747-92e12481f174
04-03-2025,16:46,04-03-2025,PFIZER INC,US7170811035,Retirada Cambio de Divisa,,EUR,"-619,48",EUR,"2325,34",688df186-ffbd-4737-8747-92e12481f174
04-03-2025,16:46,04-03-2025,PFIZER INC,US7170811035,Costes de transacción y/o externos de DEGIRO,,EUR,"-2,00",EUR,"2944,82",688df186-ffbd-4737-8747-92e12481f174
04-03-2025,16:46,04-03-2025,PFIZER INC,US7170811035,"Compra 25 Pfizer Inc@26,01 USD (US7170811035)",,USD,"-650,25",USD,"-650,25",688df186-ffbd-4737-8747-92e12481f174
04-03-2025,15:44,04-03-2025,,,flatex Deposit,,EUR,"2500,00",EUR,"2946,82",
04-03-2025,07:06,03-03-2025,,,Comisión por Acción Corporativa,,CAD,"-0,35",CAD,"3,18",
04-03-2025,07:05,03-03-2025,ENBRIDGE INC,CA29250N1050,Dividendo,,CAD,"4,71",CAD,"3,53",
04-03-2025,07:05,03-03-2025,ENBRIDGE INC,CA29250N1050,Retención del dividendo,,CAD,"-1,18",CAD,"-1,18",
04-03-2025,04:00,03-03-2025,,,Degiro Cash Sweep Transfer,,EUR,"502,53",EUR,"446,82",
04-03-2025,04:00,03-03-2025,,,"Transferir desde su Cuenta de Efectivo en flatexDEGIRO Bank: 502,53 EUR",,,,EUR,"-55,71",
04-03-2025,02:50,03-03-2025,,,Degiro Cash Sweep Transfer,,EUR,"-5,88",EUR,"446,82",
04-03-2025,02:50,03-03-2025,,,"Transferir a su Cuenta de Efectivo en flatexDEGIRO Bank: 5,88 EUR",,,,EUR,"452,70",
03-03-2025,15:30,03-03-2025,AST SPACEMOBILE INC CLASS A,US00217D1000,Ingreso Cambio de Divisa,"1,0458",USD,"523,44",USD,"0,00",accc1bd9-74d9-4bdb-96b9-42a8d8f22090
03-03-2025,15:30,03-03-2025,AST SPACEMOBILE INC CLASS A,US00217D1000,Retirada Cambio de Divisa,,EUR,"-500,53",EUR,"446,82",accc1bd9-74d9-4bdb-96b9-42a8d8f22090
03-03-2025,15:30,03-03-2025,AST SPACEMOBILE INC CLASS A,US00217D1000,Costes de transacción y/o externos de DEGIRO,,EUR,"-2,00",EUR,"947,35",accc1bd9-74d9-4bdb-96b9-42a8d8f22090
03-03-2025,15:30,03-03-2025,AST SPACEMOBILE INC CLASS A,US00217D1000,"Compra 18 AST SpaceMobile Inc Class A@29,08 USD (US00217D1000)",,USD,"-523,44",USD,"-523,44",accc1bd9-74d9-4bdb-96b9-42a8d8f22090
02-03-2025,15:30,02-03-2025,,,flatex Deposit,,EUR,"700,00",EUR,"949,35",
01-03-2025,06:40,28-02-2025,,,Ingreso Cambio de Divisa,,EUR,"5,88",EUR,"249,35",
01-03-2025,06:40,28-02-2025,,,Retirada Cambio de Divisa,"1,0402",USD,"-6,12",USD,"0,00",
28-02-2025,18:20,28-02-2025,,,Degiro Cash Sweep Transfer,,EUR,"1126,98",EUR,"243,47",
28-02-2025,18:20,28-02-2025,,,"Transferir desde su Cuenta de Efectivo en flatexDEGIRO Bank: 1.126,98 EUR",,,,EUR,"-883,51",
28-02-2025,09:14,28-02-2025,ISHARES MSCI CHINA UCITS ETF USD ACC,IE00BJ5JPG56,Costes de transacción y/o externos de DEGIRO,,EUR,"-3,00",EUR,"243,47",c194803c-81c8-4eb8-a957-2b377b6ee093
28-02-2025,09:14,28-02-2025,ISHARES MSCI CHINA UCITS ETF USD ACC,IE00BJ5JPG56,"Compra 220 iShares MSCI China UCITS ETF USD Acc@5,109 EUR (IE00BJ5JPG56)",,EUR,"-1123,98",EUR,"246,47",c194803c-81c8-4eb8-a957-2b377b6ee093
28-02-2025,07:26,27-02-2025,,,Comisión por Acción Corporativa,,USD,"-0,68",USD,"6,12",
28-02-2025,07:26,27-02-2025,JEFFERIES FINANCIAL GROUP INC,US47233W1099,Dividendo,,USD,"8,00",USD,"6,80",
28-02-2025,07:26,27-02-2025,JEFFERIES FINANCIAL GROUP INC,US47233W1099,Retención del dividendo,,USD,"-1,20",USD,"-1,20",
28-02-2025,01:53,27-02-2025,,,Degiro Cash Sweep Transfer,,EUR,"-917,63",EUR,"1370,45",
28-02-2025,01:53,27-02-2025,,,"Transferir a su Cuenta de Efectivo en flatexDEGIRO Bank: 917,63 EUR",,,,EUR,"2288,08",
27-02-2025,21:09,27-02-2025,APPLOVIN CORP CLASS A,US03831W1080,Retirada Cambio de Divisa,"1,0431",USD,"-959,27",USD,"0,00",7976fa7b-6a63-438e-978d-ba4afcc1367f
27-02-2025,21:09,27-02-2025,APPLOVIN CORP CLASS A,US03831W1080,Ingreso Cambio de Divisa,,EUR,"919,63",EUR,"1370,45",7976fa7b-6a63-438e-978d-ba4afcc1367f
27-02-2025,21:09,27-02-2025,APPLOVIN CORP CLASS A,US03831W1080,Costes de transacción y/o externos de DEGIRO,,EUR,"-2,00",EUR,"450,82",7976fa7b-6a63-438e-978d-ba4afcc1367f
27-02-2025,21:09,27-02-2025,APPLOVIN CORP CLASS A,US03831W1080,"Venta 3 Applovin Corp Class A@319,755 USD (US03831W1080)",,USD,"959,26",USD,"959,27",7976fa7b-6a63-438e-978d-ba4afcc1367f
25-02-2025,02:41,24-02-2025,,,Degiro Cash Sweep Transfer,,EUR,"1062,77",EUR,"452,82",
25-02-2025,02:41,24-02-2025,,,"Transferir desde su Cuenta de Efectivo en flatexDEGIRO Bank: 1.062,77 EUR",,,,EUR,"-609,95",
24-02-2025,16:11,24-02-2025,,,Degiro Cash Sweep Transfer,,EUR,"3670,00",EUR,"452,82",
24-02-2025,16:11,24-02-2025,,,Transferir desde su Cuenta de Efectivo en flatexDEGIRO Bank: 3.670 EUR,,,,EUR,"-3217,18",
24-02-2025,15:32,24-02-2025,ADVANCED MICRO DEVICES INC,US0079031078,Ingreso Cambio de Divisa,"1,0436",USD,"1107,00",USD,"0,00",f078fff8-c498-4f3c-8077-c7fd3b31c3cc
24-02-2025,15:32,24-02-2025,ADVANCED MICRO DEVICES INC,US0079031078,Retirada Cambio de Divisa,,EUR,"-1060,77",EUR,"452,82",f078fff8-c498-4f3c-8077-c7fd3b31c3cc
24-02-2025,15:32,24-02-2025,ADVANCED MICRO DEVICES INC,US0079031078,Costes de transacción y/o externos de DEGIRO,,EUR,"-2,00",EUR,"1513,59",f078fff8-c498-4f3c-8077-c7fd3b31c3cc
24-02-2025,15:32,24-02-2025,ADVANCED MICRO DEVICES INC,US0079031078,"Compra 10 Advanced Micro Devices Inc@110,7 USD (US0079031078)",,USD,"-1107,00",USD,"-1107,00",f078fff8-c498-4f3c-8077-c7fd3b31c3cc
24-02-2025,09:04,24-02-2025,ISHARES CORE S&P 500 UCITS ETF USD,IE00B5BMR087,Costes de transacción y/o externos de DEGIRO,,EUR,"-1,00",EUR,"1515,59",dfc53410-a534-478a-b318-7545eeb47c60
24-02-2025,09:04,24-02-2025,ISHARES CORE S&P 500 UCITS ETF USD,IE00B5BMR087,"Compra 6 iShares Core S&P 500 UCITS ETF USD (Acc)@611,5 EUR (IE00B5BMR087)",,EUR,"-3669,00",EUR,"1516,59",dfc53410-a534-478a-b318-7545eeb47c60
23-02-2025,01:34,23-02-2025,,,flatex Deposit,,EUR,"5000,00",EUR,"5185,59",
19-02-2025,07:31,18-02-2025,,,"Transferir a su Cuenta de Efectivo en flatexDEGIRO Bank: 9,5 EUR",,,,EUR,"185,59",
19-02-2025,07:31,18-02-2025,,,Degiro Cash Sweep Transfer,,EUR,"-9,50",EUR,"176,09",
18-02-2025,06:59,17-02-2025,,,Ingreso Cambio de Divisa,,EUR,"9,50",EUR,"185,59",
18-02-2025,06:59,17-02-2025,,,Retirada Cambio de Divisa,"1,0511",USD,"-9,98",USD,"0,00",
17-02-2025,07:16,14-02-2025,,,Comisión por Acción Corporativa,,USD,"-0,44",USD,"9,98",
17-02-2025,07:16,14-02-2025,NNN REIT INC,US6374171063,Dividendo,,USD,"5,22",USD,"10,42",
17-02-2025,07:16,14-02-2025,NNN REIT INC,US6374171063,Retención del dividendo,,USD,"-0,78",USD,"5,20",
17-02-2025,07:08,14-02-2025,,,Comisión por Acción Corporativa,,USD,"-0,15",USD,"5,98",
17-02-2025,07:07,14-02-2025,MAIN STREET CAPITAL CORP,US56035L1044,Dividendo,,USD,"1,75",USD,"6,13",
17-02-2025,07:07,14-02-2025,MAIN STREET CAPITAL CORP,US56035L1044,Retención del dividendo,,USD,"-0,26",USD,"4,38",
17-02-2025,07:06,14-02-2025,,,Comisión por Acción Corporativa,,USD,"-0,52",USD,"4,64",
17-02-2025,07:05,14-02-2025,REALTY INCOME CORP,US7561091049,Dividendo,,USD,"6,07",USD,"5,16",
17-02-2025,07:05,14-02-2025,REALTY INCOME CORP,US7561091049,Retención del dividendo,,USD,"-0,91",USD,"-0,91",
07-02-2025,08:11,06-02-2025,,,"Transferir desde su Cuenta de Efectivo en flatexDEGIRO Bank: 7,5 EUR",,,,EUR,"176,09",
07-02-2025,08:11,06-02-2025,,,Degiro Cash Sweep Transfer,,EUR,"7,50",EUR,"183,59",
06-02-2025,17:15,31-01-2025,,,Comisión de conectividad con el mercado 2025 (New York Stock Exchange - NSY),,EUR,"-2,50",EUR,"176,09",
06-02-2025,17:15,31-01-2025,,,Comisión de conectividad con el mercado 2025 (Nasdaq - NDQ),,EUR,"-2,50",EUR,"178,59",
06-02-2025,17:15,31-01-2025,,,Comisión de conectividad con el mercado 2025 (Xetra - XET),,EUR,"-2,50",EUR,"181,09",
06-02-2025,01:12,05-02-2025,,,"Transferir desde su Cuenta de Efectivo en flatexDEGIRO Bank: 933,79 EUR",,,,EUR,"183,59",
06-02-2025,01:12,05-02-2025,,,Degiro Cash Sweep Transfer,,EUR,"933,79",EUR,"1117,38",
05-02-2025,18:41,05-02-2025,,,"Transferir a su Cuenta de Efectivo en flatexDEGIRO Bank: 4,98 EUR",,,,EUR,"183,59",
05-02-2025,18:41,05-02-2025,,,Degiro Cash Sweep Transfer,,EUR,"-4,98",EUR,"178,61",
05-02-2025,16:16,05-02-2025,UBER TECHNOLOGIES INC,US90353T1007,Ingreso Cambio de Divisa,"1,0401",USD,"969,15",USD,"0,00",9faeecd1-e62c-4da2-8718-4e98518a3510
05-02-2025,16:16,05-02-2025,UBER TECHNOLOGIES INC,US90353T1007,Retirada Cambio de Divisa,,EUR,"-931,79",EUR,"183,59",9faeecd1-e62c-4da2-8718-4e98518a3510
05-02-2025,16:16,05-02-2025,UBER TECHNOLOGIES INC,US90353T1007,Costes de transacción y/o externos de DEGIRO,,EUR,"-2,00",EUR,"1115,38",9faeecd1-e62c-4da2-8718-4e98518a3510
05-02-2025,16:16,05-02-2025,UBER TECHNOLOGIES INC,US90353T1007,"Compra 15 Uber Technologies Inc@64,61 USD (US90353T1007)",,USD,"-969,15",USD,"-969,15",9faeecd1-e62c-4da2-8718-4e98518a3510
05-02-2025,16:15,05-02-2025,,,flatex Deposit,,EUR,"1000,00",EUR,"1117,38",
05-02-2025,06:53,04-02-2025,,,Ingreso Cambio de Divisa,,EUR,"4,98",EUR,"117,38",
05-02-2025,06:53,04-02-2025,,,Retirada Cambio de Divisa,"1,0405",USD,"-5,18",USD,"0,00",
04-02-2025,07:05,03-02-2025,,,Comisión por Acción Corporativa,,USD,"-0,58",USD,"5,18",
04-02-2025,07:05,03-02-2025,VERIZON COMMUNICATIONS INC,US92343V1044,Dividendo,,USD,"6,78",USD,"5,76",
04-02-2025,07:05,03-02-2025,VERIZON COMMUNICATIONS INC,US92343V1044,Retención del dividendo,,USD,"-1,02",USD,"-1,02",
31-01-2025,17:50,31-01-2025,,,"Transferir a su Cuenta de Efectivo en flatexDEGIRO Bank: 0,19 EUR",,,,EUR,"112,40",
31-01-2025,17:50,31-01-2025,,,Degiro Cash Sweep Transfer,,EUR,"-0,19",EUR,"112,21",
31-01-2025,03:18,31-01-2025,,,DEGIRO Compensación de fondos del mercado monetario,,EUR,"0,19",EUR,"112,40",
30-01-2025,18:52,30-01-2025,,,"Transferir a su Cuenta de Efectivo en flatexDEGIRO Bank: 3,8 EUR",,,,EUR,"112,21",
30-01-2025,18:52,30-01-2025,,,Degiro Cash Sweep Transfer,,EUR,"-3,80",EUR,"108,41",
30-01-2025,06:52,29-01-2025,,,Ingreso Cambio de Divisa,,EUR,"3,80",EUR,"112,21",
30-01-2025,06:52,29-01-2025,,,Retirada Cambio de Divisa,"1,5064",CAD,"-5,72",CAD,"0,00",
30-01-2025,06:24,29-01-2025,,,Comisión por Acción Corporativa,,CAD,"-0,64",CAD,"5,72",
30-01-2025,06:24,29-01-2025,BANK OF NOVA SCOTIA,CA0641491075,Dividendo,,CAD,"8,48",CAD,"6,36",
30-01-2025,06:24,29-01-2025,BANK OF NOVA SCOTIA,CA0641491075,Retención del dividendo,,CAD,"-2,12",CAD,"-2,12",
24-01-2025,17:30,24-01-2025,,,"Transferir a su Cuenta de Efectivo en flatexDEGIRO Bank: 2,35 EUR",,,,EUR,"108,41",
24-01-2025,17:30,24-01-2025,,,Degiro Cash Sweep Transfer,,EUR,"-2,35",EUR,"106,06",
24-01-2025,06:52,23-01-2025,,,Ingreso Cambio de Divisa,,EUR,"2,35",EUR,"108,41",
24-01-2025,06:52,23-01-2025,,,Retirada Cambio de Divisa,"1,0442",USD,"-2,45",USD,"0,00",
23-01-2025,07:18,22-01-2025,,,Comisión por Acción Corporativa,,USD,"-0,27",USD,"2,45",
23-01-2025,07:18,22-01-2025,CISCO SYSTEMS INC,US17275R1023,Dividendo,,USD,"3,20",USD,"2,72",
23-01-2025,07:18,22-01-2025,CISCO SYSTEMS INC,US17275R1023,Retención del dividendo,,USD,"-0,48",USD,"-0,48",
17-01-2025,19:02,17-01-2025,,,"Transferir a su Cuenta de Efectivo en flatexDEGIRO Bank: 23,96 EUR",,,,EUR,"106,06",
17-01-2025,19:02,17-01-2025,FLATEX EURO BANKACCOUNT,NLFLATEXACNT,Degiro Cash Sweep Transfer,,EUR,"-23,96",EUR,"82,10",
17-01-2025,07:00,16-01-2025,,,Ingreso Cambio de Divisa,,EUR,"23,96",EUR,"106,06",
17-01-2025,07:00,16-01-2025,,,Retirada Cambio de Divisa,"1,0327",USD,"-24,74",USD,"0,00",
16-01-2025,07:30,15-01-2025,,,Comisión por Acción Corporativa,,USD,"-1,64",USD,"24,74",
16-01-2025,07:30,15-01-2025,OLD REPUBLIC INTERNATIONAL CORP,US6802231042,Retención del dividendo,,USD,"-3,60",USD,"26,38",
16-01-2025,07:30,15-01-2025,OLD REPUBLIC INTERNATIONAL CORP,US6802231042,Dividendo,,USD,"24,00",USD,"29,98",
16-01-2025,07:27,15-01-2025,,,Comisión por Acción Corporativa,,USD,"-0,15",USD,"5,98",
16-01-2025,07:26,15-01-2025,MAIN STREET CAPITAL CORP,US56035L1044,Retención del dividendo,,USD,"-0,26",USD,"6,13",
16-01-2025,07:26,15-01-2025,MAIN STREET CAPITAL CORP,US56035L1044,Dividendo,,USD,"1,75",USD,"6,39",
16-01-2025,07:06,15-01-2025,,,Comisión por Acción Corporativa,,USD,"-0,52",USD,"4,64",
16-01-2025,07:05,15-01-2025,REALTY INCOME CORP,US7561091049,Retención del dividendo,,USD,"-0,91",USD,"5,16",
16-01-2025,07:05,15-01-2025,REALTY INCOME CORP,US7561091049,Dividendo,,USD,"6,07",USD,"6,07",
08-01-2025,05:30,07-01-2025,,,"Transferir a su Cuenta de Efectivo en flatexDEGIRO Bank: 1,53 EUR",,,,EUR,"82,10",
08-01-2025,05:30,07-01-2025,FLATEX EURO BANKACCOUNT,NLFLATEXACNT,Degiro Cash Sweep Transfer,,EUR,"-1,53",EUR,"80,57",
07-01-2025,06:52,06-01-2025,,,Ingreso Cambio de Divisa,,EUR,"1,53",EUR,"82,10",
07-01-2025,06:52,06-01-2025,,,Retirada Cambio de Divisa,"1,4927",CAD,"-2,29",CAD,"0,00",
06-01-2025,07:27,03-01-2025,,,Comisión por Acción Corporativa,,CAD,"-0,25",CAD,"2,29",
06-01-2025,07:27,03-01-2025,CANADIAN NATURAL RESOURCES LTD,CA1363851017,Dividendo,,CAD,"3,38",CAD,"2,54",
06-01-2025,07:27,03-01-2025,CANADIAN NATURAL RESOURCES LTD,CA1363851017,Retención del dividendo,,CAD,"-0,84",CAD,"-0,84",
05-01-2025,04:20,02-01-2025,,,Flatex Interest Income,,EUR,"0,00",EUR,"80,57",
03-01-2025,03:48,02-01-2025,,,"Transferir a su Cuenta de Efectivo en flatexDEGIRO Bank: 7,83 EUR",,,,EUR,"80,57",
03-01-2025,03:48,02-01-2025,FLATEX EURO BANKACCOUNT,NLFLATEXACNT,Degiro Cash Sweep Transfer,,EUR,"-7,83",EUR,"72,74",
31-12-2024,07:20,30-12-2024,,,Ingreso Cambio de Divisa,,EUR,"7,83",EUR,"80,57",
31-12-2024,07:20,30-12-2024,,,Retirada Cambio de Divisa,"1,0433",USD,"-8,17",USD,"0,00",
30-12-2024,07:29,27-12-2024,,,Comisión por Acción Corporativa,,USD,"-0,18",USD,"8,17",
30-12-2024,07:29,27-12-2024,MAIN STREET CAPITAL CORP,US56035L1044,Retención del dividendo,,USD,"-0,32",USD,"8,35",
30-12-2024,07:29,27-12-2024,MAIN STREET CAPITAL CORP,US56035L1044,Dividendo,,USD,"2,10",USD,"8,67",
30-12-2024,07:23,27-12-2024,,,Comisión por Acción Corporativa,,USD,"-0,73",USD,"6,57",
30-12-2024,07:22,27-12-2024,VNGRD FTSE ALL-WLD HGH DIV YLD UCITS,IE00B8GKDB10,Dividendo,,USD,"7,30",USD,"7,30",
24-12-2024,10:45,23-12-2024,FLATEX EURO BANKACCOUNT,NLFLATEXACNT,Degiro Cash Sweep Transfer,,EUR,"2007,32",EUR,"72,74",
24-12-2024,10:45,23-12-2024,,,"Transferir desde su Cuenta de Efectivo en flatexDEGIRO Bank: 2.007,32 EUR",,,,EUR,"-1934,58",
23-12-2024,15:42,23-12-2024,VANGUARD S&P 500 UCITS ETF USD DIS,IE00B3XXRP09,Costes de transacción y/o externos de DEGIRO,,EUR,"-3,00",EUR,"72,74",cfdb964b-9ab8-46d8-8aeb-9775b1fffe40
23-12-2024,15:42,23-12-2024,VANGUARD S&P 500 UCITS ETF USD DIS,IE00B3XXRP09,"Compra 5 Vanguard S&P 500 UCITS ETF USD Dis@108,29 EUR (IE00B3XXRP09)",,EUR,"-541,45",EUR,"75,74",cfdb964b-9ab8-46d8-8aeb-9775b1fffe40
23-12-2024,15:30,23-12-2024,JEFFERIES FINANCIAL GROUP INC,US47233W1099,Ingreso Cambio de Divisa,"1,0376",USD,"1515,80",USD,"0,00",90c44ffc-efe5-4344-ba3b-d9f86c90d805
23-12-2024,15:30,23-12-2024,JEFFERIES FINANCIAL GROUP INC,US47233W1099,Retirada Cambio de Divisa,,EUR,"-1460,87",EUR,"617,19",90c44ffc-efe5-4344-ba3b-d9f86c90d805
23-12-2024,15:30,23-12-2024,JEFFERIES FINANCIAL GROUP INC,US47233W1099,Costes de transacción y/o externos de DEGIRO,,EUR,"-2,00",EUR,"2078,06",90c44ffc-efe5-4344-ba3b-d9f86c90d805
23-12-2024,15:30,23-12-2024,JEFFERIES FINANCIAL GROUP INC,US47233W1099,"Compra 20 Jefferies Financial Group Inc@75,79 USD (US47233W1099)",,USD,"-1515,80",USD,"-1515,80",90c44ffc-efe5-4344-ba3b-d9f86c90d805
23-12-2024,10:45,20-12-2024,FLATEX EURO BANKACCOUNT,NLFLATEXACNT,Degiro Cash Sweep Transfer,,EUR,"512,20",EUR,"2080,06",
23-12-2024,10:45,20-12-2024,,,"Transferir desde su Cuenta de Efectivo en flatexDEGIRO Bank: 512,2 EUR",,,,EUR,"1567,86",
20-12-2024,16:42,20-12-2024,REALTY INCOME CORP,US7561091049,Ingreso Cambio de Divisa,"1,0374",USD,"529,29",USD,"0,00",7fd86b51-4fb7-4af8-957e-867cafc48a8b
20-12-2024,16:42,20-12-2024,REALTY INCOME CORP,US7561091049,Retirada Cambio de Divisa,,EUR,"-510,20",EUR,"2080,06",7fd86b51-4fb7-4af8-957e-867cafc48a8b
20-12-2024,16:42,20-12-2024,REALTY INCOME CORP,US7561091049,Costes de transacción y/o externos de DEGIRO,,EUR,"-2,00",EUR,"2590,26",7fd86b51-4fb7-4af8-957e-867cafc48a8b
20-12-2024,16:42,20-12-2024,REALTY INCOME CORP,US7561091049,"Compra 10 Realty Income Corp@52,9286 USD (US7561091049)",,USD,"-529,29",USD,"-529,29",7fd86b51-4fb7-4af8-957e-867cafc48a8b
20-12-2024,16:20,20-12-2024,,,flatex Deposit,,EUR,"500,00",EUR,"2592,26",
20-12-2024,16:17,20-12-2024,,,flatex Deposit,,EUR,"2000,00",EUR,"2092,26",
18-12-2024,18:17,18-12-2024,,,"Transferir a su Cuenta de Efectivo en flatexDEGIRO Bank: 4,59 EUR",,,,EUR,"92,26",
18-12-2024,18:17,18-12-2024,FLATEX EURO BANKACCOUNT,NLFLATEXACNT,Degiro Cash Sweep Transfer,,EUR,"-4,59",EUR,"87,67",
18-12-2024,15:15,17-12-2024,FLATEX EURO BANKACCOUNT,NLFLATEXACNT,Degiro Cash Sweep Transfer,,EUR,"975,94",EUR,"92,26",
18-12-2024,15:15,17-12-2024,,,"Transferir desde su Cuenta de Efectivo en flatexDEGIRO Bank: 975,94 EUR",,,,EUR,"-883,68",
18-12-2024,06:59,17-12-2024,,,Ingreso Cambio de Divisa,,EUR,"4,59",EUR,"92,26",
18-12-2024,06:59,17-12-2024,,,Retirada Cambio de Divisa,"1,0517",USD,"-4,83",USD,"0,00",
17-12-2024,20:00,17-12-2024,,,"Transferir a su Cuenta de Efectivo en flatexDEGIRO Bank: 1,24 EUR",,,,EUR,"87,67",
17-12-2024,20:00,17-12-2024,FLATEX EURO BANKACCOUNT,NLFLATEXACNT,Degiro Cash Sweep Transfer,,EUR,"-1,24",EUR,"86,43",
17-12-2024,17:15,16-12-2024,,,"Transferir desde su Cuenta de Efectivo en flatexDEGIRO Bank: 1.296,9 EUR",,,,EUR,"87,67",
17-12-2024,17:15,16-12-2024,FLATEX EURO BANKACCOUNT,NLFLATEXACNT,Degiro Cash Sweep Transfer,,EUR,"1296,90",EUR,"1384,57",
17-12-2024,15:30,17-12-2024,APPLOVIN CORP CLASS A,US03831W1080,Ingreso Cambio de Divisa,"1,0479",USD,"1020,57",USD,"4,83",21d91057-e954-4604-97f2-6bad0b370ad3
17-12-2024,15:30,17-12-2024,APPLOVIN CORP CLASS A,US03831W1080,Retirada Cambio de Divisa,,EUR,"-973,94",EUR,"87,67",21d91057-e954-4604-97f2-6bad0b370ad3
17-12-2024,15:30,17-12-2024,APPLOVIN CORP CLASS A,US03831W1080,Costes de transacción y/o externos de DEGIRO,,EUR,"-2,00",EUR,"1061,61",21d91057-e954-4604-97f2-6bad0b370ad3
17-12-2024,15:30,17-12-2024,APPLOVIN CORP CLASS A,US03831W1080,"Compra 3 Applovin Corp Class A@340,19 USD (US03831W1080)",,USD,"-1020,57",USD,"-1015,74",21d91057-e954-4604-97f2-6bad0b370ad3
17-12-2024,07:41,16-12-2024,,,Comisión por Acción Corporativa,,USD,"-0,27",USD,"4,83",
17-12-2024,07:41,16-12-2024,DUKE ENERGY CORP,US26441C2044,Retención del dividendo,,USD,"-0,47",USD,"5,10",
17-12-2024,07:41,16-12-2024,DUKE ENERGY CORP,US26441C2044,Dividendo,,USD,"3,14",USD,"5,57",
17-12-2024,07:38,16-12-2024,,,Comisión por Acción Corporativa,,USD,"-0,27",USD,"2,43",
17-12-2024,07:38,16-12-2024,OLD REPUBLIC INTERNATIONAL CORP,US6802231042,Dividendo,,USD,"3,18",USD,"2,70",
17-12-2024,07:38,16-12-2024,OLD REPUBLIC INTERNATIONAL CORP,US6802231042,Retención del dividendo,,USD,"-0,48",USD,"-0,48",
17-12-2024,06:50,16-12-2024,,,Ingreso Cambio de Divisa,,EUR,"1,24",EUR,"1063,61",
17-12-2024,06:50,16-12-2024,,,Retirada Cambio de Divisa,"1,0538",USD,"-1,31",USD,"0,00",
17-12-2024,00:46,17-12-2024,,,flatex Deposit,,EUR,"1000,00",EUR,"1062,37",
16-12-2024,09:04,16-12-2024,VNGRD FTSE ALL-WLD HGH DIV YLD UCITS,IE00B8GKDB10,Costes de transacción y/o externos de DEGIRO,,EUR,"-3,00",EUR,"62,37",24ee1f2d-e237-4824-b17b-bb47d4724540
16-12-2024,09:04,16-12-2024,VNGRD FTSE ALL-WLD HGH DIV YLD UCITS,IE00B8GKDB10,"Compra 20 Vngrd FTSE All-Wld Hgh Div Yld UCITS ETF USD D@64,82 EUR (IE00B8GKDB10)",,EUR,"-1296,40",EUR,"65,37",24ee1f2d-e237-4824-b17b-bb47d4724540
16-12-2024,07:43,13-12-2024,,,Comisión por Acción Corporativa,,USD,"-0,15",USD,"1,31",
16-12-2024,07:42,13-12-2024,MAIN STREET CAPITAL CORP,US56035L1044,Dividendo,,USD,"1,72",USD,"1,46",
16-12-2024,07:42,13-12-2024,MAIN STREET CAPITAL CORP,US56035L1044,Retención del dividendo,,USD,"-0,26",USD,"-0,26",
15-12-2024,06:42,13-12-2024,,,Ingreso Cambio de Divisa,,EUR,"2,50",EUR,"1361,77",
15-12-2024,06:42,13-12-2024,,,Retirada Cambio de Divisa,"1,0527",USD,"-2,63",USD,"0,00",
15-12-2024,00:23,13-12-2024,,,Comisión por Acción Corporativa,,USD,"-0,29",USD,"2,63",
15-12-2024,00:22,13-12-2024,REALTY INCOME CORP,US7561091049,Retención del dividendo,,USD,"-0,51",USD,"2,92",
15-12-2024,00:22,13-12-2024,REALTY INCOME CORP,US7561091049,Dividendo,,USD,"3,43",USD,"3,43",
14-12-2024,02:45,13-12-2024,FLATEX EURO BANKACCOUNT,NLFLATEXACNT,Degiro Cash Sweep Transfer,,EUR,"1211,89",EUR,"1359,27",
14-12-2024,02:45,13-12-2024,,,"Transferir desde su Cuenta de Efectivo en flatexDEGIRO Bank: 1.211,89 EUR",,,,EUR,"147,38",
13-12-2024,05:46,12-12-2024,,,"Transferir a su Cuenta de Efectivo en flatexDEGIRO Bank: 2,16 EUR",,,,EUR,"1359,27",
13-12-2024,05:46,12-12-2024,FLATEX EURO BANKACCOUNT,NLFLATEXACNT,Degiro Cash Sweep Transfer,,EUR,"-2,16",EUR,"1357,11",
12-12-2024,15:30,12-12-2024,UBER TECHNOLOGIES INC,US90353T1007,Ingreso Cambio de Divisa,"1,0454",USD,"1264,80",USD,"0,00",1b85f43f-16c6-4ad6-b123-d5e62c01a151
12-12-2024,15:30,12-12-2024,UBER TECHNOLOGIES INC,US90353T1007,Retirada Cambio de Divisa,,EUR,"-1209,89",EUR,"1359,27",1b85f43f-16c6-4ad6-b123-d5e62c01a151
12-12-2024,15:30,12-12-2024,UBER TECHNOLOGIES INC,US90353T1007,Costes de transacción y/o externos de DEGIRO,,EUR,"-2,00",EUR,"2569,16",1b85f43f-16c6-4ad6-b123-d5e62c01a151
12-12-2024,15:30,12-12-2024,UBER TECHNOLOGIES INC,US90353T1007,"Compra 20 Uber Technologies Inc@63,24 USD (US90353T1007)",,USD,"-1264,80",USD,"-1264,80",1b85f43f-16c6-4ad6-b123-d5e62c01a151
12-12-2024,06:53,11-12-2024,,,Ingreso Cambio de Divisa,,EUR,"2,16",EUR,"2571,16",
12-12-2024,06:53,11-12-2024,,,Retirada Cambio de Divisa,"1,0522",USD,"-2,27",USD,"0,00",
11-12-2024,20:08,11-12-2024,,,flatex Deposit,,EUR,"2500,00",EUR,"2569,00",
11-12-2024,07:16,10-12-2024,,,Comisión por Acción Corporativa,,USD,"-0,25",USD,"2,27",
11-12-2024,07:16,10-12-2024,EXXON MOBIL CORP,US30231G1022,Dividendo,,USD,"2,97",USD,"2,52",
11-12-2024,07:16,10-12-2024,EXXON MOBIL CORP,US30231G1022,Retención del dividendo,,USD,"-0,45",USD,"-0,45",
06-12-2024,19:16,06-12-2024,,,"Transferir a su Cuenta de Efectivo en flatexDEGIRO Bank: 0,7 EUR",,,,EUR,"69,00",
06-12-2024,19:16,06-12-2024,FLATEX EURO BANKACCOUNT,NLFLATEXACNT,Degiro Cash Sweep Transfer,,EUR,"-0,70",EUR,"68,30",
06-12-2024,06:45,05-12-2024,,,Ingreso Cambio de Divisa,,EUR,"0,70",EUR,"69,00",
06-12-2024,06:45,05-12-2024,,,Retirada Cambio de Divisa,"1,0612",USD,"-0,74",USD,"0,00",
05-12-2024,19:45,05-12-2024,,,"Transferir a su Cuenta de Efectivo en flatexDEGIRO Bank: 2,51 EUR",,,,EUR,"68,30",
05-12-2024,19:45,05-12-2024,FLATEX EURO BANKACCOUNT,NLFLATEXACNT,Degiro Cash Sweep Transfer,,EUR,"-2,51",EUR,"65,79",
05-12-2024,14:33,15-12-2023,,,Comisión por Acción Corporativa,,USD,"0,05",USD,"0,74",
05-12-2024,14:27,15-12-2023,REALTY INCOME CORP,US7561091049,Rendimiento de capital,,USD,"0,05",USD,"0,69",
05-12-2024,14:09,15-12-2023,REALTY INCOME CORP,US7561091049,Retención del dividendo,,USD,"-0,21",USD,"0,64",
05-12-2024,14:09,15-12-2023,REALTY INCOME CORP,US7561091049,Dividendo,,USD,"0,72",USD,"0,85",
05-12-2024,14:08,15-12-2023,REALTY INCOME CORP,US7561091049,Dividendo,,USD,"-0,77",USD,"0,13",
05-12-2024,14:08,15-12-2023,REALTY INCOME CORP,US7561091049,Retención del dividendo,,USD,"0,23",USD,"0,90",
05-12-2024,14:07,15-11-2023,,,Comisión por Acción Corporativa,,USD,"0,05",USD,"0,67",
05-12-2024,14:02,15-11-2023,REALTY INCOME CORP,US7561091049,Rendimiento de capital,,USD,"0,05",USD,"0,62",
05-12-2024,13:44,15-11-2023,REALTY INCOME CORP,US7561091049,Dividendo,,USD,"0,72",USD,"0,57",
05-12-2024,13:44,15-11-2023,REALTY INCOME CORP,US7561091049,Retención del dividendo,,USD,"-0,21",USD,"-0,15",
05-12-2024,13:43,15-11-2023,REALTY INCOME CORP,US7561091049,Dividendo,,USD,"-0,77",USD,"0,06",
05-12-2024,13:43,15-11-2023,REALTY INCOME CORP,US7561091049,Retención del dividendo,,USD,"0,23",USD,"0,83",
05-12-2024,13:43,13-10-2023,,,Comisión por Acción Corporativa,,USD,"0,05",USD,"0,60",
05-12-2024,13:38,13-10-2023,REALTY INCOME CORP,US7561091049,Rendimiento de capital,,USD,"0,05",USD,"0,55",
05-12-2024,13:21,13-10-2023,REALTY INCOME CORP,US7561091049,Retención del dividendo,,USD,"-0,21",USD,"0,50",
05-12-2024,13:21,13-10-2023,REALTY INCOME CORP,US7561091049,Dividendo,,USD,"0,72",USD,"0,71",
05-12-2024,13:21,13-10-2023,REALTY INCOME CORP,US7561091049,Dividendo,,USD,"-0,77",USD,"-0,01",
05-12-2024,13:21,13-10-2023,REALTY INCOME CORP,US7561091049,Retención del dividendo,,USD,"0,23",USD,"0,76",
05-12-2024,13:20,15-09-2023,,,Comisión por Acción Corporativa,,USD,"0,05",USD,"0,53",
05-12-2024,13:15,15-09-2023,REALTY INCOME CORP,US7561091049,Rendimiento de capital,,USD,"0,05",USD,"0,48",
05-12-2024,13:01,15-09-2023,REALTY INCOME CORP,US7561091049,Retención del dividendo,,USD,"-0,21",USD,"0,43",
05-12-2024,13:01,15-09-2023,REALTY INCOME CORP,US7561091049,Dividendo,,USD,"0,71",USD,"0,64",
05-12-2024,13:01,15-09-2023,REALTY INCOME CORP,US7561091049,Dividendo,,USD,"-0,77",USD,"-0,07",
05-12-2024,13:01,15-09-2023,REALTY INCOME CORP,US7561091049,Retención del dividendo,,USD,"0,23",USD,"0,70",
05-12-2024,13:00,15-08-2023,,,Comisión por Acción Corporativa,,USD,"0,05",USD,"0,47",
05-12-2024,12:56,15-08-2023,REALTY INCOME CORP,US7561091049,Rendimiento de capital,,USD,"0,05",USD,"0,42",
05-12-2024,12:44,15-08-2023,REALTY INCOME CORP,US7561091049,Dividendo,,USD,"0,71",USD,"0,37",
05-12-2024,12:44,15-08-2023,REALTY INCOME CORP,US7561091049,Retención del dividendo,,USD,"-0,21",USD,"-0,34",
05-12-2024,12:44,15-08-2023,REALTY INCOME CORP,US7561091049,Retención del dividendo,,USD,"0,23",USD,"-0,13",
05-12-2024,12:44,15-08-2023,REALTY INCOME CORP,US7561091049,Dividendo,,USD,"-0,77",USD,"-0,36",
05-12-2024,12:43,14-07-2023,,,Comisión por Acción Corporativa,,USD,"0,05",USD,"0,41",
05-12-2024,12:40,14-07-2023,REALTY INCOME CORP,US7561091049,Rendimiento de capital,,USD,"0,05",USD,"0,36",
05-12-2024,12:28,14-07-2023,REALTY INCOME CORP,US7561091049,Dividendo,,USD,"0,71",USD,"0,31",
05-12-2024,12:28,14-07-2023,REALTY INCOME CORP,US7561091049,Retención del dividendo,,USD,"-0,21",USD,"-0,40",
05-12-2024,12:27,14-07-2023,REALTY INCOME CORP,US7561091049,Dividendo,,USD,"-0,77",USD,"-0,19",
05-12-2024,12:27,14-07-2023,REALTY INCOME CORP,US7561091049,Retención del dividendo,,USD,"0,23",USD,"0,58",
05-12-2024,12:26,15-06-2023,,,Comisión por Acción Corporativa,,USD,"0,05",USD,"0,35",
05-12-2024,12:23,15-06-2023,REALTY INCOME CORP,US7561091049,Rendimiento de capital,,USD,"0,05",USD,"0,30",
05-12-2024,12:11,15-06-2023,REALTY INCOME CORP,US7561091049,Dividendo,,USD,"0,71",USD,"0,25",
05-12-2024,12:11,15-06-2023,REALTY INCOME CORP,US7561091049,Retención del dividendo,,USD,"-0,21",USD,"-0,46",
05-12-2024,12:11,15-06-2023,REALTY INCOME CORP,US7561091049,Retención del dividendo,,USD,"0,23",USD,"-0,25",
05-12-2024,12:11,15-06-2023,REALTY INCOME CORP,US7561091049,Dividendo,,USD,"-0,77",USD,"-0,48",
05-12-2024,12:10,15-05-2023,,,Comisión por Acción Corporativa,,USD,"0,05",USD,"0,29",
05-12-2024,12:07,15-05-2023,REALTY INCOME CORP,US7561091049,Rendimiento de capital,,USD,"0,05",USD,"0,24",
05-12-2024,11:56,15-05-2023,REALTY INCOME CORP,US7561091049,Retención del dividendo,,USD,"-0,21",USD,"0,19",
05-12-2024,11:56,15-05-2023,REALTY INCOME CORP,US7561091049,Dividendo,,USD,"0,71",USD,"0,40",
05-12-2024,11:56,15-05-2023,REALTY INCOME CORP,US7561091049,Dividendo,,USD,"-0,77",USD,"-0,31",
05-12-2024,11:56,15-05-2023,REALTY INCOME CORP,US7561091049,Retención del dividendo,,USD,"0,23",USD,"0,46",
05-12-2024,11:55,14-04-2023,,,Comisión por Acción Corporativa,,USD,"0,05",USD,"0,23",
05-12-2024,11:52,14-04-2023,REALTY INCOME CORP,US7561091049,Rendimiento de capital,,USD,"0,05",USD,"0,18",
05-12-2024,11:42,14-04-2023,REALTY INCOME CORP,US7561091049,Retención del dividendo,,USD,"-0,21",USD,"0,13",
05-12-2024,11:42,14-04-2023,REALTY INCOME CORP,US7561091049,Dividendo,,USD,"0,71",USD,"0,34",
05-12-2024,11:42,14-04-2023,REALTY INCOME CORP,US7561091049,Retención del dividendo,,USD,"0,23",USD,"-0,37",
05-12-2024,11:42,14-04-2023,REALTY INCOME CORP,US7561091049,Dividendo,,USD,"-0,77",USD,"-0,60",
05-12-2024,11:40,15-03-2023,,,Comisión por Acción Corporativa,,USD,"0,05",USD,"0,17",
05-12-2024,11:38,15-03-2023,REALTY INCOME CORP,US7561091049,Rendimiento de capital,,USD,"0,05",USD,"0,12",
05-12-2024,11:29,15-03-2023,REALTY INCOME CORP,US7561091049,Retención del dividendo,,USD,"-0,21",USD,"0,07",
05-12-2024,11:29,15-03-2023,REALTY INCOME CORP,US7561091049,Dividendo,,USD,"0,71",USD,"0,28",
05-12-2024,11:28,15-03-2023,REALTY INCOME CORP,US7561091049,Retención del dividendo,,USD,"0,23",USD,"-0,43",
05-12-2024,11:28,15-03-2023,REALTY INCOME CORP,US7561091049,Dividendo,,USD,"-0,76",USD,"-0,66",
05-12-2024,11:27,15-02-2023,,,Comisión por Acción Corporativa,,USD,"0,05",USD,"0,10",
05-12-2024,11:25,15-02-2023,REALTY INCOME CORP,US7561091049,Rendimiento de capital,,USD,"0,05",USD,"0,05",
05-12-2024,11:16,15-02-2023,REALTY INCOME CORP,US7561091049,Retención del dividendo,,USD,"-0,21",USD,"0,00",
05-12-2024,11:16,15-02-2023,REALTY INCOME CORP,US7561091049,Dividendo,,USD,"0,69",USD,"0,21",
05-12-2024,11:16,15-02-2023,REALTY INCOME CORP,US7561091049,Dividendo,,USD,"-0,75",USD,"-0,48",
05-12-2024,11:16,15-02-2023,REALTY INCOME CORP,US7561091049,Retención del dividendo,,USD,"0,22",USD,"0,27",
05-12-2024,11:15,13-01-2023,,,Comisión por Acción Corporativa,,USD,"0,05",USD,"0,05",
05-12-2024,11:13,13-01-2023,REALTY INCOME CORP,US7561091049,Rendimiento de capital,,USD,"0,05",USD,"0,00",
05-12-2024,11:05,13-01-2023,REALTY INCOME CORP,US7561091049,Dividendo,,USD,"0,69",USD,"-0,05",
05-12-2024,11:05,13-01-2023,REALTY INCOME CORP,US7561091049,Retención del dividendo,,USD,"-0,21",USD,"-0,74",
05-12-2024,11:05,13-01-2023,REALTY INCOME CORP,US7561091049,Retención del dividendo,,USD,"0,22",USD,"-0,53",
05-12-2024,11:05,13-01-2023,REALTY INCOME CORP,US7561091049,Dividendo,,USD,"-0,75",USD,"-0,75",
05-12-2024,07:01,04-12-2024,FLATEX EURO BANKACCOUNT,NLFLATEXACNT,Degiro Cash Sweep Transfer,,EUR,"-6,84",EUR,"68,30",
05-12-2024,07:01,04-12-2024,,,"Transferir a su Cuenta de Efectivo en flatexDEGIRO Bank: 6,84 EUR",,,,EUR,"75,14",
05-12-2024,06:48,04-12-2024,,,Ingreso Cambio de Divisa,,EUR,"2,51",EUR,"68,30",
05-12-2024,06:48,04-12-2024,,,Retirada Cambio de Divisa,"1,0537",USD,"-2,64",USD,"0,00",
04-12-2024,11:11,15-12-2023,,,Comisión por Acción Corporativa,,USD,"0,10",USD,"2,64",
04-12-2024,11:11,15-12-2023,EPR PROPERTIES,US26884U1097,Rendimiento de capital,,USD,"0,41",USD,"2,54",
04-12-2024,11:11,15-12-2023,EPR PROPERTIES,US26884U1097,Dividendo,,USD,"0,97",USD,"2,13",
04-12-2024,11:11,15-12-2023,EPR PROPERTIES,US26884U1097,Retención del dividendo,,USD,"-0,29",USD,"1,16",
04-12-2024,11:11,15-12-2023,EPR PROPERTIES,US26884U1097,Dividendo,,USD,"-1,38",USD,"1,45",
04-12-2024,11:11,15-12-2023,EPR PROPERTIES,US26884U1097,Retención del dividendo,,USD,"0,41",USD,"2,83",
04-12-2024,11:10,15-11-2023,,,Comisión por Acción Corporativa,,USD,"0,10",USD,"2,42",
04-12-2024,11:10,15-11-2023,EPR PROPERTIES,US26884U1097,Rendimiento de capital,,USD,"0,41",USD,"2,32",
04-12-2024,11:10,15-11-2023,EPR PROPERTIES,US26884U1097,Dividendo,,USD,"0,97",USD,"1,91",
04-12-2024,11:10,15-11-2023,EPR PROPERTIES,US26884U1097,Retención del dividendo,,USD,"-0,29",USD,"0,94",
04-12-2024,11:10,15-11-2023,EPR PROPERTIES,US26884U1097,Retención del dividendo,,USD,"0,41",USD,"1,23",
04-12-2024,11:10,15-11-2023,EPR PROPERTIES,US26884U1097,Dividendo,,USD,"-1,38",USD,"0,82",
04-12-2024,11:10,16-10-2023,,,Comisión por Acción Corporativa,,USD,"0,10",USD,"2,20",
04-12-2024,11:09,16-10-2023,EPR PROPERTIES,US26884U1097,Rendimiento de capital,,USD,"0,41",USD,"2,10",
04-12-2024,11:09,16-10-2023,EPR PROPERTIES,US26884U1097,Retención del dividendo,,USD,"-0,29",USD,"1,69",
04-12-2024,11:09,16-10-2023,EPR PROPERTIES,US26884U1097,Dividendo,,USD,"0,97",USD,"1,98",
04-12-2024,11:09,16-10-2023,EPR PROPERTIES,US26884U1097,Retención del dividendo,,USD,"0,41",USD,"1,01",
04-12-2024,11:09,16-10-2023,EPR PROPERTIES,US26884U1097,Dividendo,,USD,"-1,38",USD,"0,60",
04-12-2024,11:08,15-09-2023,,,Comisión por Acción Corporativa,,USD,"0,10",USD,"1,98",
04-12-2024,11:08,15-09-2023,EPR PROPERTIES,US26884U1097,Rendimiento de capital,,USD,"0,41",USD,"1,88",
04-12-2024,11:08,15-09-2023,EPR PROPERTIES,US26884U1097,Retención del dividendo,,USD,"-0,29",USD,"1,47",
04-12-2024,11:08,15-09-2023,EPR PROPERTIES,US26884U1097,Dividendo,,USD,"0,97",USD,"1,76",
04-12-2024,11:08,15-09-2023,EPR PROPERTIES,US26884U1097,Retención del dividendo,,USD,"0,41",USD,"0,79",
04-12-2024,11:08,15-09-2023,EPR PROPERTIES,US26884U1097,Dividendo,,USD,"-1,38",USD,"0,38",
04-12-2024,11:08,15-08-2023,,,Comisión por Acción Corporativa,,USD,"0,10",USD,"1,76",
04-12-2024,11:08,15-08-2023,EPR PROPERTIES,US26884U1097,Rendimiento de capital,,USD,"0,41",USD,"1,66",
04-12-2024,11:07,15-08-2023,EPR PROPERTIES,US26884U1097,Dividendo,,USD,"0,97",USD,"1,25",
04-12-2024,11:07,15-08-2023,EPR PROPERTIES,US26884U1097,Retención del dividendo,,USD,"-0,29",USD,"0,28",
04-12-2024,11:07,15-08-2023,EPR PROPERTIES,US26884U1097,Dividendo,,USD,"-1,38",USD,"0,57",
04-12-2024,11:07,15-08-2023,EPR PROPERTIES,US26884U1097,Retención del dividendo,,USD,"0,41",USD,"1,95",
04-12-2024,11:07,17-07-2023,,,Comisión por Acción Corporativa,,USD,"0,10",USD,"1,54",
04-12-2024,11:07,17-07-2023,EPR PROPERTIES,US26884U1097,Rendimiento de capital,,USD,"0,41",USD,"1,44",
04-12-2024,11:06,17-07-2023,EPR PROPERTIES,US26884U1097,Dividendo,,USD,"0,97",USD,"1,03",
04-12-2024,11:06,17-07-2023,EPR PROPERTIES,US26884U1097,Retención del dividendo,,USD,"-0,29",USD,"0,06",
04-12-2024,11:06,17-07-2023,EPR PROPERTIES,US26884U1097,Dividendo,,USD,"-1,38",USD,"0,35",
04-12-2024,11:06,17-07-2023,EPR PROPERTIES,US26884U1097,Retención del dividendo,,USD,"0,41",USD,"1,73",
04-12-2024,11:06,15-06-2023,,,Comisión por Acción Corporativa,,USD,"0,10",USD,"1,32",
04-12-2024,11:06,15-06-2023,EPR PROPERTIES,US26884U1097,Rendimiento de capital,,USD,"0,41",USD,"1,22",
04-12-2024,11:05,15-06-2023,EPR PROPERTIES,US26884U1097,Dividendo,,USD,"0,97",USD,"0,81",
04-12-2024,11:05,15-06-2023,EPR PROPERTIES,US26884U1097,Retención del dividendo,,USD,"-0,29",USD,"-0,16",
04-12-2024,11:05,15-06-2023,EPR PROPERTIES,US26884U1097,Retención del dividendo,,USD,"0,41",USD,"0,13",
04-12-2024,11:05,15-06-2023,EPR PROPERTIES,US26884U1097,Dividendo,,USD,"-1,38",USD,"-0,28",
04-12-2024,11:05,15-05-2023,,,Comisión por Acción Corporativa,,USD,"0,10",USD,"1,10",
04-12-2024,11:05,15-05-2023,EPR PROPERTIES,US26884U1097,Rendimiento de capital,,USD,"0,41",USD,"1,00",
04-12-2024,11:05,15-05-2023,EPR PROPERTIES,US26884U1097,Retención del dividendo,,USD,"-0,29",USD,"0,59",
04-12-2024,11:05,15-05-2023,EPR PROPERTIES,US26884U1097,Dividendo,,USD,"0,97",USD,"0,88",
04-12-2024,11:05,15-05-2023,EPR PROPERTIES,US26884U1097,Dividendo,,USD,"-1,38",USD,"-0,09",
04-12-2024,11:05,15-05-2023,EPR PROPERTIES,US26884U1097,Retención del dividendo,,USD,"0,41",USD,"1,29",
04-12-2024,11:04,17-04-2023,,,Comisión por Acción Corporativa,,USD,"0,10",USD,"0,88",
04-12-2024,11:04,17-04-2023,EPR PROPERTIES,US26884U1097,Rendimiento de capital,,USD,"0,41",USD,"0,78",
04-12-2024,11:04,17-04-2023,EPR PROPERTIES,US26884U1097,Dividendo,,USD,"0,97",USD,"0,37",
04-12-2024,11:04,17-04-2023,EPR PROPERTIES,US26884U1097,Retención del dividendo,,USD,"-0,29",USD,"-0,60",
04-12-2024,11:04,17-04-2023,EPR PROPERTIES,US26884U1097,Retención del dividendo,,USD,"0,41",USD,"-0,31",
04-12-2024,11:04,17-04-2023,EPR PROPERTIES,US26884U1097,Dividendo,,USD,"-1,38",USD,"-0,72",
04-12-2024,11:03,15-03-2023,,,Comisión por Acción Corporativa,,USD,"0,10",USD,"0,66",
04-12-2024,11:03,15-03-2023,EPR PROPERTIES,US26884U1097,Rendimiento de capital,,USD,"0,41",USD,"0,56",
04-12-2024,11:03,15-03-2023,EPR PROPERTIES,US26884U1097,Dividendo,,USD,"0,97",USD,"0,15",
04-12-2024,11:03,15-03-2023,EPR PROPERTIES,US26884U1097,Retención del dividendo,,USD,"-0,29",USD,"-0,82",
04-12-2024,11:03,15-03-2023,EPR PROPERTIES,US26884U1097,Dividendo,,USD,"-1,38",USD,"-0,53",
04-12-2024,11:03,15-03-2023,EPR PROPERTIES,US26884U1097,Retención del dividendo,,USD,"0,41",USD,"0,85",
04-12-2024,11:03,15-02-2023,,,Comisión por Acción Corporativa,,USD,"0,10",USD,"0,44",
04-12-2024,11:03,15-02-2023,EPR PROPERTIES,US26884U1097,Rendimiento de capital,,USD,"0,41",USD,"0,34",
04-12-2024,11:02,15-02-2023,EPR PROPERTIES,US26884U1097,Dividendo,,USD,"0,97",USD,"-0,07",
04-12-2024,11:02,15-02-2023,EPR PROPERTIES,US26884U1097,Retención del dividendo,,USD,"-0,29",USD,"-1,04",
04-12-2024,11:02,15-02-2023,EPR PROPERTIES,US26884U1097,Retención del dividendo,,USD,"0,41",USD,"-0,75",
04-12-2024,11:02,15-02-2023,EPR PROPERTIES,US26884U1097,Dividendo,,USD,"-1,38",USD,"-1,16",
04-12-2024,11:02,17-01-2023,,,Comisión por Acción Corporativa,,USD,"0,10",USD,"0,22",
04-12-2024,11:02,17-01-2023,EPR PROPERTIES,US26884U1097,Rendimiento de capital,,USD,"0,41",USD,"0,12",
04-12-2024,11:02,17-01-2023,EPR PROPERTIES,US26884U1097,Dividendo,,USD,"0,97",USD,"-0,29",
04-12-2024,11:02,17-01-2023,EPR PROPERTIES,US26884U1097,Retención del dividendo,,USD,"-0,29",USD,"-1,26",
04-12-2024,11:02,17-01-2023,EPR PROPERTIES,US26884U1097,Dividendo,,USD,"-1,38",USD,"-0,97",
04-12-2024,11:02,17-01-2023,EPR PROPERTIES,US26884U1097,Retención del dividendo,,USD,"0,41",USD,"0,41",
04-12-2024,06:57,03-12-2024,,,Ingreso Cambio de Divisa,,EUR,"4,75",EUR,"65,79",
04-12-2024,06:57,03-12-2024,,,Retirada Cambio de Divisa,"1,0535",USD,"-5,00",USD,"0,00",
04-12-2024,06:57,03-12-2024,,,Ingreso Cambio de Divisa,,EUR,"2,09",EUR,"61,04",
04-12-2024,06:57,03-12-2024,,,Retirada Cambio de Divisa,"1,4823",CAD,"-3,10",CAD,"0,00",
03-12-2024,07:15,02-12-2024,PFIZER INC,US7170811035,Retención del dividendo,,USD,"-0,88",USD,"5,00",
03-12-2024,07:15,02-12-2024,PFIZER INC,US7170811035,Dividendo,,USD,"5,88",USD,"5,88",
03-12-2024,07:11,02-12-2024,,,Comisión por Acción Corporativa,,CAD,"-0,34",CAD,"3,10",
03-12-2024,07:10,02-12-2024,ENBRIDGE INC,CA29250N1050,Retención del dividendo,,CAD,"-1,14",CAD,"3,44",
03-12-2024,07:10,02-12-2024,ENBRIDGE INC,CA29250N1050,Dividendo,,CAD,"4,58",CAD,"4,58",
29-11-2024,19:15,29-11-2024,,,"Transferir a su Cuenta de Efectivo en flatexDEGIRO Bank: 0,9 EUR",,,,EUR,"58,95",
29-11-2024,19:15,29-11-2024,FLATEX EURO BANKACCOUNT,NLFLATEXACNT,Degiro Cash Sweep Transfer,,EUR,"-0,90",EUR,"58,05",
29-11-2024,06:45,28-11-2024,,,Ingreso Cambio de Divisa,,EUR,"0,90",EUR,"58,95",
29-11-2024,06:45,28-11-2024,,,Retirada Cambio de Divisa,"1,0578",USD,"-0,95",USD,"0,00",
28-11-2024,07:29,27-11-2024,,,Comisión por Acción Corporativa,,USD,"-0,11",USD,"0,95",
28-11-2024,07:29,27-11-2024,ISHARES GLOBAL WATER UCITS ETF USD,IE00B1TXK627,Dividendo,,USD,"1,06",USD,"1,06",
19-11-2024,18:16,19-11-2024,,,"Transferir a su Cuenta de Efectivo en flatexDEGIRO Bank: 7,75 EUR",,,,EUR,"58,05",
19-11-2024,18:16,19-11-2024,FLATEX EURO BANKACCOUNT,NLFLATEXACNT,Degiro Cash Sweep Transfer,,EUR,"-7,75",EUR,"50,30",
19-11-2024,06:47,18-11-2024,,,Ingreso Cambio de Divisa,,EUR,"7,75",EUR,"58,05",
19-11-2024,06:47,18-11-2024,,,Retirada Cambio de Divisa,"1,0625",USD,"-8,23",USD,"0,00",
18-11-2024,07:25,15-11-2024,,,Comisión por Acción Corporativa,,USD,"-0,44",USD,"8,23",
18-11-2024,07:25,15-11-2024,NNN REIT INC,US6374171063,Dividendo,,USD,"5,22",USD,"8,67",
18-11-2024,07:25,15-11-2024,NNN REIT INC,US6374171063,Retención del dividendo,,USD,"-0,78",USD,"3,45",
18-11-2024,07:23,15-11-2024,,,Comisión por Acción Corporativa,,USD,"-0,15",USD,"4,23",
18-11-2024,07:23,15-11-2024,MAIN STREET CAPITAL CORP,US56035L1044,Retención del dividendo,,USD,"-0,26",USD,"4,38",
18-11-2024,07:23,15-11-2024,MAIN STREET CAPITAL CORP,US56035L1044,Dividendo,,USD,"1,72",USD,"4,64",
18-11-2024,07:18,15-11-2024,REALTY INCOME CORP,US7561091049,Retención del dividendo,,USD,"-0,51",USD,"2,92",
18-11-2024,07:18,15-11-2024,REALTY INCOME CORP,US7561091049,Dividendo,,USD,"3,43",USD,"3,43",
05-11-2024,17:15,05-11-2024,FLATEX EURO BANKACCOUNT,NLFLATEXACNT,Degiro Cash Sweep Transfer,,EUR,"-4,75",EUR,"50,30",
05-11-2024,17:15,05-11-2024,,,"Transferir a su Cuenta de Efectivo en flatexDEGIRO Bank: 4,75 EUR",,,,EUR,"55,05",
05-11-2024,06:54,04-11-2024,,,Ingreso Cambio de Divisa,,EUR,"4,75",EUR,"50,30",
05-11-2024,06:54,04-11-2024,,,Retirada Cambio de Divisa,"1,0905",USD,"-5,18",USD,"0,00",
04-11-2024,06:57,01-11-2024,,,Comisión por Acción Corporativa,,USD,"-0,58",USD,"5,18",
04-11-2024,06:56,01-11-2024,VERIZON COMMUNICATIONS INC,US92343V1044,Dividendo,,USD,"6,78",USD,"5,76",
04-11-2024,06:56,01-11-2024,VERIZON COMMUNICATIONS INC,US92343V1044,Retención del dividendo,,USD,"-1,02",USD,"-1,02",
31-10-2024,16:45,31-10-2024,,,"Transferir a su Cuenta de Efectivo en flatexDEGIRO Bank: 3,78 EUR",,,,EUR,"45,55",
31-10-2024,16:45,31-10-2024,FLATEX EURO BANKACCOUNT,NLFLATEXACNT,Degiro Cash Sweep Transfer,,EUR,"-3,78",EUR,"41,77",
31-10-2024,06:39,30-10-2024,,,Ingreso Cambio de Divisa,,EUR,"3,78",EUR,"45,55",
31-10-2024,06:39,30-10-2024,,,Retirada Cambio de Divisa,"1,5132",CAD,"-5,72",CAD,"0,00",
30-10-2024,06:57,29-10-2024,,,Comisión por Acción Corporativa,,CAD,"-0,64",CAD,"5,72",
30-10-2024,06:57,29-10-2024,BANK OF NOVA SCOTIA,CA0641491075,Retención del dividendo,,CAD,"-2,12",CAD,"6,36",
30-10-2024,06:57,29-10-2024,BANK OF NOVA SCOTIA,CA0641491075,Dividendo,,CAD,"8,48",CAD,"8,48",
25-10-2024,17:30,25-10-2024,,,"Transferir a su Cuenta de Efectivo en flatexDEGIRO Bank: 2,26 EUR",,,,EUR,"41,77",
25-10-2024,17:30,25-10-2024,FLATEX EURO BANKACCOUNT,NLFLATEXACNT,Degiro Cash Sweep Transfer,,EUR,"-2,26",EUR,"39,51",
25-10-2024,06:51,24-10-2024,,,Ingreso Cambio de Divisa,,EUR,"2,26",EUR,"41,77",
25-10-2024,06:51,24-10-2024,,,Retirada Cambio de Divisa,"1,0854",USD,"-2,45",USD,"0,00",
24-10-2024,07:32,23-10-2024,,,Comisión por Acción Corporativa,,USD,"-0,27",USD,"2,45",
24-10-2024,07:32,23-10-2024,CISCO SYSTEMS INC,US17275R1023,Retención del dividendo,,USD,"-0,48",USD,"2,72",
24-10-2024,07:32,23-10-2024,CISCO SYSTEMS INC,US17275R1023,Dividendo,,USD,"3,20",USD,"3,20",
18-10-2024,09:45,17-10-2024,,,"Transferir desde su Cuenta de Efectivo en flatexDEGIRO Bank: 394,4 EUR",,,,EUR,"39,51",
18-10-2024,09:45,17-10-2024,FLATEX EURO BANKACCOUNT,NLFLATEXACNT,Degiro Cash Sweep Transfer,,EUR,"394,40",EUR,"433,91",
17-10-2024,17:59,17-10-2024,ENBRIDGE INC,CA29250N1050,Ingreso Cambio de Divisa,"1,0810",USD,"209,29",USD,"0,00",026f82db-e306-41fd-849c-105f97f375f4
17-10-2024,17:59,17-10-2024,ENBRIDGE INC,CA29250N1050,Retirada Cambio de Divisa,,EUR,"-193,61",EUR,"39,51",026f82db-e306-41fd-849c-105f97f375f4
17-10-2024,17:59,17-10-2024,ENBRIDGE INC,CA29250N1050,Costes de transacción y/o externos de DEGIRO,,EUR,"-2,00",EUR,"233,12",026f82db-e306-41fd-849c-105f97f375f4
17-10-2024,17:59,17-10-2024,ENBRIDGE INC,CA29250N1050,"Compra 5 Enbridge Inc@41,8578 USD (CA29250N1050)",,USD,"-209,29",USD,"-209,29",026f82db-e306-41fd-849c-105f97f375f4
17-10-2024,17:56,17-10-2024,CANADIAN NATURAL RESOURCES LTD,CA1363851017,Ingreso Cambio de Divisa,"1,0810",USD,"212,73",USD,"0,00",269a2cb3-c45d-4cb6-bd01-1a3103e1f31a
17-10-2024,17:56,17-10-2024,CANADIAN NATURAL RESOURCES LTD,CA1363851017,Retirada Cambio de Divisa,,EUR,"-196,79",EUR,"235,12",269a2cb3-c45d-4cb6-bd01-1a3103e1f31a
17-10-2024,17:56,17-10-2024,CANADIAN NATURAL RESOURCES LTD,CA1363851017,Costes de transacción y/o externos de DEGIRO,,EUR,"-2,00",EUR,"431,91",269a2cb3-c45d-4cb6-bd01-1a3103e1f31a
17-10-2024,17:56,17-10-2024,CANADIAN NATURAL RESOURCES LTD,CA1363851017,"Compra 6 Canadian Natural Resources Ltd@35,455 USD (CA1363851017)",,USD,"-212,73",USD,"-212,73",269a2cb3-c45d-4cb6-bd01-1a3103e1f31a
17-10-2024,17:46,17-10-2024,,,"Transferir a su Cuenta de Efectivo en flatexDEGIRO Bank: 3,62 EUR",,,,EUR,"433,91",
17-10-2024,17:46,17-10-2024,FLATEX EURO BANKACCOUNT,NLFLATEXACNT,Degiro Cash Sweep Transfer,,EUR,"-3,62",EUR,"430,29",
17-10-2024,06:48,16-10-2024,,,Ingreso Cambio de Divisa,,EUR,"3,62",EUR,"433,91",
17-10-2024,06:48,16-10-2024,,,Retirada Cambio de Divisa,"1,0890",USD,"-3,94",USD,"0,00",
16-10-2024,07:42,15-10-2024,,,Comisión por Acción Corporativa,,USD,"-0,15",USD,"3,94",
16-10-2024,07:42,15-10-2024,MAIN STREET CAPITAL CORP,US56035L1044,Retención del dividendo,,USD,"-0,26",USD,"4,09",
16-10-2024,07:42,15-10-2024,MAIN STREET CAPITAL CORP,US56035L1044,Dividendo,,USD,"1,72",USD,"4,35",
16-10-2024,07:09,15-10-2024,,,Comisión por Acción Corporativa,,USD,"-0,29",USD,"2,63",
16-10-2024,07:08,15-10-2024,REALTY INCOME CORP,US7561091049,Dividendo,,USD,"3,43",USD,"2,92",
16-10-2024,07:08,15-10-2024,REALTY INCOME CORP,US7561091049,Retención del dividendo,,USD,"-0,51",USD,"-0,51",
14-10-2024,17:00,14-10-2024,,,"Transferir desde su Cuenta de Efectivo en flatexDEGIRO Bank: 2.134,74 EUR",,,,EUR,"430,29",
14-10-2024,17:00,14-10-2024,FLATEX EURO BANKACCOUNT,NLFLATEXACNT,Degiro Cash Sweep Transfer,,EUR,"2134,74",EUR,"2565,03",
14-10-2024,13:49,14-10-2024,AMUNDI S&P WORLD CONSUMER STAPLES,IE000ZIJ5B20,Costes de transacción y/o externos de DEGIRO,,EUR,"-3,00",EUR,"430,29",90664a5f-d2e6-475e-aa9b-b068408731fe
14-10-2024,13:49,14-10-2024,AMUNDI S&P WORLD CONSUMER STAPLES,IE000ZIJ5B20,"Compra 40 Amundi S&P World Consumer Staples Screened UCITS Acc ETF@10,91 EUR (IE000ZIJ5B20)",,EUR,"-436,40",EUR,"433,29",90664a5f-d2e6-475e-aa9b-b068408731fe
14-10-2024,13:44,14-10-2024,ISHARES CORE S&P 500 UCITS ETF USD,IE00B5BMR087,Costes de transacción y/o externos de DEGIRO,,EUR,"-1,00",EUR,"869,69",4b0f99fe-2f66-41c0-a15a-956e3b6a75bd
14-10-2024,13:44,14-10-2024,ISHARES CORE S&P 500 UCITS ETF USD,IE00B5BMR087,"Compra 3 iShares Core S&P 500 UCITS ETF USD (Acc)@564,78 EUR (IE00B5BMR087)",,EUR,"-1694,34",EUR,"870,69",4b0f99fe-2f66-41c0-a15a-956e3b6a75bd
05-10-2024,00:41,30-09-2024,,,Flatex Interest Income,,EUR,"0,00",EUR,"2565,03",
01-10-2024,18:45,01-10-2024,,,"Transferir a su Cuenta de Efectivo en flatexDEGIRO Bank: 1,43 EUR",,,,EUR,"2565,03",
01-10-2024,18:45,01-10-2024,FLATEX EURO BANKACCOUNT,NLFLATEXACNT,Degiro Cash Sweep Transfer,,EUR,"-1,43",EUR,"2563,60",
01-10-2024,06:49,30-09-2024,,,Ingreso Cambio de Divisa,,EUR,"1,43",EUR,"2565,03",
01-10-2024,06:49,30-09-2024,,,Retirada Cambio de Divisa,"1,1162",USD,"-1,60",USD,"0,00",
30-09-2024,07:25,27-09-2024,,,Comisión por Acción Corporativa,,USD,"-0,18",USD,"1,60",
30-09-2024,07:24,27-09-2024,MAIN STREET CAPITAL CORP,US56035L1044,Retención del dividendo,,USD,"-0,32",USD,"1,78",
30-09-2024,07:24,27-09-2024,MAIN STREET CAPITAL CORP,US56035L1044,Dividendo,,USD,"2,10",USD,"2,10",
27-09-2024,22:04,27-09-2024,FLATEX EURO BANKACCOUNT,NLFLATEXACNT,Degiro Cash Sweep Transfer,,EUR,"-6,76",EUR,"2563,60",
27-09-2024,22:04,27-09-2024,,,"Transferir a su Cuenta de Efectivo en flatexDEGIRO Bank: 6,76 EUR",,,,EUR,"2570,36",
27-09-2024,08:01,26-09-2024,,,Ingreso Cambio de Divisa,,EUR,"6,76",EUR,"2563,60",
27-09-2024,08:01,26-09-2024,,,Retirada Cambio de Divisa,"1,1205",USD,"-7,57",USD,"0,00",
26-09-2024,07:03,25-09-2024,,,Comisión por Acción Corporativa,,USD,"-0,84",USD,"7,57",
26-09-2024,07:02,25-09-2024,VNGRD FTSE ALL-WLD HGH DIV YLD UCITS,IE00B8GKDB10,Dividendo,,USD,"8,41",USD,"8,41",
18-09-2024,17:16,18-09-2024,,,"Transferir a su Cuenta de Efectivo en flatexDEGIRO Bank: 4,34 EUR",,,,EUR,"2556,84",
18-09-2024,17:16,18-09-2024,FLATEX EURO BANKACCOUNT,NLFLATEXACNT,Degiro Cash Sweep Transfer,,EUR,"-4,34",EUR,"2552,50",
18-09-2024,06:53,17-09-2024,,,Ingreso Cambio de Divisa,,EUR,"4,34",EUR,"2556,84",
18-09-2024,06:53,17-09-2024,,,Retirada Cambio de Divisa,"1,1141",USD,"-4,83",USD,"0,00",
17-09-2024,17:15,17-09-2024,,,"Transferir a su Cuenta de Efectivo en flatexDEGIRO Bank: 3,52 EUR",,,,EUR,"2552,50",
17-09-2024,17:15,17-09-2024,FLATEX EURO BANKACCOUNT,NLFLATEXACNT,Degiro Cash Sweep Transfer,,EUR,"-3,52",EUR,"2548,98",
17-09-2024,08:08,16-09-2024,,,Comisión por Acción Corporativa,,USD,"-0,27",USD,"4,83",
17-09-2024,08:07,16-09-2024,DUKE ENERGY CORP,US26441C2044,Retención del dividendo,,USD,"-0,47",USD,"5,10",
17-09-2024,08:07,16-09-2024,DUKE ENERGY CORP,US26441C2044,Dividendo,,USD,"3,14",USD,"5,57",
17-09-2024,07:51,16-09-2024,,,Comisión por Acción Corporativa,,USD,"-0,27",USD,"2,43",
17-09-2024,07:50,16-09-2024,OLD REPUBLIC INTERNATIONAL CORP,US6802231042,Dividendo,,USD,"3,18",USD,"2,70",
17-09-2024,07:50,16-09-2024,OLD REPUBLIC INTERNATIONAL CORP,US6802231042,Retención del dividendo,,USD,"-0,48",USD,"-0,48",
17-09-2024,06:49,16-09-2024,,,Ingreso Cambio de Divisa,,EUR,"3,52",EUR,"2552,50",
17-09-2024,06:49,16-09-2024,,,Retirada Cambio de Divisa,"1,1160",USD,"-3,93",USD,"0,00",
16-09-2024,07:56,13-09-2024,,,Comisión por Acción Corporativa,,USD,"-0,15",USD,"3,93",
16-09-2024,07:56,13-09-2024,MAIN STREET CAPITAL CORP,US56035L1044,Dividendo,,USD,"1,72",USD,"4,08",
16-09-2024,07:56,13-09-2024,MAIN STREET CAPITAL CORP,US56035L1044,Retención del dividendo,,USD,"-0,26",USD,"2,36",
16-09-2024,07:14,13-09-2024,,,Comisión por Acción Corporativa,,USD,"-0,29",USD,"2,62",
16-09-2024,07:13,13-09-2024,REALTY INCOME CORP,US7561091049,Retención del dividendo,,USD,"-0,51",USD,"2,91",
16-09-2024,07:13,13-09-2024,REALTY INCOME CORP,US7561091049,Dividendo,,USD,"3,42",USD,"3,42",
12-09-2024,19:00,12-09-2024,,,"Transferir a su Cuenta de Efectivo en flatexDEGIRO Bank: 1,97 EUR",,,,EUR,"2548,98",
12-09-2024,19:00,12-09-2024,FLATEX EURO BANKACCOUNT,NLFLATEXACNT,Degiro Cash Sweep Transfer,,EUR,"-1,97",EUR,"2547,01",
12-09-2024,06:58,11-09-2024,,,Ingreso Cambio de Divisa,,EUR,"1,97",EUR,"2548,98",
12-09-2024,06:58,11-09-2024,,,Retirada Cambio de Divisa,"1,1040",USD,"-2,18",USD,"0,00",
11-09-2024,07:17,10-09-2024,,,Comisión por Acción Corporativa,,USD,"-0,24",USD,"2,18",
11-09-2024,07:16,10-09-2024,EXXON MOBIL CORP,US30231G1022,Dividendo,,USD,"2,85",USD,"2,42",
11-09-2024,07:16,10-09-2024,EXXON MOBIL CORP,US30231G1022,Retención del dividendo,,USD,"-0,43",USD,"-0,43",
05-09-2024,17:16,05-09-2024,,,"Transferir a su Cuenta de Efectivo en flatexDEGIRO Bank: 4,5 EUR",,,,EUR,"2547,01",
05-09-2024,17:16,05-09-2024,FLATEX EURO BANKACCOUNT,NLFLATEXACNT,Degiro Cash Sweep Transfer,,EUR,"-4,50",EUR,"2542,51",
05-09-2024,06:53,04-09-2024,,,Ingreso Cambio de Divisa,,EUR,"4,50",EUR,"2547,01",
05-09-2024,06:53,04-09-2024,,,Retirada Cambio de Divisa,"1,1110",USD,"-5,00",USD,"0,00",
04-09-2024,07:16,03-09-2024,PFIZER INC,US7170811035,Dividendo,,USD,"5,88",USD,"5,00",
04-09-2024,07:16,03-09-2024,PFIZER INC,US7170811035,Retención del dividendo,,USD,"-0,88",USD,"-0,88",
04-09-2024,02:15,03-09-2024,,,"Transferir desde su Cuenta de Efectivo en flatexDEGIRO Bank: 7,5 EUR",,,,EUR,"2542,51",
04-09-2024,02:15,03-09-2024,FLATEX EURO BANKACCOUNT,NLFLATEXACNT,Degiro Cash Sweep Transfer,,EUR,"7,50",EUR,"2550,01",
03-09-2024,10:31,31-08-2024,,,Comisión de conectividad con el mercado 2024 (New York Stock Exchange - NSY),,EUR,"-2,50",EUR,"2542,51",
03-09-2024,10:31,31-08-2024,,,Comisión de conectividad con el mercado 2024 (Nasdaq - NDQ),,EUR,"-2,50",EUR,"2545,01",
03-09-2024,10:31,31-08-2024,,,Comisión de conectividad con el mercado 2024 (Xetra - XET),,EUR,"-2,50",EUR,"2547,51",
21-08-2024,20:36,21-08-2024,,,flatex Deposit,,EUR,"2500,00",EUR,"2550,01",
19-08-2024,19:02,19-08-2024,FLATEX EURO BANKACCOUNT,NLFLATEXACNT,Degiro Cash Sweep Transfer,,EUR,"-7,17",EUR,"50,01",
19-08-2024,19:02,19-08-2024,,,"Transferir a su Cuenta de Efectivo en flatexDEGIRO Bank: 7,17 EUR",,,,EUR,"57,18",
17-08-2024,06:53,16-08-2024,,,Ingreso Cambio de Divisa,,EUR,"7,17",EUR,"50,01",
17-08-2024,06:53,16-08-2024,,,Retirada Cambio de Divisa,"1,1054",USD,"-7,93",USD,"0,00",
16-08-2024,09:08,15-08-2024,,,Comisión por Acción Corporativa,,USD,"-0,44",USD,"7,93",
16-08-2024,09:07,15-08-2024,NNN REIT INC,US6374171063,Dividendo,,USD,"5,22",USD,"8,37",
16-08-2024,09:07,15-08-2024,NNN REIT INC,US6374171063,Retención del dividendo,,USD,"-0,78",USD,"3,15",
16-08-2024,09:01,15-08-2024,,,Comisión por Acción Corporativa,,USD,"-0,15",USD,"3,93",
16-08-2024,09:00,15-08-2024,MAIN STREET CAPITAL CORP,US56035L1044,Dividendo,,USD,"1,72",USD,"4,08",
16-08-2024,09:00,15-08-2024,MAIN STREET CAPITAL CORP,US56035L1044,Retención del dividendo,,USD,"-0,26",USD,"2,36",
16-08-2024,08:49,15-08-2024,,,Comisión por Acción Corporativa,,USD,"-0,29",USD,"2,62",
16-08-2024,08:48,15-08-2024,REALTY INCOME CORP,US7561091049,Dividendo,,USD,"3,42",USD,"2,91",
16-08-2024,08:48,15-08-2024,REALTY INCOME CORP,US7561091049,Retención del dividendo,,USD,"-0,51",USD,"-0,51",
07-08-2024,05:16,06-08-2024,,,"Transferir desde su Cuenta de Efectivo en flatexDEGIRO Bank: 169,07 EUR",,,,EUR,"42,84",
07-08-2024,05:16,06-08-2024,FLATEX EURO BANKACCOUNT,NLFLATEXACNT,Degiro Cash Sweep Transfer,,EUR,"169,07",EUR,"211,91",
05-08-2024,15:44,05-08-2024,ISHARES GLOBAL WATER UCITS ETF USD,IE00B1TXK627,Costes de transacción y/o externos de DEGIRO,,EUR,"-1,00",EUR,"42,84",820dbc6d-449c-4da8-8a36-ff9c5fc73dbb
05-08-2024,15:44,05-08-2024,ISHARES GLOBAL WATER UCITS ETF USD,IE00B1TXK627,"Compra 3 iShares Global Water UCITS ETF USD (Dist)@60,07 EUR (IE00B1TXK627)",,EUR,"-180,21",EUR,"43,84",820dbc6d-449c-4da8-8a36-ff9c5fc73dbb
03-08-2024,06:53,02-08-2024,,,Ingreso Cambio de Divisa,,EUR,"4,64",EUR,"224,05",
03-08-2024,06:53,02-08-2024,,,Retirada Cambio de Divisa,"1,0938",USD,"-5,08",USD,"0,00",
02-08-2024,19:02,31-07-2024,,,Comisión de conectividad con el mercado 2024 (New York Stock Exchange - NSY),,EUR,"2,50",EUR,"219,41",
02-08-2024,19:02,31-07-2024,,,Comisión de conectividad con el mercado 2024 (Nasdaq - NDQ),,EUR,"2,50",EUR,"216,91",
02-08-2024,19:02,31-07-2024,,,Comisión de conectividad con el mercado 2024 (Xetra - XET),,EUR,"2,50",EUR,"214,41",
02-08-2024,08:45,01-08-2024,,,"Transferir desde su Cuenta de Efectivo en flatexDEGIRO Bank: 1.940,85 EUR",,,,EUR,"211,91",
02-08-2024,08:45,01-08-2024,FLATEX EURO BANKACCOUNT,NLFLATEXACNT,Degiro Cash Sweep Transfer,,EUR,"1940,85",EUR,"2152,76",
02-08-2024,06:50,01-08-2024,,,Comisión por Acción Corporativa,,USD,"-0,57",USD,"5,08",
02-08-2024,06:50,01-08-2024,VERIZON COMMUNICATIONS INC,US92343V1044,Dividendo,,USD,"6,65",USD,"5,65",
02-08-2024,06:49,01-08-2024,VERIZON COMMUNICATIONS INC,US92343V1044,Retención del dividendo,,USD,"-1,00",USD,"-1,00",
01-08-2024,09:04,01-08-2024,ISHARES CORE S&P 500 UCITS ETF USD,IE00B5BMR087,Costes de transacción y/o externos de DEGIRO,,EUR,"-1,00",EUR,"211,91",f041505e-4ef0-4ae1-aaf9-682433460c2a
01-08-2024,09:04,01-08-2024,ISHARES CORE S&P 500 UCITS ETF USD,IE00B5BMR087,"Compra 3 iShares Core S&P 500 UCITS ETF USD (Acc)@541,3 EUR (IE00B5BMR087)",,EUR,"-1623,90",EUR,"212,91",f041505e-4ef0-4ae1-aaf9-682433460c2a
01-08-2024,09:04,01-08-2024,VNGRD FTSE ALL-WLD HGH DIV YLD UCITS,IE00B8GKDB10,Costes de transacción y/o externos de DEGIRO,,EUR,"-3,00",EUR,"1836,81",78ca190f-6e8f-416b-8458-b9ce81af604a
01-08-2024,09:04,01-08-2024,VNGRD FTSE ALL-WLD HGH DIV YLD UCITS,IE00B8GKDB10,"Compra 5 Vngrd FTSE All-Wld Hgh Div Yld UCITS ETF USD D@62,59 EUR (IE00B8GKDB10)",,EUR,"-312,95",EUR,"1839,81",78ca190f-6e8f-416b-8458-b9ce81af604a
31-07-2024,17:45,31-07-2024,,,"Transferir a su Cuenta de Efectivo en flatexDEGIRO Bank: 3,81 EUR",,,,EUR,"2152,76",
31-07-2024,17:45,31-07-2024,FLATEX EURO BANKACCOUNT,NLFLATEXACNT,Degiro Cash Sweep Transfer,,EUR,"-3,81",EUR,"2148,95",
31-07-2024,07:09,30-07-2024,,,Ingreso Cambio de Divisa,,EUR,"3,81",EUR,"2152,76",
31-07-2024,07:09,30-07-2024,,,Retirada Cambio de Divisa,"1,5016",CAD,"-5,72",CAD,"0,00",
30-07-2024,20:27,30-07-2024,,,flatex Deposit,,EUR,"1000,00",EUR,"2148,95",
30-07-2024,20:25,30-07-2024,,,flatex Deposit,,EUR,"1000,00",EUR,"1148,95",
30-07-2024,07:12,29-07-2024,,,Comisión por Acción Corporativa,,CAD,"-0,64",CAD,"5,72",
30-07-2024,07:12,29-07-2024,BANK OF NOVA SCOTIA,CA0641491075,Dividendo,,CAD,"8,48",CAD,"6,36",
30-07-2024,07:12,29-07-2024,BANK OF NOVA SCOTIA,CA0641491075,Retención del dividendo,,CAD,"-2,12",CAD,"-2,12",
26-07-2024,16:45,26-07-2024,,,"Transferir a su Cuenta de Efectivo en flatexDEGIRO Bank: 2,25 EUR",,,,EUR,"148,95",
26-07-2024,16:45,26-07-2024,FLATEX EURO BANKACCOUNT,NLFLATEXACNT,Degiro Cash Sweep Transfer,,EUR,"-2,25",EUR,"146,70",
26-07-2024,07:06,25-07-2024,,,Ingreso Cambio de Divisa,,EUR,"2,25",EUR,"148,95",
26-07-2024,07:06,25-07-2024,,,Retirada Cambio de Divisa,"1,0873",USD,"-2,45",USD,"0,00",
25-07-2024,07:26,24-07-2024,,,Comisión por Acción Corporativa,,USD,"-0,27",USD,"2,45",
25-07-2024,07:25,24-07-2024,CISCO SYSTEMS INC,US17275R1023,Retención del dividendo,,USD,"-0,48",USD,"2,72",
25-07-2024,07:25,24-07-2024,CISCO SYSTEMS INC,US17275R1023,Dividendo,,USD,"3,20",USD,"3,20",
23-07-2024,16:45,23-07-2024,,,"Transferir desde su Cuenta de Efectivo en flatexDEGIRO Bank: 913,91 EUR",,,,EUR,"146,70",
23-07-2024,16:45,23-07-2024,FLATEX EURO BANKACCOUNT,NLFLATEXACNT,Degiro Cash Sweep Transfer,,EUR,"913,91",EUR,"1060,61",
23-07-2024,10:15,22-07-2024,,,"Transferir desde su Cuenta de Efectivo en flatexDEGIRO Bank: 2.011,02 EUR",,,,EUR,"146,70",
23-07-2024,10:15,22-07-2024,FLATEX EURO BANKACCOUNT,NLFLATEXACNT,Degiro Cash Sweep Transfer,,EUR,"2011,02",EUR,"2157,72",
23-07-2024,09:04,23-07-2024,ISHARES CORE S&P 500 UCITS ETF USD,IE00B5BMR087,Costes de transacción y/o externos de DEGIRO,,EUR,"-1,00",EUR,"146,70",debd7c95-e4ad-4501-b89a-7c540dae1fe2
23-07-2024,09:04,23-07-2024,VNGRD FTSE ALL-WLD HGH DIV YLD UCITS,IE00B8GKDB10,Costes de transacción y/o externos de DEGIRO,,EUR,"-3,00",EUR,"147,70",2ebd794f-93ba-4294-a43b-332d16769f47
23-07-2024,09:04,23-07-2024,ISHARES CORE S&P 500 UCITS ETF USD,IE00B5BMR087,"Compra 1 iShares Core S&P 500 UCITS ETF USD (Acc)@538,58 EUR (IE00B5BMR087)",,EUR,"-538,58",EUR,"150,70",debd7c95-e4ad-4501-b89a-7c540dae1fe2
23-07-2024,09:04,23-07-2024,VNGRD FTSE ALL-WLD HGH DIV YLD UCITS,IE00B8GKDB10,"Compra 6 Vngrd FTSE All-Wld Hgh Div Yld UCITS ETF USD D@61,89 EUR (IE00B8GKDB10)",,EUR,"-371,34",EUR,"689,28",2ebd794f-93ba-4294-a43b-332d16769f47
23-07-2024,06:46,22-07-2024,,,Ingreso Cambio de Divisa,,EUR,"0,01",EUR,"1060,62",
23-07-2024,06:46,22-07-2024,,,Retirada Cambio de Divisa,"1,0918",USD,"-0,01",USD,"0,00",
22-07-2024,20:44,22-07-2024,BERKSHIRE HATHAWAY INC CLASS B,US0846707026,Ingreso Cambio de Divisa,"1,0861",USD,"2181,95",USD,"0,01",48735c57-6daa-4ff0-bb62-7df2c0aeda68
22-07-2024,20:44,22-07-2024,BERKSHIRE HATHAWAY INC CLASS B,US0846707026,Retirada Cambio de Divisa,,EUR,"-2009,02",EUR,"1060,61",48735c57-6daa-4ff0-bb62-7df2c0aeda68
22-07-2024,20:44,22-07-2024,BERKSHIRE HATHAWAY INC CLASS B,US0846707026,Costes de transacción y/o externos de DEGIRO,,EUR,"-2,00",EUR,"3069,63",48735c57-6daa-4ff0-bb62-7df2c0aeda68
22-07-2024,20:44,22-07-2024,BERKSHIRE HATHAWAY INC CLASS B,US0846707026,"Compra 5 Berkshire Hathaway Inc Class B@436,3895 USD (US0846707026)",,USD,"-2181,95",USD,"-2181,94",48735c57-6daa-4ff0-bb62-7df2c0aeda68
22-07-2024,20:12,22-07-2024,,,flatex Deposit,,EUR,"3000,00",EUR,"3071,63",
18-07-2024,17:15,18-07-2024,FLATEX EURO BANKACCOUNT,NLFLATEXACNT,Degiro Cash Sweep Transfer,,EUR,"-3,58",EUR,"71,63",
18-07-2024,17:15,18-07-2024,,,"Transferir a su Cuenta de Efectivo en flatexDEGIRO Bank: 3,58 EUR",,,,EUR,"75,21",
18-07-2024,06:53,17-07-2024,,,Ingreso Cambio de Divisa,,EUR,"3,58",EUR,"71,63",
18-07-2024,06:53,17-07-2024,,,Retirada Cambio de Divisa,"1,0967",USD,"-3,93",USD,"0,00",
16-07-2024,07:41,15-07-2024,,,Comisión por Acción Corporativa,,USD,"-0,15",USD,"3,93",
16-07-2024,07:41,15-07-2024,MAIN STREET CAPITAL CORP,US56035L1044,Retención del dividendo,,USD,"-0,26",USD,"4,08",
16-07-2024,07:41,15-07-2024,MAIN STREET CAPITAL CORP,US56035L1044,Dividendo,,USD,"1,72",USD,"4,34",
16-07-2024,07:23,15-07-2024,,,Comisión por Acción Corporativa,,USD,"-0,29",USD,"2,62",
16-07-2024,07:22,15-07-2024,REALTY INCOME CORP,US7561091049,Retención del dividendo,,USD,"-0,51",USD,"2,91",
16-07-2024,07:22,15-07-2024,REALTY INCOME CORP,US7561091049,Dividendo,,USD,"3,42",USD,"3,42",
06-07-2024,06:40,30-06-2024,,,Flatex Interest Income,,EUR,"0,00",EUR,"68,05",
02-07-2024,08:15,01-07-2024,,,"Transferir a su Cuenta de Efectivo en flatexDEGIRO Bank: 1,49 EUR",,,,EUR,"68,05",
02-07-2024,08:15,01-07-2024,FLATEX EURO BANKACCOUNT,NLFLATEXACNT,Degiro Cash Sweep Transfer,,EUR,"-1,49",EUR,"66,56",
29-06-2024,06:53,28-06-2024,,,Ingreso Cambio de Divisa,,EUR,"1,49",EUR,"68,05",
29-06-2024,06:53,28-06-2024,,,Retirada Cambio de Divisa,"1,0740",USD,"-1,60",USD,"0,00",
28-06-2024,20:33,28-06-2024,,,"Transferir a su Cuenta de Efectivo en flatexDEGIRO Bank: 4,04 EUR",,,,EUR,"66,56",
28-06-2024,20:33,28-06-2024,FLATEX EURO BANKACCOUNT,NLFLATEXACNT,Degiro Cash Sweep Transfer,,EUR,"-4,04",EUR,"62,52",
28-06-2024,08:01,27-06-2024,,,Ingreso Cambio de Divisa,,EUR,"4,04",EUR,"66,56",
28-06-2024,08:01,27-06-2024,,,Retirada Cambio de Divisa,"1,0731",USD,"-4,34",USD,"1,60",
28-06-2024,07:35,27-06-2024,,,Comisión por Acción Corporativa,,USD,"-0,18",USD,"5,94",
28-06-2024,07:35,27-06-2024,MAIN STREET CAPITAL CORP,US56035L1044,Retención del dividendo,,USD,"-0,32",USD,"6,12",
28-06-2024,07:35,27-06-2024,MAIN STREET CAPITAL CORP,US56035L1044,Dividendo,,USD,"2,10",USD,"6,44",
27-06-2024,08:15,26-06-2024,,,Comisión por Acción Corporativa,,USD,"-0,48",USD,"4,34",
27-06-2024,08:14,26-06-2024,VNGRD FTSE ALL-WLD HGH DIV YLD UCITS,IE00B8GKDB10,Dividendo,,USD,"4,82",USD,"4,82",
19-06-2024,23:46,19-06-2024,FLATEX EURO BANKACCOUNT,NLFLATEXACNT,Degiro Cash Sweep Transfer,,EUR,"-2,19",EUR,"62,52",
19-06-2024,23:46,19-06-2024,,,"Transferir a su Cuenta de Efectivo en flatexDEGIRO Bank: 2,19 EUR",,,,EUR,"64,71",
19-06-2024,06:55,18-06-2024,,,Ingreso Cambio de Divisa,,EUR,"2,19",EUR,"62,52",
19-06-2024,06:55,18-06-2024,,,Retirada Cambio de Divisa,"1,0767",USD,"-2,36",USD,"0,00",
18-06-2024,18:47,18-06-2024,,,"Transferir a su Cuenta de Efectivo en flatexDEGIRO Bank: 5,21 EUR",,,,EUR,"60,33",
18-06-2024,18:47,18-06-2024,FLATEX EURO BANKACCOUNT,NLFLATEXACNT,Degiro Cash Sweep Transfer,,EUR,"-5,21",EUR,"55,12",
18-06-2024,12:46,17-06-2024,,,"Transferir a su Cuenta de Efectivo en flatexDEGIRO Bank: 2,43 EUR",,,,EUR,"60,33",
18-06-2024,12:46,17-06-2024,FLATEX EURO BANKACCOUNT,NLFLATEXACNT,Degiro Cash Sweep Transfer,,EUR,"-2,43",EUR,"57,90",
18-06-2024,07:50,17-06-2024,,,Comisión por Acción Corporativa,,USD,"-0,26",USD,"2,36",
18-06-2024,07:49,17-06-2024,DUKE ENERGY CORP,US26441C2044,Retención del dividendo,,USD,"-0,46",USD,"2,62",
18-06-2024,07:49,17-06-2024,DUKE ENERGY CORP,US26441C2044,Dividendo,,USD,"3,08",USD,"3,08",
18-06-2024,07:17,17-06-2024,,,Ingreso Cambio de Divisa,,EUR,"7,64",EUR,"60,33",
18-06-2024,07:17,17-06-2024,,,Retirada Cambio de Divisa,"1,0761",USD,"-8,22",USD,"0,00",
18-06-2024,03:31,17-06-2024,FLATEX EURO BANKACCOUNT,NLFLATEXACNT,Degiro Cash Sweep Transfer,,EUR,"-2,43",EUR,"52,69",
18-06-2024,03:31,17-06-2024,,,"Transferir a su Cuenta de Efectivo en flatexDEGIRO Bank: 2,43 EUR",,,,EUR,"55,12",
17-06-2024,08:02,14-06-2024,,,Comisión por Acción Corporativa,,USD,"-0,14",USD,"8,22",
17-06-2024,08:02,14-06-2024,MAIN STREET CAPITAL CORP,US56035L1044,Dividendo,,USD,"1,68",USD,"8,36",
17-06-2024,08:02,14-06-2024,MAIN STREET CAPITAL CORP,US56035L1044,Retención del dividendo,,USD,"-0,25",USD,"6,68",
17-06-2024,07:51,14-06-2024,,,Comisión por Acción Corporativa,,USD,"-0,27",USD,"6,93",
17-06-2024,07:51,14-06-2024,OLD REPUBLIC INTERNATIONAL CORP,US6802231042,Dividendo,,USD,"3,18",USD,"7,20",
17-06-2024,07:51,14-06-2024,OLD REPUBLIC INTERNATIONAL CORP,US6802231042,Retención del dividendo,,USD,"-0,48",USD,"4,02",
17-06-2024,07:30,14-06-2024,,,Comisión por Acción Corporativa,,USD,"-0,50",USD,"4,50",
17-06-2024,07:29,14-06-2024,PFIZER INC,US7170811035,Dividendo,,USD,"5,88",USD,"5,00",
17-06-2024,07:29,14-06-2024,PFIZER INC,US7170811035,Retención del dividendo,,USD,"-0,88",USD,"-0,88",
16-06-2024,07:02,14-06-2024,,,Ingreso Cambio de Divisa,,EUR,"2,43",EUR,"52,69",
16-06-2024,07:02,14-06-2024,,,Retirada Cambio de Divisa,"1,0730",USD,"-2,61",USD,"0,00",
16-06-2024,00:21,14-06-2024,,,Comisión por Acción Corporativa,,USD,"-0,29",USD,"2,61",
16-06-2024,00:20,14-06-2024,REALTY INCOME CORP,US7561091049,Dividendo,,USD,"3,41",USD,"2,90",
16-06-2024,00:20,14-06-2024,REALTY INCOME CORP,US7561091049,Retención del dividendo,,USD,"-0,51",USD,"-0,51",
12-06-2024,17:15,12-06-2024,,,"Transferir a su Cuenta de Efectivo en flatexDEGIRO Bank: 2,02 EUR",,,,EUR,"50,26",
12-06-2024,17:15,12-06-2024,FLATEX EURO BANKACCOUNT,NLFLATEXACNT,Degiro Cash Sweep Transfer,,EUR,"-2,02",EUR,"48,24",
12-06-2024,07:05,11-06-2024,,,Ingreso Cambio de Divisa,,EUR,"2,02",EUR,"50,26",
12-06-2024,07:05,11-06-2024,,,Retirada Cambio de Divisa,"1,0768",USD,"-2,18",USD,"0,00",
11-06-2024,07:35,10-06-2024,,,Comisión por Acción Corporativa,,USD,"-0,24",USD,"2,18",
11-06-2024,07:34,10-06-2024,EXXON MOBIL CORP,US30231G1022,Dividendo,,USD,"2,85",USD,"2,42",
11-06-2024,07:34,10-06-2024,EXXON MOBIL CORP,US30231G1022,Retención del dividendo,,USD,"-0,43",USD,"-0,43",
04-06-2024,04:15,03-06-2024,,,"Transferir desde su Cuenta de Efectivo en flatexDEGIRO Bank: 2,5 EUR",,,,EUR,"48,24",
04-06-2024,04:15,03-06-2024,FLATEX EURO BANKACCOUNT,NLFLATEXACNT,Degiro Cash Sweep Transfer,,EUR,"2,50",EUR,"50,74",
03-06-2024,09:53,31-05-2024,,,Comisión de conectividad con el mercado 2024 (Xetra - XET),,EUR,"-2,50",EUR,"48,24",
24-05-2024,16:45,24-05-2024,,,"Transferir desde su Cuenta de Efectivo en flatexDEGIRO Bank: 371,46 EUR",,,,EUR,"50,74",
24-05-2024,16:45,24-05-2024,FLATEX EURO BANKACCOUNT,NLFLATEXACNT,Degiro Cash Sweep Transfer,,EUR,"371,46",EUR,"422,20",
24-05-2024,14:04,24-05-2024,VNGRD FTSE ALL-WLD HGH DIV YLD UCITS,IE00B8GKDB10,Costes de transacción y/o externos de DEGIRO,,EUR,"-3,00",EUR,"50,74",9cb21a0d-63c5-4b17-b1ff-85fa9fcdb76e
24-05-2024,14:04,24-05-2024,VNGRD FTSE ALL-WLD HGH DIV YLD UCITS,IE00B8GKDB10,"Compra 6 Vngrd FTSE All-Wld Hgh Div Yld UCITS ETF USD D@61,41 EUR (IE00B8GKDB10)",,EUR,"-368,46",EUR,"53,74",9cb21a0d-63c5-4b17-b1ff-85fa9fcdb76e
23-05-2024,17:45,23-05-2024,,,"Transferir desde su Cuenta de Efectivo en flatexDEGIRO Bank: 2.592,7 EUR",,,,EUR,"422,20",
23-05-2024,17:45,23-05-2024,FLATEX EURO BANKACCOUNT,NLFLATEXACNT,Degiro Cash Sweep Transfer,,EUR,"2592,70",EUR,"3014,90",
23-05-2024,12:12,23-05-2024,ISHARES CORE S&P 500 UCITS ETF USD,IE00B5BMR087,Costes de transacción y/o externos de DEGIRO,,EUR,"-1,00",EUR,"422,20",92d4bcf8-a9ff-4ce5-b35a-e551d5d23372
23-05-2024,12:12,23-05-2024,ISHARES CORE S&P 500 UCITS ETF USD,IE00B5BMR087,"Compra 5 iShares Core S&P 500 UCITS ETF USD (Acc)@518,34 EUR (IE00B5BMR087)",,EUR,"-2591,70",EUR,"423,20",92d4bcf8-a9ff-4ce5-b35a-e551d5d23372
23-05-2024,11:54,23-05-2024,,,flatex Deposit,,EUR,"3000,00",EUR,"3014,90",
20-05-2024,17:16,20-05-2024,,,"Transferir a su Cuenta de Efectivo en flatexDEGIRO Bank: 7,11 EUR",,,,EUR,"14,90",
20-05-2024,17:16,20-05-2024,FLATEX EURO BANKACCOUNT,NLFLATEXACNT,Degiro Cash Sweep Transfer,,EUR,"-7,11",EUR,"7,79",
18-05-2024,07:04,17-05-2024,,,Ingreso Cambio de Divisa,,EUR,"7,11",EUR,"14,90",
18-05-2024,07:04,17-05-2024,,,Retirada Cambio de Divisa,"1,0897",USD,"-7,75",USD,"0,00",
16-05-2024,07:48,15-05-2024,,,Comisión por Acción Corporativa,,USD,"-0,14",USD,"7,75",
16-05-2024,07:48,15-05-2024,MAIN STREET CAPITAL CORP,US56035L1044,Dividendo,,USD,"1,68",USD,"7,89",
16-05-2024,07:48,15-05-2024,MAIN STREET CAPITAL CORP,US56035L1044,Retención del dividendo,,USD,"-0,25",USD,"6,21",
16-05-2024,07:41,15-05-2024,,,Comisión por Acción Corporativa,,USD,"-0,43",USD,"6,46",
16-05-2024,07:41,15-05-2024,NNN REIT INC,US6374171063,Retención del dividendo,,USD,"-0,76",USD,"6,89",
16-05-2024,07:41,15-05-2024,NNN REIT INC,US6374171063,Dividendo,,USD,"5,09",USD,"7,65",
16-05-2024,07:26,15-05-2024,,,Comisión por Acción Corporativa,,USD,"-0,28",USD,"2,56",
16-05-2024,07:25,15-05-2024,REALTY INCOME CORP,US7561091049,Dividendo,,USD,"3,34",USD,"2,84",
16-05-2024,07:25,15-05-2024,REALTY INCOME CORP,US7561091049,Retención del dividendo,,USD,"-0,50",USD,"-0,50",
03-05-2024,18:01,03-05-2024,,,"Transferir a su Cuenta de Efectivo en flatexDEGIRO Bank: 3,89 EUR",,,,EUR,"7,79",
03-05-2024,18:01,03-05-2024,FLATEX EURO BANKACCOUNT,NLFLATEXACNT,Degiro Cash Sweep Transfer,,EUR,"-3,89",EUR,"3,90",
03-05-2024,07:00,02-05-2024,,,Ingreso Cambio de Divisa,,EUR,"3,89",EUR,"7,79",
03-05-2024,07:00,02-05-2024,,,Retirada Cambio de Divisa,"1,0752",USD,"-4,18",USD,"0,00",
02-05-2024,07:22,01-05-2024,,,Comisión por Acción Corporativa,,USD,"-0,47",USD,"4,18",
02-05-2024,07:21,01-05-2024,VERIZON COMMUNICATIONS INC,US92343V1044,Retención del dividendo,,USD,"-2,00",USD,"4,65",
02-05-2024,07:21,01-05-2024,VERIZON COMMUNICATIONS INC,US92343V1044,Dividendo,,USD,"6,65",USD,"6,65",
30-04-2024,17:15,30-04-2024,,,"Transferir a su Cuenta de Efectivo en flatexDEGIRO Bank: 3,9 EUR",,,,EUR,"3,90",
30-04-2024,17:15,30-04-2024,FLATEX EURO BANKACCOUNT,NLFLATEXACNT,Degiro Cash Sweep Transfer,,EUR,"-3,90",EUR,"0,00",
30-04-2024,13:30,30-04-2024,,,Processed Flatex Withdrawal,,EUR,"146,00",EUR,"3,90",
30-04-2024,13:30,30-04-2024,,,flatex Withdrawal,,EUR,"-146,00",EUR,"-142,10",
30-04-2024,07:14,29-04-2024,,,Ingreso Cambio de Divisa,,EUR,"3,90",EUR,"3,90",
30-04-2024,07:14,29-04-2024,,,Retirada Cambio de Divisa,"1,4658",CAD,"-5,72",CAD,"0,00",
29-04-2024,20:31,29-04-2024,,,"Transferir a su Cuenta de Efectivo en flatexDEGIRO Bank: 1,88 EUR",,,,EUR,"0,00",
29-04-2024,20:31,29-04-2024,FLATEX EURO BANKACCOUNT,NLFLATEXACNT,Degiro Cash Sweep Transfer,,EUR,"-1,88",EUR,"-1,88",
29-04-2024,07:31,26-04-2024,,,Comisión por Acción Corporativa,,CAD,"-0,64",CAD,"5,72",
29-04-2024,07:31,26-04-2024,BANK OF NOVA SCOTIA,CA0641491075,Retención del dividendo,,CAD,"-2,12",CAD,"6,36",
29-04-2024,07:31,26-04-2024,BANK OF NOVA SCOTIA,CA0641491075,Dividendo,,CAD,"8,48",CAD,"8,48",
26-04-2024,12:07,26-04-2024,,,Processed Flatex Withdrawal,,EUR,"-146,00",EUR,"0,00",
26-04-2024,06:59,25-04-2024,,,Ingreso Cambio de Divisa,,EUR,"1,88",EUR,"146,00",
26-04-2024,06:59,25-04-2024,,,Retirada Cambio de Divisa,"1,0756",USD,"-2,02",USD,"0,00",
25-04-2024,08:05,24-04-2024,,,Comisión por Acción Corporativa,,USD,"-0,22",USD,"2,02",
25-04-2024,08:04,24-04-2024,CISCO SYSTEMS INC,US17275R1023,Retención del dividendo,,USD,"-0,96",USD,"2,24",
25-04-2024,08:04,24-04-2024,CISCO SYSTEMS INC,US17275R1023,Dividendo,,USD,"3,20",USD,"3,20",
17-04-2024,17:00,17-04-2024,,,"Transferir a su Cuenta de Efectivo en flatexDEGIRO Bank: 1,98 EUR",,,,EUR,"144,12",
17-04-2024,17:00,17-04-2024,FLATEX EURO BANKACCOUNT,NLFLATEXACNT,Degiro Cash Sweep Transfer,,EUR,"-1,98",EUR,"142,14",
17-04-2024,07:08,16-04-2024,,,Ingreso Cambio de Divisa,,EUR,"1,98",EUR,"144,12",
17-04-2024,07:08,16-04-2024,,,Retirada Cambio de Divisa,"1,0646",USD,"-2,11",USD,"0,00",
16-04-2024,10:30,15-04-2024,,,"Transferir desde su Cuenta de Efectivo en flatexDEGIRO Bank: 1.261,92 EUR",,,,EUR,"142,14",
16-04-2024,10:30,15-04-2024,FLATEX EURO BANKACCOUNT,NLFLATEXACNT,Degiro Cash Sweep Transfer,,EUR,"1261,92",EUR,"1404,06",
16-04-2024,07:42,15-04-2024,,,Comisión por Acción Corporativa,,USD,"-0,23",USD,"2,11",
16-04-2024,07:41,15-04-2024,REALTY INCOME CORP,US7561091049,Retención del dividendo,,USD,"-1,00",USD,"2,34",
16-04-2024,07:41,15-04-2024,REALTY INCOME CORP,US7561091049,Dividendo,,USD,"3,34",USD,"3,34",
15-04-2024,16:30,15-04-2024,OLD REPUBLIC INTERNATIONAL CORP,US6802231042,Ingreso Cambio de Divisa,"1,0599",USD,"352,80",USD,"0,00",8c4852f6-9c20-4dc8-a4a3-e6d1face76bd
15-04-2024,16:30,15-04-2024,OLD REPUBLIC INTERNATIONAL CORP,US6802231042,Retirada Cambio de Divisa,,EUR,"-332,85",EUR,"142,14",8c4852f6-9c20-4dc8-a4a3-e6d1face76bd
15-04-2024,16:30,15-04-2024,OLD REPUBLIC INTERNATIONAL CORP,US6802231042,Costes de transacción y/o externos de DEGIRO,,EUR,"-2,00",EUR,"474,99",8c4852f6-9c20-4dc8-a4a3-e6d1face76bd
15-04-2024,16:30,15-04-2024,OLD REPUBLIC INTERNATIONAL CORP,US6802231042,"Compra 12 Old Republic International Corp@29,4 USD (US6802231042)",,USD,"-352,80",USD,"-352,80",8c4852f6-9c20-4dc8-a4a3-e6d1face76bd
15-04-2024,16:29,15-04-2024,MAIN STREET CAPITAL CORP,US56035L1044,Ingreso Cambio de Divisa,"1,0598",USD,"47,19",USD,"0,00",9419de2e-988a-45b0-b963-c64cdc635664
15-04-2024,16:29,15-04-2024,MAIN STREET CAPITAL CORP,US56035L1044,Retirada Cambio de Divisa,,EUR,"-44,53",EUR,"476,99",9419de2e-988a-45b0-b963-c64cdc635664
15-04-2024,16:29,15-04-2024,MAIN STREET CAPITAL CORP,US56035L1044,Ingreso Cambio de Divisa,"1,0598",USD,"283,14",USD,"-47,19",9419de2e-988a-45b0-b963-c64cdc635664
15-04-2024,16:29,15-04-2024,MAIN STREET CAPITAL CORP,US56035L1044,Retirada Cambio de Divisa,,EUR,"-267,15",EUR,"521,52",9419de2e-988a-45b0-b963-c64cdc635664
15-04-2024,16:29,15-04-2024,MAIN STREET CAPITAL CORP,US56035L1044,Costes de transacción y/o externos de DEGIRO,,EUR,"-2,00",EUR,"788,67",9419de2e-988a-45b0-b963-c64cdc635664
15-04-2024,16:29,15-04-2024,MAIN STREET CAPITAL CORP,US56035L1044,"Compra 1 Main Street Capital Corp@47,19 USD (US56035L1044)",,USD,"-47,19",USD,"-330,33",9419de2e-988a-45b0-b963-c64cdc635664
15-04-2024,16:29,15-04-2024,MAIN STREET CAPITAL CORP,US56035L1044,"Compra 6 Main Street Capital Corp@47,19 USD (US56035L1044)",,USD,"-283,14",USD,"-283,14",9419de2e-988a-45b0-b963-c64cdc635664
15-04-2024,16:29,15-04-2024,EXXON MOBIL CORP,US30231G1022,Ingreso Cambio de Divisa,"1,0597",USD,"361,47",USD,"0,00",b69ab24f-60bc-4b33-ae84-fd4014391bc7
15-04-2024,16:29,15-04-2024,EXXON MOBIL CORP,US30231G1022,Retirada Cambio de Divisa,,EUR,"-341,09",EUR,"790,67",b69ab24f-60bc-4b33-ae84-fd4014391bc7
15-04-2024,16:29,15-04-2024,EXXON MOBIL CORP,US30231G1022,Costes de transacción y/o externos de DEGIRO,,EUR,"-2,00",EUR,"1131,76",b69ab24f-60bc-4b33-ae84-fd4014391bc7
15-04-2024,16:29,15-04-2024,EXXON MOBIL CORP,US30231G1022,"Compra 3 Exxon Mobil Corp@120,49 USD (US30231G1022)",,USD,"-361,47",USD,"-361,47",b69ab24f-60bc-4b33-ae84-fd4014391bc7
15-04-2024,15:46,15-04-2024,DUKE ENERGY CORP,US26441C2044,Ingreso Cambio de Divisa,"1,0611",USD,"284,70",USD,"0,00",bcc6453c-1faa-4370-aeb4-64c30d3750ee
15-04-2024,15:46,15-04-2024,DUKE ENERGY CORP,US26441C2044,Retirada Cambio de Divisa,,EUR,"-268,30",EUR,"1133,76",bcc6453c-1faa-4370-aeb4-64c30d3750ee
15-04-2024,15:46,15-04-2024,DUKE ENERGY CORP,US26441C2044,Costes de transacción y/o externos de DEGIRO,,EUR,"-2,00",EUR,"1402,06",bcc6453c-1faa-4370-aeb4-64c30d3750ee
15-04-2024,15:46,15-04-2024,DUKE ENERGY CORP,US26441C2044,"Compra 3 Duke Energy Corp@94,9 USD (US26441C2044)",,USD,"-284,70",USD,"-284,70",bcc6453c-1faa-4370-aeb4-64c30d3750ee
03-04-2024,21:16,02-04-2024,,,Transferir desde su Cuenta de Efectivo en flatexDEGIRO Bank: 5 EUR,,,,EUR,"1404,06",
03-04-2024,21:16,02-04-2024,FLATEX EURO BANKACCOUNT,NLFLATEXACNT,Degiro Cash Sweep Transfer,,EUR,"5,00",EUR,"1409,06",
03-04-2024,11:41,03-04-2024,,,Processed Flatex Withdrawal,,EUR,"1000,00",EUR,"1404,06",
03-04-2024,11:41,03-04-2024,,,flatex Withdrawal,,EUR,"-1000,00",EUR,"404,06",
02-04-2024,07:20,31-03-2024,,,Comisión de conectividad con el mercado 2024 (New York Stock Exchange - NSY),,EUR,"-2,50",EUR,"1404,06",
02-04-2024,07:20,31-03-2024,,,Comisión de conectividad con el mercado 2024 (Nasdaq - NDQ),,EUR,"-2,50",EUR,"1406,56",
02-04-2024,05:20,31-03-2024,,,Flatex Interest Income,,EUR,"0,00",EUR,"1409,06",
29-03-2024,10:51,29-03-2024,,,Processed Flatex Withdrawal,,EUR,"-1000,00",EUR,"1409,06",
28-03-2024,09:10,28-03-2024,,,flatex Deposit,,EUR,"2370,00",EUR,"2409,06",
08-03-2024,12:15,07-03-2024,,,"Transferir desde su Cuenta de Efectivo en flatexDEGIRO Bank: 2.430,73 EUR",,,,EUR,"39,06",
08-03-2024,12:15,07-03-2024,FLATEX EURO BANKACCOUNT,NLFLATEXACNT,Degiro Cash Sweep Transfer,,EUR,"2430,73",EUR,"2469,79",
07-03-2024,18:30,07-03-2024,REALTY INCOME CORP,US7561091049,Ingreso Cambio de Divisa,"1,0909",USD,"312,72",USD,"0,00",227714a6-428e-4693-8d3f-459e066c12b6
07-03-2024,18:30,07-03-2024,REALTY INCOME CORP,US7561091049,Retirada Cambio de Divisa,,EUR,"-286,67",EUR,"39,06",227714a6-428e-4693-8d3f-459e066c12b6
07-03-2024,18:30,07-03-2024,REALTY INCOME CORP,US7561091049,Costes de transacción y/o externos de DEGIRO,,EUR,"-2,00",EUR,"325,73",227714a6-428e-4693-8d3f-459e066c12b6
07-03-2024,18:30,07-03-2024,REALTY INCOME CORP,US7561091049,"Compra 6 Realty Income Corp@52,12 USD (US7561091049)",,USD,"-312,72",USD,"-312,72",227714a6-428e-4693-8d3f-459e066c12b6
07-03-2024,15:33,07-03-2024,CISCO SYSTEMS INC,US17275R1023,Ingreso Cambio de Divisa,"1,0873",USD,"393,44",USD,"0,00",8b17c4cf-bed0-46c4-92b5-e8e65e84486d
07-03-2024,15:33,07-03-2024,CISCO SYSTEMS INC,US17275R1023,Retirada Cambio de Divisa,,EUR,"-361,86",EUR,"327,73",8b17c4cf-bed0-46c4-92b5-e8e65e84486d
07-03-2024,15:33,07-03-2024,CISCO SYSTEMS INC,US17275R1023,Costes de transacción y/o externos de DEGIRO,,EUR,"-2,00",EUR,"689,59",8b17c4cf-bed0-46c4-92b5-e8e65e84486d
07-03-2024,15:33,07-03-2024,CISCO SYSTEMS INC,US17275R1023,"Compra 8 Cisco Systems Inc@49,18 USD (US17275R1023)",,USD,"-393,44",USD,"-393,44",8b17c4cf-bed0-46c4-92b5-e8e65e84486d
07-03-2024,15:30,07-03-2024,PFIZER INC,US7170811035,Ingreso Cambio de Divisa,"1,0872",USD,"380,66",USD,"0,00",2237afcd-60d3-4061-875b-4f7a3357cf62
07-03-2024,15:30,07-03-2024,PFIZER INC,US7170811035,Retirada Cambio de Divisa,,EUR,"-350,14",EUR,"691,59",2237afcd-60d3-4061-875b-4f7a3357cf62
07-03-2024,15:30,07-03-2024,PFIZER INC,US7170811035,Costes de transacción y/o externos de DEGIRO,,EUR,"-2,00",EUR,"1041,73",2237afcd-60d3-4061-875b-4f7a3357cf62
07-03-2024,15:30,07-03-2024,PFIZER INC,US7170811035,"Compra 14 Pfizer Inc@27,19 USD (US7170811035)",,USD,"-380,66",USD,"-380,66",2237afcd-60d3-4061-875b-4f7a3357cf62
07-03-2024,15:30,07-03-2024,REALTY INCOME CORP,US7561091049,Ingreso Cambio de Divisa,"1,0876",USD,"366,80",USD,"0,00",e7a10145-782c-4b43-acab-cb481e2ef3ad
07-03-2024,15:30,07-03-2024,REALTY INCOME CORP,US7561091049,Retirada Cambio de Divisa,,EUR,"-337,26",EUR,"1043,73",e7a10145-782c-4b43-acab-cb481e2ef3ad
07-03-2024,15:30,07-03-2024,REALTY INCOME CORP,US7561091049,Costes de transacción y/o externos de DEGIRO,,EUR,"-2,00",EUR,"1380,99",e7a10145-782c-4b43-acab-cb481e2ef3ad
07-03-2024,15:30,07-03-2024,VERIZON COMMUNICATIONS INC,US92343V1044,Ingreso Cambio de Divisa,"1,0876",USD,"401,30",USD,"-366,80",5934b18f-db56-4503-b46d-5fcfd6a1e0b6
07-03-2024,15:30,07-03-2024,VERIZON COMMUNICATIONS INC,US92343V1044,Retirada Cambio de Divisa,,EUR,"-368,99",EUR,"1382,99",5934b18f-db56-4503-b46d-5fcfd6a1e0b6
07-03-2024,15:30,07-03-2024,REALTY INCOME CORP,US7561091049,"Compra 7 Realty Income Corp@52,4 USD (US7561091049)",,USD,"-366,80",USD,"-768,10",e7a10145-782c-4b43-acab-cb481e2ef3ad
07-03-2024,15:30,07-03-2024,VERIZON COMMUNICATIONS INC,US92343V1044,Costes de transacción y/o externos de DEGIRO,,EUR,"-2,00",EUR,"1751,98",5934b18f-db56-4503-b46d-5fcfd6a1e0b6
07-03-2024,15:30,07-03-2024,VERIZON COMMUNICATIONS INC,US92343V1044,"Compra 10 Verizon Communications Inc@40,13 USD (US92343V1044)",,USD,"-401,30",USD,"-401,30",5934b18f-db56-4503-b46d-5fcfd6a1e0b6
07-03-2024,15:30,07-03-2024,NNN REIT INC,US6374171063,Ingreso Cambio de Divisa,"1,0876",USD,"374,67",USD,"0,00",19457222-9c61-443b-bca2-f2056b52435e
07-03-2024,15:30,07-03-2024,NNN REIT INC,US6374171063,Retirada Cambio de Divisa,,EUR,"-344,50",EUR,"1753,98",19457222-9c61-443b-bca2-f2056b52435e
07-03-2024,15:30,07-03-2024,NNN REIT INC,US6374171063,Costes de transacción y/o externos de DEGIRO,,EUR,"-2,00",EUR,"2098,48",19457222-9c61-443b-bca2-f2056b52435e
07-03-2024,15:30,07-03-2024,NNN REIT INC,US6374171063,"Compra 9 NNN REIT Inc@41,63 USD (US6374171063)",,USD,"-374,67",USD,"-374,67",19457222-9c61-443b-bca2-f2056b52435e
07-03-2024,15:30,07-03-2024,BANK OF NOVA SCOTIA,CA0641491075,Ingreso Cambio de Divisa,"1,0875",USD,"349,51",USD,"0,00",8e3e0ae4-5fd9-4108-9be3-fd3ef069bfdb
07-03-2024,15:30,07-03-2024,BANK OF NOVA SCOTIA,CA0641491075,Retirada Cambio de Divisa,,EUR,"-321,40",EUR,"2100,48",8e3e0ae4-5fd9-4108-9be3-fd3ef069bfdb
07-03-2024,15:30,07-03-2024,BANK OF NOVA SCOTIA,CA0641491075,Ingreso Cambio de Divisa,"1,0875",USD,"49,93",USD,"-349,51",8e3e0ae4-5fd9-4108-9be3-fd3ef069bfdb
07-03-2024,15:30,07-03-2024,BANK OF NOVA SCOTIA,CA0641491075,Retirada Cambio de Divisa,,EUR,"-45,91",EUR,"2421,88",8e3e0ae4-5fd9-4108-9be3-fd3ef069bfdb
07-03-2024,15:30,07-03-2024,BANK OF NOVA SCOTIA,CA0641491075,Costes de transacción y/o externos de DEGIRO,,EUR,"-2,00",EUR,"2467,79",8e3e0ae4-5fd9-4108-9be3-fd3ef069bfdb
07-03-2024,15:30,07-03-2024,BANK OF NOVA SCOTIA,CA0641491075,"Compra 7 Bank of Nova Scotia@49,93 USD (CA0641491075)",,USD,"-349,51",USD,"-399,44",8e3e0ae4-5fd9-4108-9be3-fd3ef069bfdb
07-03-2024,15:30,07-03-2024,BANK OF NOVA SCOTIA,CA0641491075,"Compra 1 Bank of Nova Scotia@49,93 USD (CA0641491075)",,USD,"-49,93",USD,"-49,93",8e3e0ae4-5fd9-4108-9be3-fd3ef069bfdb
07-03-2024,11:10,07-03-2024,,,flatex Deposit,,EUR,"67,00",EUR,"2469,79",
07-03-2024,11:10,07-03-2024,,,flatex Deposit,,EUR,"2400,00",EUR,"2402,79",
02-03-2024,06:15,01-03-2024,,,Transferir a su Cuenta de Efectivo en flatexDEGIRO Bank: 1 EUR,,,,EUR,"2,79",
02-03-2024,06:15,01-03-2024,FLATEX EURO BANKACCOUNT,NLFLATEXACNT,Degiro Cash Sweep Transfer,,EUR,"-1,00",EUR,"1,79",
01-03-2024,00:33,29-02-2024,,,Ingreso,,EUR,"1,00",EUR,"2,79",
12-01-2024,16:47,12-01-2024,,,"Transferir a su Cuenta de Efectivo en flatexDEGIRO Bank: 1,2 EUR",,,,EUR,"1,79",
12-01-2024,16:47,12-01-2024,FLATEX EURO BANKACCOUNT,NLFLATEXACNT,Degiro Cash Sweep Transfer,,EUR,"-1,20",EUR,"0,59",
12-01-2024,07:48,11-01-2024,,,Ingreso Cambio de Divisa,,EUR,"1,20",EUR,"1,79",
12-01-2024,07:48,11-01-2024,,,Retirada Cambio de Divisa,"1,1000",USD,"-1,32",USD,"0,00",
11-01-2024,07:35,10-01-2024,,,Comisión por Acción Corporativa,,USD,"-0,15",USD,"1,32",
11-01-2024,07:33,10-01-2024,WALT DISNEY CO,US2546871060,Dividendo,,USD,"2,10",USD,"1,47",
11-01-2024,07:33,10-01-2024,WALT DISNEY CO,US2546871060,Retención del dividendo,,USD,"-0,63",USD,"-0,63",
03-01-2024,19:49,03-01-2024,,,"Transferir a su Cuenta de Efectivo en flatexDEGIRO Bank: 0,54 EUR",,,,EUR,"0,59",
03-01-2024,19:49,03-01-2024,FLATEX EURO BANKACCOUNT,NLFLATEXACNT,Degiro Cash Sweep Transfer,,EUR,"-0,54",EUR,"0,05",
03-01-2024,07:41,02-01-2024,,,Ingreso Cambio de Divisa,,EUR,"0,54",EUR,"0,59",
03-01-2024,07:41,02-01-2024,,,Retirada Cambio de Divisa,"1,0969",USD,"-0,59",USD,"0,00",
02-01-2024,14:47,01-01-2024,,,"Transferir a su Cuenta de Efectivo en flatexDEGIRO Bank: 0,05 EUR",,,,EUR,"0,05",
02-01-2024,14:47,01-01-2024,FLATEX EURO BANKACCOUNT,NLFLATEXACNT,Degiro Cash Sweep Transfer,,EUR,"-0,05",EUR,"0,00",
02-01-2024,07:40,29-12-2023,,,Comisión por Acción Corporativa,,USD,"-0,07",USD,"0,59",
02-01-2024,07:40,29-12-2023,LTC PROPERTIES INC,US5021751020,Retención del dividendo,,USD,"-0,29",USD,"0,66",
02-01-2024,07:40,29-12-2023,LTC PROPERTIES INC,US5021751020,Dividendo,,USD,"0,95",USD,"0,95",
02-01-2024,05:41,02-01-2024,,,Flatex Interest Income,,EUR,"0,00",EUR,"0,05",
30-12-2023,07:38,29-12-2023,,,Ingreso Cambio de Divisa,,EUR,"0,05",EUR,"0,05",
30-12-2023,07:38,29-12-2023,,,Retirada Cambio de Divisa,"1,1066",USD,"-0,05",USD,"0,00",
29-12-2023,08:07,28-12-2023,,,Comisión por Acción Corporativa,,USD,"-0,01",USD,"0,05",
29-12-2023,08:05,28-12-2023,NVIDIA CORP,US67066G1040,Dividendo,,USD,"0,08",USD,"0,06",
29-12-2023,08:05,28-12-2023,NVIDIA CORP,US67066G1040,Retención del dividendo,,USD,"-0,02",USD,"-0,02",
22-12-2023,16:41,27-12-2023,,,Processed Flatex Withdrawal,,EUR,"5012,23",EUR,"0,00",
22-12-2023,16:41,27-12-2023,,,flatex Withdrawal,,EUR,"-5012,23",EUR,"-5012,23",
22-12-2023,11:17,21-12-2023,,,"Transferir a su Cuenta de Efectivo en flatexDEGIRO Bank: 4.984,69 EUR",,,,EUR,"0,00",
22-12-2023,11:17,21-12-2023,FLATEX EURO BANKACCOUNT,NLFLATEXACNT,Degiro Cash Sweep Transfer,,EUR,"-4984,69",EUR,"-4984,69",
21-12-2023,15:50,21-12-2023,,,Processed Flatex Withdrawal,,EUR,"-5012,23",EUR,"0,00",
21-12-2023,15:49,21-12-2023,REALTY INCOME CORP,US7561091049,Retirada Cambio de Divisa,"1,1022",USD,"-171,75",USD,"0,00",1762f88a-78cd-4775-85b6-1b1b6b4d9c74
21-12-2023,15:49,21-12-2023,REALTY INCOME CORP,US7561091049,Ingreso Cambio de Divisa,,EUR,"155,82",EUR,"5012,23",1762f88a-78cd-4775-85b6-1b1b6b4d9c74
21-12-2023,15:49,21-12-2023,REALTY INCOME CORP,US7561091049,Costes de transacción y/o externos de DEGIRO,,EUR,"-2,00",EUR,"4856,41",1762f88a-78cd-4775-85b6-1b1b6b4d9c74
21-12-2023,15:49,21-12-2023,REALTY INCOME CORP,US7561091049,"Venta 3 Realty Income Corp@57,25 USD (US7561091049)",,USD,"171,75",USD,"171,75",1762f88a-78cd-4775-85b6-1b1b6b4d9c74
21-12-2023,15:31,21-12-2023,WALT DISNEY CO,US2546871060,Retirada Cambio de Divisa,"1,1021",USD,"-642,18",USD,"0,00",d6467313-ea58-4812-9542-75447623e6b0
21-12-2023,15:31,21-12-2023,WALT DISNEY CO,US2546871060,Ingreso Cambio de Divisa,,EUR,"582,66",EUR,"4858,41",d6467313-ea58-4812-9542-75447623e6b0
21-12-2023,15:31,21-12-2023,WALT DISNEY CO,US2546871060,Costes de transacción y/o externos de DEGIRO,,EUR,"-2,00",EUR,"4275,75",d6467313-ea58-4812-9542-75447623e6b0
21-12-2023,15:31,21-12-2023,WALT DISNEY CO,US2546871060,"Venta 7 Walt Disney Co@91,74 USD (US2546871060)",,USD,"642,18",USD,"642,18",d6467313-ea58-4812-9542-75447623e6b0
21-12-2023,15:30,21-12-2023,NVIDIA CORP,US67066G1040,Retirada Cambio de Divisa,"1,1019",USD,"-976,18",USD,"0,00",c47d2314-a90e-47e8-a74d-583668c0fd3d
21-12-2023,15:30,21-12-2023,NVIDIA CORP,US67066G1040,Ingreso Cambio de Divisa,,EUR,"885,87",EUR,"4277,75",c47d2314-a90e-47e8-a74d-583668c0fd3d
21-12-2023,15:30,21-12-2023,NVIDIA CORP,US67066G1040,Costes de transacción y/o externos de DEGIRO,,EUR,"-2,00",EUR,"3391,88",c47d2314-a90e-47e8-a74d-583668c0fd3d
21-12-2023,15:30,21-12-2023,NVIDIA CORP,US67066G1040,"Venta 2 NVIDIA Corp@488,09 USD (US67066G1040)",,USD,"976,18",USD,"976,18",c47d2314-a90e-47e8-a74d-583668c0fd3d
21-12-2023,15:30,21-12-2023,MICROSOFT CORP,US5949181045,Retirada Cambio de Divisa,"1,1020",USD,"-372,48",USD,"0,00",82d94c9c-f20b-4ef2-95ce-854ab07089ba
21-12-2023,15:30,21-12-2023,MICROSOFT CORP,US5949181045,Ingreso Cambio de Divisa,,EUR,"337,99",EUR,"3393,88",82d94c9c-f20b-4ef2-95ce-854ab07089ba
21-12-2023,15:30,21-12-2023,MICROSOFT CORP,US5949181045,Costes de transacción y/o externos de DEGIRO,,EUR,"-2,00",EUR,"3055,89",82d94c9c-f20b-4ef2-95ce-854ab07089ba
21-12-2023,15:30,21-12-2023,MICROSOFT CORP,US5949181045,"Venta 1 Microsoft Corp@372,48 USD (US5949181045)",,USD,"372,48",USD,"372,48",82d94c9c-f20b-4ef2-95ce-854ab07089ba
21-12-2023,15:30,21-12-2023,APPLE INC,US0378331005,Retirada Cambio de Divisa,"1,1020",USD,"-2940,00",USD,"0,00",1bd883de-8c90-4d4a-818a-8535b00f964a
21-12-2023,15:30,21-12-2023,APPLE INC,US0378331005,Ingreso Cambio de Divisa,,EUR,"2667,76",EUR,"3057,89",1bd883de-8c90-4d4a-818a-8535b00f964a
21-12-2023,15:30,21-12-2023,APPLE INC,US0378331005,Costes de transacción y/o externos de DEGIRO,,EUR,"-2,00",EUR,"390,13",1bd883de-8c90-4d4a-818a-8535b00f964a
21-12-2023,15:30,21-12-2023,APPLE INC,US0378331005,Venta 15 Apple Inc@196 USD (US0378331005),,USD,"2940,00",USD,"2940,00",1bd883de-8c90-4d4a-818a-8535b00f964a
21-12-2023,15:30,21-12-2023,LTC PROPERTIES INC,US5021751020,Retirada Cambio de Divisa,"1,1020",USD,"-32,94",USD,"0,00",921d7f8b-552e-42f4-83a8-2d8961ba0cd1
21-12-2023,15:30,21-12-2023,LTC PROPERTIES INC,US5021751020,Ingreso Cambio de Divisa,,EUR,"29,89",EUR,"392,13",921d7f8b-552e-42f4-83a8-2d8961ba0cd1
21-12-2023,15:30,21-12-2023,LTC PROPERTIES INC,US5021751020,Retirada Cambio de Divisa,"1,1020",USD,"-32,94",USD,"32,94",921d7f8b-552e-42f4-83a8-2d8961ba0cd1
21-12-2023,15:30,21-12-2023,LTC PROPERTIES INC,US5021751020,Ingreso Cambio de Divisa,,EUR,"29,89",EUR,"362,24",921d7f8b-552e-42f4-83a8-2d8961ba0cd1
21-12-2023,15:30,21-12-2023,LTC PROPERTIES INC,US5021751020,Retirada Cambio de Divisa,"1,1020",USD,"-98,82",USD,"65,88",921d7f8b-552e-42f4-83a8-2d8961ba0cd1
21-12-2023,15:30,21-12-2023,LTC PROPERTIES INC,US5021751020,Ingreso Cambio de Divisa,,EUR,"89,67",EUR,"332,35",921d7f8b-552e-42f4-83a8-2d8961ba0cd1
21-12-2023,15:30,21-12-2023,LTC PROPERTIES INC,US5021751020,Costes de transacción y/o externos de DEGIRO,,EUR,"-2,00",EUR,"242,68",921d7f8b-552e-42f4-83a8-2d8961ba0cd1
21-12-2023,15:30,21-12-2023,LTC PROPERTIES INC,US5021751020,"Venta 1 LTC Properties Inc@32,94 USD (US5021751020)",,USD,"32,94",USD,"164,70",921d7f8b-552e-42f4-83a8-2d8961ba0cd1
21-12-2023,15:30,21-12-2023,LTC PROPERTIES INC,US5021751020,"Venta 1 LTC Properties Inc@32,94 USD (US5021751020)",,USD,"32,94",USD,"131,76",921d7f8b-552e-42f4-83a8-2d8961ba0cd1
21-12-2023,15:30,21-12-2023,LTC PROPERTIES INC,US5021751020,"Venta 3 LTC Properties Inc@32,94 USD (US5021751020)",,USD,"98,82",USD,"98,82",921d7f8b-552e-42f4-83a8-2d8961ba0cd1
21-12-2023,15:30,21-12-2023,EPR PROPERTIES,US26884U1097,Retirada Cambio de Divisa,"1,1020",USD,"-48,30",USD,"0,00",4716e883-f1a0-4991-93c7-b70a974602a7
21-12-2023,15:30,21-12-2023,EPR PROPERTIES,US26884U1097,Ingreso Cambio de Divisa,,EUR,"43,83",EUR,"244,68",4716e883-f1a0-4991-93c7-b70a974602a7
21-12-2023,15:30,21-12-2023,EPR PROPERTIES,US26884U1097,Retirada Cambio de Divisa,"1,1020",USD,"-48,30",USD,"48,30",4716e883-f1a0-4991-93c7-b70a974602a7
21-12-2023,15:30,21-12-2023,EPR PROPERTIES,US26884U1097,Ingreso Cambio de Divisa,,EUR,"43,83",EUR,"200,85",4716e883-f1a0-4991-93c7-b70a974602a7
21-12-2023,15:30,21-12-2023,EPR PROPERTIES,US26884U1097,Retirada Cambio de Divisa,"1,1020",USD,"-96,60",USD,"96,60",4716e883-f1a0-4991-93c7-b70a974602a7
21-12-2023,15:30,21-12-2023,EPR PROPERTIES,US26884U1097,Ingreso Cambio de Divisa,,EUR,"87,65",EUR,"157,02",4716e883-f1a0-4991-93c7-b70a974602a7
21-12-2023,15:30,21-12-2023,EPR PROPERTIES,US26884U1097,Retirada Cambio de Divisa,"1,1020",USD,"-48,30",USD,"193,20",4716e883-f1a0-4991-93c7-b70a974602a7
21-12-2023,15:30,21-12-2023,EPR PROPERTIES,US26884U1097,Ingreso Cambio de Divisa,,EUR,"43,83",EUR,"69,37",4716e883-f1a0-4991-93c7-b70a974602a7
21-12-2023,15:30,21-12-2023,EPR PROPERTIES,US26884U1097,Costes de transacción y/o externos de DEGIRO,,EUR,"-2,00",EUR,"25,54",4716e883-f1a0-4991-93c7-b70a974602a7
21-12-2023,15:30,21-12-2023,EPR PROPERTIES,US26884U1097,"Venta 1 EPR Properties@48,3 USD (US26884U1097)",,USD,"48,30",USD,"241,50",4716e883-f1a0-4991-93c7-b70a974602a7
21-12-2023,15:30,21-12-2023,EPR PROPERTIES,US26884U1097,"Venta 1 EPR Properties@48,3 USD (US26884U1097)",,USD,"48,30",USD,"193,20",4716e883-f1a0-4991-93c7-b70a974602a7
21-12-2023,15:30,21-12-2023,EPR PROPERTIES,US26884U1097,"Venta 2 EPR Properties@48,3 USD (US26884U1097)",,USD,"96,60",USD,"144,90",4716e883-f1a0-4991-93c7-b70a974602a7
21-12-2023,15:30,21-12-2023,EPR PROPERTIES,US26884U1097,"Venta 1 EPR Properties@48,3 USD (US26884U1097)",,USD,"48,30",USD,"48,30",4716e883-f1a0-4991-93c7-b70a974602a7
19-12-2023,19:17,19-12-2023,,,Transferir a su Cuenta de Efectivo en flatexDEGIRO Bank: 3 EUR,,,,EUR,"27,54",
19-12-2023,19:17,19-12-2023,FLATEX EURO BANKACCOUNT,NLFLATEXACNT,Degiro Cash Sweep Transfer,,EUR,"-3,00",EUR,"24,54",
19-12-2023,07:39,18-12-2023,,,Ingreso Cambio de Divisa,,EUR,"3,00",EUR,"27,54",
19-12-2023,07:39,18-12-2023,,,Retirada Cambio de Divisa,"1,0950",USD,"-3,28",USD,"0,00",
18-12-2023,20:17,18-12-2023,,,"Transferir a su Cuenta de Efectivo en flatexDEGIRO Bank: 0,43 EUR",,,,EUR,"24,54",
18-12-2023,20:17,18-12-2023,FLATEX EURO BANKACCOUNT,NLFLATEXACNT,Degiro Cash Sweep Transfer,,EUR,"-0,43",EUR,"24,11",
18-12-2023,09:37,15-12-2022,,,Comisión por Acción Corporativa,,USD,"0,10",USD,"3,28",
18-12-2023,09:36,15-12-2022,EPR PROPERTIES,US26884U1097,Rendimiento de capital,,USD,"0,27",USD,"3,18",
18-12-2023,09:36,15-12-2022,EPR PROPERTIES,US26884U1097,Dividendo,,USD,"1,10",USD,"2,91",
18-12-2023,09:36,15-12-2022,EPR PROPERTIES,US26884U1097,Retención del dividendo,,USD,"-0,33",USD,"1,81",
18-12-2023,09:36,15-12-2022,EPR PROPERTIES,US26884U1097,Retención del dividendo,,USD,"0,41",USD,"2,14",
18-12-2023,09:36,15-12-2022,EPR PROPERTIES,US26884U1097,Dividendo,,USD,"-1,38",USD,"1,73",
18-12-2023,09:36,15-11-2022,,,Comisión por Acción Corporativa,,USD,"0,10",USD,"3,11",
18-12-2023,09:36,15-11-2022,EPR PROPERTIES,US26884U1097,Rendimiento de capital,,USD,"0,27",USD,"3,01",
18-12-2023,09:36,17-10-2022,,,Comisión por Acción Corporativa,,USD,"0,10",USD,"2,74",
18-12-2023,09:35,15-11-2022,EPR PROPERTIES,US26884U1097,Dividendo,,USD,"1,10",USD,"2,64",
18-12-2023,09:35,15-11-2022,EPR PROPERTIES,US26884U1097,Retención del dividendo,,USD,"-0,33",USD,"1,54",
18-12-2023,09:35,15-11-2022,EPR PROPERTIES,US26884U1097,Dividendo,,USD,"-1,38",USD,"1,87",
18-12-2023,09:35,15-11-2022,EPR PROPERTIES,US26884U1097,Retención del dividendo,,USD,"0,41",USD,"3,25",
18-12-2023,09:35,17-10-2022,EPR PROPERTIES,US26884U1097,Rendimiento de capital,,USD,"0,27",USD,"2,84",
18-12-2023,09:35,17-10-2022,EPR PROPERTIES,US26884U1097,Retención del dividendo,,USD,"-0,33",USD,"2,57",
18-12-2023,09:35,17-10-2022,EPR PROPERTIES,US26884U1097,Dividendo,,USD,"1,10",USD,"2,90",
18-12-2023,09:35,15-09-2022,,,Comisión por Acción Corporativa,,USD,"0,10",USD,"1,80",
18-12-2023,09:35,17-10-2022,EPR PROPERTIES,US26884U1097,Retención del dividendo,,USD,"0,41",USD,"1,70",
18-12-2023,09:35,17-10-2022,EPR PROPERTIES,US26884U1097,Dividendo,,USD,"-1,38",USD,"1,29",
18-12-2023,09:35,15-09-2022,EPR PROPERTIES,US26884U1097,Rendimiento de capital,,USD,"0,27",USD,"2,67",
18-12-2023,09:35,15-09-2022,EPR PROPERTIES,US26884U1097,Dividendo,,USD,"1,10",USD,"2,40",
18-12-2023,09:35,15-09-2022,EPR PROPERTIES,US26884U1097,Retención del dividendo,,USD,"-0,33",USD,"1,30",
18-12-2023,09:35,15-09-2022,EPR PROPERTIES,US26884U1097,Retención del dividendo,,USD,"0,41",USD,"1,63",
18-12-2023,09:34,15-09-2022,EPR PROPERTIES,US26884U1097,Dividendo,,USD,"-1,38",USD,"1,22",
18-12-2023,09:34,15-08-2022,,,Comisión por Acción Corporativa,,USD,"0,10",USD,"2,60",
18-12-2023,09:34,15-08-2022,EPR PROPERTIES,US26884U1097,Rendimiento de capital,,USD,"0,27",USD,"2,50",
18-12-2023,09:34,15-08-2022,EPR PROPERTIES,US26884U1097,Retención del dividendo,,USD,"-0,33",USD,"2,23",
18-12-2023,09:34,15-08-2022,EPR PROPERTIES,US26884U1097,Dividendo,,USD,"1,10",USD,"2,56",
18-12-2023,09:34,15-07-2022,,,Comisión por Acción Corporativa,,USD,"0,10",USD,"1,46",
18-12-2023,09:34,15-08-2022,EPR PROPERTIES,US26884U1097,Retención del dividendo,,USD,"0,41",USD,"1,36",
18-12-2023,09:34,15-08-2022,EPR PROPERTIES,US26884U1097,Dividendo,,USD,"-1,38",USD,"0,95",
18-12-2023,09:33,15-07-2022,EPR PROPERTIES,US26884U1097,Rendimiento de capital,,USD,"0,27",USD,"2,33",
18-12-2023,09:33,15-07-2022,EPR PROPERTIES,US26884U1097,Dividendo,,USD,"1,10",USD,"2,06",
18-12-2023,09:33,15-07-2022,EPR PROPERTIES,US26884U1097,Retención del dividendo,,USD,"-0,33",USD,"0,96",
18-12-2023,09:33,15-06-2022,,,Comisión por Acción Corporativa,,USD,"0,12",USD,"1,29",
18-12-2023,09:33,15-07-2022,EPR PROPERTIES,US26884U1097,Retención del dividendo,,USD,"0,41",USD,"1,17",
18-12-2023,09:33,15-07-2022,EPR PROPERTIES,US26884U1097,Dividendo,,USD,"-1,38",USD,"0,76",
18-12-2023,09:33,15-06-2022,EPR PROPERTIES,US26884U1097,Rendimiento de capital,,USD,"0,27",USD,"2,14",
18-12-2023,09:33,15-06-2022,EPR PROPERTIES,US26884U1097,Retención del dividendo,,USD,"-0,17",USD,"1,87",
18-12-2023,09:33,15-06-2022,EPR PROPERTIES,US26884U1097,Dividendo,,USD,"1,10",USD,"2,04",
18-12-2023,09:33,16-05-2022,,,Comisión por Acción Corporativa,,USD,"0,12",USD,"0,94",
18-12-2023,09:33,15-06-2022,EPR PROPERTIES,US26884U1097,Retención del dividendo,,USD,"0,21",USD,"0,82",
18-12-2023,09:33,15-06-2022,EPR PROPERTIES,US26884U1097,Dividendo,,USD,"-1,38",USD,"0,61",
18-12-2023,09:32,16-05-2022,EPR PROPERTIES,US26884U1097,Rendimiento de capital,,USD,"0,27",USD,"1,99",
18-12-2023,09:32,16-05-2022,EPR PROPERTIES,US26884U1097,Retención del dividendo,,USD,"-0,17",USD,"1,72",
18-12-2023,09:32,16-05-2022,EPR PROPERTIES,US26884U1097,Dividendo,,USD,"1,10",USD,"1,89",
18-12-2023,09:32,18-04-2022,,,Comisión por Acción Corporativa,,USD,"0,12",USD,"0,79",
18-12-2023,09:32,16-05-2022,EPR PROPERTIES,US26884U1097,Dividendo,,USD,"-1,38",USD,"0,67",
18-12-2023,09:32,16-05-2022,EPR PROPERTIES,US26884U1097,Retención del dividendo,,USD,"0,21",USD,"2,05",
18-12-2023,09:32,18-04-2022,EPR PROPERTIES,US26884U1097,Rendimiento de capital,,USD,"0,27",USD,"1,84",
18-12-2023,09:32,18-04-2022,EPR PROPERTIES,US26884U1097,Retención del dividendo,,USD,"-0,17",USD,"1,57",
18-12-2023,09:32,18-04-2022,EPR PROPERTIES,US26884U1097,Dividendo,,USD,"1,10",USD,"1,74",
18-12-2023,09:32,18-04-2022,EPR PROPERTIES,US26884U1097,Retención del dividendo,,USD,"0,21",USD,"0,64",
18-12-2023,09:32,18-04-2022,EPR PROPERTIES,US26884U1097,Dividendo,,USD,"-1,38",USD,"0,43",
18-12-2023,09:32,15-03-2022,,,Comisión por Acción Corporativa,,USD,"0,11",USD,"1,81",
18-12-2023,09:31,15-03-2022,EPR PROPERTIES,US26884U1097,Rendimiento de capital,,USD,"0,25",USD,"1,70",
18-12-2023,09:31,15-02-2022,,,Comisión por Acción Corporativa,,USD,"0,11",USD,"1,45",
18-12-2023,09:31,15-03-2022,EPR PROPERTIES,US26884U1097,Retención del dividendo,,USD,"-0,15",USD,"1,34",
18-12-2023,09:31,15-03-2022,EPR PROPERTIES,US26884U1097,Dividendo,,USD,"1,00",USD,"1,49",
18-12-2023,09:31,15-03-2022,EPR PROPERTIES,US26884U1097,Dividendo,,USD,"-1,25",USD,"0,49",
18-12-2023,09:31,15-03-2022,EPR PROPERTIES,US26884U1097,Retención del dividendo,,USD,"0,19",USD,"1,74",
18-12-2023,09:31,15-02-2022,EPR PROPERTIES,US26884U1097,Rendimiento de capital,,USD,"0,25",USD,"1,55",
18-12-2023,09:31,15-02-2022,EPR PROPERTIES,US26884U1097,Dividendo,,USD,"1,00",USD,"1,30",
18-12-2023,09:31,15-02-2022,EPR PROPERTIES,US26884U1097,Retención del dividendo,,USD,"-0,15",USD,"0,30",
18-12-2023,09:31,15-02-2022,EPR PROPERTIES,US26884U1097,Retención del dividendo,,USD,"0,19",USD,"0,45",
18-12-2023,09:31,15-02-2022,EPR PROPERTIES,US26884U1097,Dividendo,,USD,"-1,25",USD,"0,26",
18-12-2023,09:31,18-01-2022,,,Comisión por Acción Corporativa,,USD,"0,11",USD,"1,51",
18-12-2023,09:30,18-01-2022,EPR PROPERTIES,US26884U1097,Rendimiento de capital,,USD,"0,25",USD,"1,40",
18-12-2023,09:30,18-01-2022,EPR PROPERTIES,US26884U1097,Retención del dividendo,,USD,"-0,15",USD,"1,15",
18-12-2023,09:30,18-01-2022,EPR PROPERTIES,US26884U1097,Dividendo,,USD,"1,00",USD,"1,30",
18-12-2023,09:29,18-01-2022,EPR PROPERTIES,US26884U1097,Retención del dividendo,,USD,"0,19",USD,"0,30",
18-12-2023,09:29,18-01-2022,EPR PROPERTIES,US26884U1097,Dividendo,,USD,"-1,25",USD,"0,11",
18-12-2023,07:51,15-12-2023,,,Comisión por Acción Corporativa,,USD,"-0,10",USD,"1,36",
18-12-2023,07:50,15-12-2023,EPR PROPERTIES,US26884U1097,Dividendo,,USD,"1,38",USD,"1,46",
18-12-2023,07:50,15-12-2023,EPR PROPERTIES,US26884U1097,Retención del dividendo,,USD,"-0,41",USD,"0,08",
18-12-2023,07:26,15-12-2023,,,Comisión por Acción Corporativa,,USD,"-0,05",USD,"0,49",
18-12-2023,07:25,15-12-2023,REALTY INCOME CORP,US7561091049,Dividendo,,USD,"0,77",USD,"0,54",
18-12-2023,07:25,15-12-2023,REALTY INCOME CORP,US7561091049,Retención del dividendo,,USD,"-0,23",USD,"-0,23",
17-12-2023,07:52,15-12-2023,,,Ingreso Cambio de Divisa,,EUR,"0,43",EUR,"24,54",
17-12-2023,07:52,15-12-2023,,,Retirada Cambio de Divisa,"1,1021",USD,"-0,47",USD,"0,00",
15-12-2023,06:44,14-12-2023,,,Comisión por Acción Corporativa,,USD,"-0,05",USD,"0,47",
15-12-2023,06:42,14-12-2023,MICROSOFT CORP,US5949181045,Dividendo,,USD,"0,75",USD,"0,52",
15-12-2023,06:42,14-12-2023,MICROSOFT CORP,US5949181045,Retención del dividendo,,USD,"-0,23",USD,"-0,23",
04-12-2023,16:47,04-12-2023,,,"Transferir a su Cuenta de Efectivo en flatexDEGIRO Bank: 0,54 EUR",,,,EUR,"24,11",
04-12-2023,16:47,04-12-2023,FLATEX EURO BANKACCOUNT,NLFLATEXACNT,Degiro Cash Sweep Transfer,,EUR,"-0,54",EUR,"23,57",
02-12-2023,07:53,01-12-2023,,,Ingreso Cambio de Divisa,,EUR,"0,54",EUR,"24,11",
02-12-2023,07:53,01-12-2023,,,Retirada Cambio de Divisa,"1,0911",USD,"-0,59",USD,"0,00",
01-12-2023,07:35,30-11-2023,,,Comisión por Acción Corporativa,,USD,"-0,07",USD,"0,59",
01-12-2023,07:33,30-11-2023,LTC PROPERTIES INC,US5021751020,Dividendo,,USD,"0,95",USD,"0,66",
01-12-2023,07:33,30-11-2023,LTC PROPERTIES INC,US5021751020,Retención del dividendo,,USD,"-0,29",USD,"-0,29",
20-11-2023,17:33,20-11-2023,,,"Transferir a su Cuenta de Efectivo en flatexDEGIRO Bank: 1,5 EUR",,,,EUR,"23,57",
20-11-2023,17:33,20-11-2023,FLATEX EURO BANKACCOUNT,NLFLATEXACNT,Degiro Cash Sweep Transfer,,EUR,"-1,50",EUR,"22,07",
19-11-2023,08:04,17-11-2023,,,Retirada Cambio de Divisa,,EUR,"-0,57",EUR,"23,57",
19-11-2023,08:04,17-11-2023,,,Ingreso Cambio de Divisa,"1,0887",USD,"0,62",USD,"0,00",
18-11-2023,08:54,30-06-2023,,,Comisión por Acción Corporativa,,USD,"-0,07",USD,"-0,62",
18-11-2023,08:47,18-05-2023,,,Comisión por Acción Corporativa,,USD,"-0,25",USD,"-0,55",
18-11-2023,08:38,29-03-2023,,,Comisión por Acción Corporativa,,USD,"-0,01",USD,"-0,30",
18-11-2023,08:38,09-03-2023,,,Comisión por Acción Corporativa,,USD,"-0,05",USD,"-0,29",
18-11-2023,08:35,16-02-2023,,,Comisión por Acción Corporativa,,USD,"-0,24",USD,"-0,24",
18-11-2023,08:15,17-11-2023,,,Ingreso Cambio de Divisa,,EUR,"2,07",EUR,"24,14",
18-11-2023,08:15,17-11-2023,,,Retirada Cambio de Divisa,"1,0942",USD,"-2,27",USD,"0,00",
17-11-2023,19:02,17-11-2023,,,"Transferir a su Cuenta de Efectivo en flatexDEGIRO Bank: 1,25 EUR",,,,EUR,"22,07",
17-11-2023,19:02,17-11-2023,FLATEX EURO BANKACCOUNT,NLFLATEXACNT,Degiro Cash Sweep Transfer,,EUR,"-1,25",EUR,"20,82",
17-11-2023,07:26,16-11-2023,,,Ingreso Cambio de Divisa,,EUR,"1,25",EUR,"22,07",
17-11-2023,07:26,16-11-2023,,,Retirada Cambio de Divisa,"1,0879",USD,"-1,36",USD,"2,27",
17-11-2023,06:59,16-11-2023,,,Comisión por Acción Corporativa,,USD,"-0,25",USD,"3,63",
17-11-2023,06:56,16-11-2023,APPLE INC,US0378331005,Dividendo,,USD,"3,60",USD,"3,88",
17-11-2023,06:56,16-11-2023,APPLE INC,US0378331005,Retención del dividendo,,USD,"-1,08",USD,"0,28",
16-11-2023,07:35,15-11-2023,,,Comisión por Acción Corporativa,,USD,"-0,10",USD,"1,36",
16-11-2023,07:35,15-11-2023,EPR PROPERTIES,US26884U1097,Dividendo,,USD,"1,38",USD,"1,46",
16-11-2023,07:35,15-11-2023,EPR PROPERTIES,US26884U1097,Retención del dividendo,,USD,"-0,41",USD,"0,08",
16-11-2023,07:24,15-11-2023,,,Comisión por Acción Corporativa,,USD,"-0,05",USD,"0,49",
16-11-2023,07:23,15-11-2023,REALTY INCOME CORP,US7561091049,Dividendo,,USD,"0,77",USD,"0,54",
16-11-2023,07:23,15-11-2023,REALTY INCOME CORP,US7561091049,Retención del dividendo,,USD,"-0,23",USD,"-0,23",
02-11-2023,17:02,02-11-2023,,,"Transferir a su Cuenta de Efectivo en flatexDEGIRO Bank: 0,56 EUR",,,,EUR,"20,82",
02-11-2023,17:02,02-11-2023,FLATEX EURO BANKACCOUNT,NLFLATEXACNT,Degiro Cash Sweep Transfer,,EUR,"-0,56",EUR,"20,26",
02-11-2023,07:49,01-11-2023,,,Ingreso Cambio de Divisa,,EUR,"0,56",EUR,"20,82",
02-11-2023,07:49,01-11-2023,,,Retirada Cambio de Divisa,"1,0597",USD,"-0,59",USD,"0,00",
01-11-2023,07:47,31-10-2023,,,Comisión por Acción Corporativa,,USD,"-0,07",USD,"0,59",
01-11-2023,07:47,31-10-2023,LTC PROPERTIES INC,US5021751020,Dividendo,,USD,"0,95",USD,"0,66",
01-11-2023,07:47,31-10-2023,LTC PROPERTIES INC,US5021751020,Retención del dividendo,,USD,"-0,29",USD,"-0,29",
18-10-2023,17:17,18-10-2023,,,"Transferir a su Cuenta de Efectivo en flatexDEGIRO Bank: 0,82 EUR",,,,EUR,"20,26",
18-10-2023,17:17,18-10-2023,FLATEX EURO BANKACCOUNT,NLFLATEXACNT,Degiro Cash Sweep Transfer,,EUR,"-0,82",EUR,"19,44",
18-10-2023,07:32,17-10-2023,,,Ingreso Cambio de Divisa,,EUR,"0,82",EUR,"20,26",
18-10-2023,07:32,17-10-2023,,,Retirada Cambio de Divisa,"1,0604",USD,"-0,87",USD,"0,00",
17-10-2023,18:17,17-10-2023,,,"Transferir a su Cuenta de Efectivo en flatexDEGIRO Bank: 0,46 EUR",,,,EUR,"19,44",
17-10-2023,18:17,17-10-2023,FLATEX EURO BANKACCOUNT,NLFLATEXACNT,Degiro Cash Sweep Transfer,,EUR,"-0,46",EUR,"18,98",
17-10-2023,08:06,16-10-2023,,,Comisión por Acción Corporativa,,USD,"-0,10",USD,"0,87",
17-10-2023,08:06,16-10-2023,EPR PROPERTIES,US26884U1097,Dividendo,,USD,"1,38",USD,"0,97",
17-10-2023,08:06,16-10-2023,EPR PROPERTIES,US26884U1097,Retención del dividendo,,USD,"-0,41",USD,"-0,41",
17-10-2023,07:49,16-10-2023,,,Ingreso Cambio de Divisa,,EUR,"0,46",EUR,"19,44",
17-10-2023,07:49,16-10-2023,,,Retirada Cambio de Divisa,"1,0587",USD,"-0,49",USD,"0,00",
16-10-2023,07:26,13-10-2023,,,Comisión por Acción Corporativa,,USD,"-0,05",USD,"0,49",
16-10-2023,07:25,13-10-2023,REALTY INCOME CORP,US7561091049,Dividendo,,USD,"0,77",USD,"0,54",
16-10-2023,07:25,13-10-2023,REALTY INCOME CORP,US7561091049,Retención del dividendo,,USD,"-0,23",USD,"-0,23",
03-10-2023,18:50,03-10-2023,,,"Transferir a su Cuenta de Efectivo en flatexDEGIRO Bank: 0,56 EUR",,,,EUR,"18,98",
03-10-2023,18:50,03-10-2023,FLATEX EURO BANKACCOUNT,NLFLATEXACNT,Degiro Cash Sweep Transfer,,EUR,"-0,56",EUR,"18,42",
03-10-2023,07:41,02-10-2023,,,Ingreso Cambio de Divisa,,EUR,"0,56",EUR,"18,98",
03-10-2023,07:41,02-10-2023,,,Retirada Cambio de Divisa,"1,0504",USD,"-0,59",USD,"0,00",
02-10-2023,18:49,02-10-2023,,,"Transferir a su Cuenta de Efectivo en flatexDEGIRO Bank: 0,05 EUR",,,,EUR,"18,42",
02-10-2023,18:49,02-10-2023,FLATEX EURO BANKACCOUNT,NLFLATEXACNT,Degiro Cash Sweep Transfer,,EUR,"-0,05",EUR,"18,37",
02-10-2023,08:13,29-09-2023,,,Comisión por Acción Corporativa,,USD,"-0,07",USD,"0,59",
02-10-2023,08:13,29-09-2023,LTC PROPERTIES INC,US5021751020,Dividendo,,USD,"0,95",USD,"0,66",
02-10-2023,08:13,29-09-2023,LTC PROPERTIES INC,US5021751020,Retención del dividendo,,USD,"-0,29",USD,"-0,29",
01-10-2023,15:22,30-09-2023,,,Flatex Interest Income,,EUR,"0,00",EUR,"18,42",
30-09-2023,07:42,29-09-2023,,,Ingreso Cambio de Divisa,,EUR,"0,05",EUR,"18,42",
30-09-2023,07:42,29-09-2023,,,Retirada Cambio de Divisa,"1,0599",USD,"-0,05",USD,"0,00",
29-09-2023,07:47,28-09-2023,,,Comisión por Acción Corporativa,,USD,"-0,01",USD,"0,05",
29-09-2023,07:47,28-09-2023,NVIDIA CORP,US67066G1040,Dividendo,,USD,"0,08",USD,"0,06",
29-09-2023,07:47,28-09-2023,NVIDIA CORP,US67066G1040,Retención del dividendo,,USD,"-0,02",USD,"-0,02",
19-09-2023,17:05,19-09-2023,,,"Transferir a su Cuenta de Efectivo en flatexDEGIRO Bank: 0,81 EUR",,,,EUR,"18,37",
19-09-2023,17:05,19-09-2023,FLATEX EURO BANKACCOUNT,NLFLATEXACNT,Degiro Cash Sweep Transfer,,EUR,"-0,81",EUR,"17,56",
19-09-2023,07:35,18-09-2023,,,Ingreso Cambio de Divisa,,EUR,"0,81",EUR,"18,37",
19-09-2023,07:35,18-09-2023,,,Retirada Cambio de Divisa,"1,0718",USD,"-0,87",USD,"0,00",
18-09-2023,19:35,18-09-2023,,,"Transferir a su Cuenta de Efectivo en flatexDEGIRO Bank: 0,86 EUR",,,,EUR,"17,56",
18-09-2023,19:35,18-09-2023,FLATEX EURO BANKACCOUNT,NLFLATEXACNT,Degiro Cash Sweep Transfer,,EUR,"-0,86",EUR,"16,70",
18-09-2023,07:28,15-09-2023,,,Comisión por Acción Corporativa,,USD,"-0,10",USD,"0,87",
18-09-2023,07:28,15-09-2023,EPR PROPERTIES,US26884U1097,Dividendo,,USD,"1,38",USD,"0,97",
18-09-2023,07:28,15-09-2023,EPR PROPERTIES,US26884U1097,Retención del dividendo,,USD,"-0,41",USD,"-0,41",
17-09-2023,07:36,15-09-2023,,,Ingreso Cambio de Divisa,,EUR,"0,46",EUR,"17,56",
17-09-2023,07:36,15-09-2023,,,Retirada Cambio de Divisa,"1,0684",USD,"-0,49",USD,"0,00",
17-09-2023,01:11,15-09-2023,,,Comisión por Acción Corporativa,,USD,"-0,05",USD,"0,49",
17-09-2023,01:10,15-09-2023,REALTY INCOME CORP,US7561091049,Dividendo,,USD,"0,77",USD,"0,54",
17-09-2023,01:10,15-09-2023,REALTY INCOME CORP,US7561091049,Retención del dividendo,,USD,"-0,23",USD,"-0,23",
16-09-2023,07:44,15-09-2023,,,Ingreso Cambio de Divisa,,EUR,"0,40",EUR,"17,10",
16-09-2023,07:44,15-09-2023,,,Retirada Cambio de Divisa,"1,0684",USD,"-0,43",USD,"0,00",
15-09-2023,07:29,14-09-2023,,,Comisión por Acción Corporativa,,USD,"-0,05",USD,"0,43",
15-09-2023,07:29,14-09-2023,MICROSOFT CORP,US5949181045,Dividendo,,USD,"0,68",USD,"0,48",
15-09-2023,07:29,14-09-2023,MICROSOFT CORP,US5949181045,Retención del dividendo,,USD,"-0,20",USD,"-0,20",
04-09-2023,17:35,04-09-2023,,,"Transferir a su Cuenta de Efectivo en flatexDEGIRO Bank: 0,55 EUR",,,,EUR,"16,70",
04-09-2023,17:35,04-09-2023,FLATEX EURO BANKACCOUNT,NLFLATEXACNT,Degiro Cash Sweep Transfer,,EUR,"-0,55",EUR,"16,15",
02-09-2023,08:39,01-09-2023,,,Ingreso Cambio de Divisa,,EUR,"0,55",EUR,"16,70",
02-09-2023,08:39,01-09-2023,,,Retirada Cambio de Divisa,"1,0806",USD,"-0,59",USD,"0,00",
01-09-2023,07:16,31-08-2023,,,Comisión por Acción Corporativa,,USD,"-0,07",USD,"0,59",
01-09-2023,07:16,31-08-2023,LTC PROPERTIES INC,US5021751020,Dividendo,,USD,"0,95",USD,"0,66",
01-09-2023,07:16,31-08-2023,LTC PROPERTIES INC,US5021751020,Retención del dividendo,,USD,"-0,29",USD,"-0,29",
18-08-2023,16:50,18-08-2023,,,"Transferir a su Cuenta de Efectivo en flatexDEGIRO Bank: 2,08 EUR",,,,EUR,"16,15",
18-08-2023,16:50,18-08-2023,FLATEX EURO BANKACCOUNT,NLFLATEXACNT,Degiro Cash Sweep Transfer,,EUR,"-2,08",EUR,"14,07",
18-08-2023,08:51,17-08-2023,,,Ingreso Cambio de Divisa,,EUR,"2,08",EUR,"16,15",
18-08-2023,08:51,17-08-2023,,,Retirada Cambio de Divisa,"1,0899",USD,"-2,27",USD,"0,00",
18-08-2023,06:21,17-08-2023,,,Comisión por Acción Corporativa,,USD,"-0,25",USD,"2,27",
18-08-2023,06:20,17-08-2023,APPLE INC,US0378331005,Dividendo,,USD,"3,60",USD,"2,52",
18-08-2023,06:20,17-08-2023,APPLE INC,US0378331005,Retención del dividendo,,USD,"-1,08",USD,"-1,08",
17-08-2023,16:50,17-08-2023,,,"Transferir a su Cuenta de Efectivo en flatexDEGIRO Bank: 1,25 EUR",,,,EUR,"14,07",
17-08-2023,16:50,17-08-2023,FLATEX EURO BANKACCOUNT,NLFLATEXACNT,Degiro Cash Sweep Transfer,,EUR,"-1,25",EUR,"12,82",
17-08-2023,07:37,16-08-2023,,,Ingreso Cambio de Divisa,,EUR,"1,25",EUR,"14,07",
17-08-2023,07:37,16-08-2023,,,Retirada Cambio de Divisa,"1,0906",USD,"-1,36",USD,"0,00",
16-08-2023,07:49,15-08-2023,,,Comisión por Acción Corporativa,,USD,"-0,10",USD,"1,36",
16-08-2023,07:49,15-08-2023,EPR PROPERTIES,US26884U1097,Dividendo,,USD,"1,38",USD,"1,46",
16-08-2023,07:49,15-08-2023,EPR PROPERTIES,US26884U1097,Retención del dividendo,,USD,"-0,41",USD,"0,08",
16-08-2023,06:46,15-08-2023,,,Comisión por Acción Corporativa,,USD,"-0,05",USD,"0,49",
16-08-2023,06:46,15-08-2023,REALTY INCOME CORP,US7561091049,Dividendo,,USD,"0,77",USD,"0,54",
16-08-2023,06:46,15-08-2023,REALTY INCOME CORP,US7561091049,Retención del dividendo,,USD,"-0,23",USD,"-0,23",
02-08-2023,17:34,02-08-2023,,,"Transferir a su Cuenta de Efectivo en flatexDEGIRO Bank: 0,54 EUR",,,,EUR,"12,82",
02-08-2023,17:34,02-08-2023,FLATEX EURO BANKACCOUNT,NLFLATEXACNT,Degiro Cash Sweep Transfer,,EUR,"-0,54",EUR,"12,28",
02-08-2023,07:37,01-08-2023,,,Ingreso Cambio de Divisa,,EUR,"0,54",EUR,"12,82",
02-08-2023,07:37,01-08-2023,,,Retirada Cambio de Divisa,"1,1012",USD,"-0,59",USD,"0,00",
01-08-2023,07:09,31-07-2023,,,Comisión por Acción Corporativa,,USD,"-0,07",USD,"0,59",
01-08-2023,07:09,31-07-2023,LTC PROPERTIES INC,US5021751020,Dividendo,,USD,"0,95",USD,"0,66",
01-08-2023,07:09,31-07-2023,LTC PROPERTIES INC,US5021751020,Retención del dividendo,,USD,"-0,29",USD,"-0,29",
19-07-2023,16:49,19-07-2023,,,"Transferir a su Cuenta de Efectivo en flatexDEGIRO Bank: 0,77 EUR",,,,EUR,"12,28",
19-07-2023,16:49,19-07-2023,FLATEX EURO BANKACCOUNT,NLFLATEXACNT,Degiro Cash Sweep Transfer,,EUR,"-0,77",EUR,"11,51",
19-07-2023,07:35,18-07-2023,,,Ingreso Cambio de Divisa,,EUR,"0,77",EUR,"12,28",
19-07-2023,07:35,18-07-2023,,,Retirada Cambio de Divisa,"1,1258",USD,"-0,87",USD,"0,00",
18-07-2023,16:49,18-07-2023,,,"Transferir a su Cuenta de Efectivo en flatexDEGIRO Bank: 0,44 EUR",,,,EUR,"11,51",
18-07-2023,16:49,18-07-2023,FLATEX EURO BANKACCOUNT,NLFLATEXACNT,Degiro Cash Sweep Transfer,,EUR,"-0,44",EUR,"11,07",
18-07-2023,07:37,17-07-2023,,,Ingreso Cambio de Divisa,,EUR,"0,44",EUR,"11,51",
18-07-2023,07:37,17-07-2023,,,Retirada Cambio de Divisa,"1,1264",USD,"-0,49",USD,"0,87",
18-07-2023,07:09,17-07-2023,,,Comisión por Acción Corporativa,,USD,"-0,10",USD,"1,36",
18-07-2023,07:09,17-07-2023,EPR PROPERTIES,US26884U1097,Dividendo,,USD,"1,38",USD,"1,46",
18-07-2023,07:09,17-07-2023,EPR PROPERTIES,US26884U1097,Retención del dividendo,,USD,"-0,41",USD,"0,08",
17-07-2023,06:56,14-07-2023,,,Comisión por Acción Corporativa,,USD,"-0,05",USD,"0,49",
17-07-2023,06:55,14-07-2023,REALTY INCOME CORP,US7561091049,Dividendo,,USD,"0,77",USD,"0,54",
17-07-2023,06:55,14-07-2023,REALTY INCOME CORP,US7561091049,Retención del dividendo,,USD,"-0,23",USD,"-0,23",
04-07-2023,17:20,04-07-2023,,,"Transferir a su Cuenta de Efectivo en flatexDEGIRO Bank: 0,65 EUR",,,,EUR,"11,07",
04-07-2023,17:20,04-07-2023,FLATEX EURO BANKACCOUNT,NLFLATEXACNT,Degiro Cash Sweep Transfer,,EUR,"-0,65",EUR,"10,42",
04-07-2023,07:45,03-07-2023,,,Ingreso Cambio de Divisa,,EUR,"0,65",EUR,"11,07",
04-07-2023,07:45,03-07-2023,,,Retirada Cambio de Divisa,"1,0938",USD,"-0,71",USD,"0,00",
03-07-2023,07:04,30-06-2023,LTC PROPERTIES INC,US5021751020,Dividendo,,USD,"0,95",USD,"0,71",
03-07-2023,07:04,30-06-2023,LTC PROPERTIES INC,US5021751020,Retención del dividendo,,USD,"-0,29",USD,"-0,24",
03-07-2023,06:43,30-06-2023,,,Comisión por Acción Corporativa,,USD,"-0,01",USD,"0,05",
03-07-2023,06:43,30-06-2023,NVIDIA CORP,US67066G1040,Dividendo,,USD,"0,08",USD,"0,06",
03-07-2023,06:43,30-06-2023,NVIDIA CORP,US67066G1040,Retención del dividendo,,USD,"-0,02",USD,"-0,02",
01-07-2023,18:21,30-06-2023,,,Flatex Interest Income,,EUR,"0,00",EUR,"10,42",
23-06-2023,16:35,23-06-2023,,,"Transferir desde su Cuenta de Efectivo en flatexDEGIRO Bank: 0,14 EUR",,,,EUR,"10,42",
23-06-2023,16:35,23-06-2023,FLATEX EURO BANKACCOUNT,NLFLATEXACNT,Degiro Cash Sweep Transfer,,EUR,"0,14",EUR,"10,56",
23-06-2023,07:38,22-06-2023,,,Retirada Cambio de Divisa,,EUR,"-0,14",EUR,"10,42",
23-06-2023,07:38,22-06-2023,,,Ingreso Cambio de Divisa,"1,0928",USD,"0,15",USD,"0,00",
22-06-2023,15:22,15-06-2023,,,Comisión por Acción Corporativa,,USD,"-0,10",USD,"-0,15",
22-06-2023,15:17,15-06-2023,,,Comisión por Acción Corporativa,,USD,"-0,05",USD,"-0,05",
19-06-2023,16:50,19-06-2023,,,"Transferir a su Cuenta de Efectivo en flatexDEGIRO Bank: 1,38 EUR",,,,EUR,"10,56",
19-06-2023,16:50,19-06-2023,FLATEX EURO BANKACCOUNT,NLFLATEXACNT,Degiro Cash Sweep Transfer,,EUR,"-1,38",EUR,"9,18",
17-06-2023,07:43,16-06-2023,,,Ingreso Cambio de Divisa,,EUR,"1,38",EUR,"10,56",
17-06-2023,07:43,16-06-2023,,,Retirada Cambio de Divisa,"1,0965",USD,"-1,51",USD,"0,00",
16-06-2023,07:20,15-06-2023,EPR PROPERTIES,US26884U1097,Dividendo,,USD,"1,38",USD,"1,51",
16-06-2023,07:20,15-06-2023,EPR PROPERTIES,US26884U1097,Retención del dividendo,,USD,"-0,41",USD,"0,13",
16-06-2023,06:44,15-06-2023,REALTY INCOME CORP,US7561091049,Dividendo,,USD,"0,77",USD,"0,54",
16-06-2023,06:44,15-06-2023,REALTY INCOME CORP,US7561091049,Retención del dividendo,,USD,"-0,23",USD,"-0,23",
12-06-2023,16:49,12-06-2023,,,"Transferir a su Cuenta de Efectivo en flatexDEGIRO Bank: 0,4 EUR",,,,EUR,"9,18",
12-06-2023,16:49,12-06-2023,FLATEX EURO BANKACCOUNT,NLFLATEXACNT,Degiro Cash Sweep Transfer,,EUR,"-0,40",EUR,"8,78",
10-06-2023,07:39,09-06-2023,,,Ingreso Cambio de Divisa,,EUR,"0,40",EUR,"9,18",
10-06-2023,07:39,09-06-2023,,,Retirada Cambio de Divisa,"1,0776",USD,"-0,43",USD,"0,00",
09-06-2023,07:10,08-06-2023,,,Comisión por Acción Corporativa,,USD,"-0,05",USD,"0,43",
09-06-2023,07:09,08-06-2023,MICROSOFT CORP,US5949181045,Dividendo,,USD,"0,68",USD,"0,48",
09-06-2023,07:09,08-06-2023,MICROSOFT CORP,US5949181045,Retención del dividendo,,USD,"-0,20",USD,"-0,20",
02-06-2023,17:36,02-06-2023,,,"Transferir a su Cuenta de Efectivo en flatexDEGIRO Bank: 0,55 EUR",,,,EUR,"8,78",
02-06-2023,17:36,02-06-2023,FLATEX EURO BANKACCOUNT,NLFLATEXACNT,Degiro Cash Sweep Transfer,,EUR,"-0,55",EUR,"8,23",
02-06-2023,07:36,01-06-2023,,,Ingreso Cambio de Divisa,,EUR,"0,55",EUR,"8,78",
02-06-2023,07:36,01-06-2023,,,Retirada Cambio de Divisa,"1,0789",USD,"-0,59",USD,"0,00",
01-06-2023,07:17,31-05-2023,,,Comisión por Acción Corporativa,,USD,"-0,07",USD,"0,59",
01-06-2023,07:17,31-05-2023,LTC PROPERTIES INC,US5021751020,Dividendo,,USD,"0,95",USD,"0,66",
01-06-2023,07:17,31-05-2023,LTC PROPERTIES INC,US5021751020,Retención del dividendo,,USD,"-0,29",USD,"-0,29",
22-05-2023,17:20,22-05-2023,,,"Transferir a su Cuenta de Efectivo en flatexDEGIRO Bank: 2,33 EUR",,,,EUR,"8,23",
22-05-2023,17:20,22-05-2023,FLATEX EURO BANKACCOUNT,NLFLATEXACNT,Degiro Cash Sweep Transfer,,EUR,"-2,33",EUR,"5,90",
20-05-2023,07:43,19-05-2023,,,Ingreso Cambio de Divisa,,EUR,"2,33",EUR,"8,23",
20-05-2023,07:43,19-05-2023,,,Retirada Cambio de Divisa,"1,0832",USD,"-2,52",USD,"0,00",
19-05-2023,06:59,18-05-2023,APPLE INC,US0378331005,Dividendo,,USD,"3,60",USD,"2,52",
19-05-2023,06:59,18-05-2023,APPLE INC,US0378331005,Retención del dividendo,,USD,"-1,08",USD,"-1,08",
17-05-2023,17:49,17-05-2023,,,"Transferir a su Cuenta de Efectivo en flatexDEGIRO Bank: 1,25 EUR",,,,EUR,"5,90",
17-05-2023,17:49,17-05-2023,FLATEX EURO BANKACCOUNT,NLFLATEXACNT,Degiro Cash Sweep Transfer,,EUR,"-1,25",EUR,"4,65",
17-05-2023,07:35,16-05-2023,,,Ingreso Cambio de Divisa,,EUR,"1,25",EUR,"5,90",
17-05-2023,07:35,16-05-2023,,,Retirada Cambio de Divisa,"1,0890",USD,"-1,36",USD,"0,00",
16-05-2023,07:20,15-05-2023,,,Comisión por Acción Corporativa,,USD,"-0,05",USD,"1,36",
16-05-2023,07:20,15-05-2023,REALTY INCOME CORP,US7561091049,Dividendo,,USD,"0,77",USD,"1,41",
16-05-2023,07:20,15-05-2023,REALTY INCOME CORP,US7561091049,Retención del dividendo,,USD,"-0,23",USD,"0,64",
16-05-2023,07:11,15-05-2023,,,Comisión por Acción Corporativa,,USD,"-0,10",USD,"0,87",
16-05-2023,07:11,15-05-2023,EPR PROPERTIES,US26884U1097,Dividendo,,USD,"1,38",USD,"0,97",
16-05-2023,07:11,15-05-2023,EPR PROPERTIES,US26884U1097,Retención del dividendo,,USD,"-0,41",USD,"-0,41",
02-05-2023,17:19,02-05-2023,,,"Transferir a su Cuenta de Efectivo en flatexDEGIRO Bank: 0,54 EUR",,,,EUR,"4,65",
02-05-2023,17:19,02-05-2023,FLATEX EURO BANKACCOUNT,NLFLATEXACNT,Degiro Cash Sweep Transfer,,EUR,"-0,54",EUR,"4,11",
02-05-2023,07:35,01-05-2023,,,Ingreso Cambio de Divisa,,EUR,"0,54",EUR,"4,65",
02-05-2023,07:35,01-05-2023,,,Retirada Cambio de Divisa,"1,1003",USD,"-0,59",USD,"0,00",
01-05-2023,07:40,28-04-2023,,,Comisión por Acción Corporativa,,USD,"-0,07",USD,"0,59",
01-05-2023,07:40,28-04-2023,LTC PROPERTIES INC,US5021751020,Dividendo,,USD,"0,95",USD,"0,66",
01-05-2023,07:40,28-04-2023,LTC PROPERTIES INC,US5021751020,Retención del dividendo,,USD,"-0,29",USD,"-0,29",
19-04-2023,16:34,19-04-2023,,,"Transferir a su Cuenta de Efectivo en flatexDEGIRO Bank: 0,79 EUR",,,,EUR,"4,11",
19-04-2023,16:34,19-04-2023,FLATEX EURO BANKACCOUNT,NLFLATEXACNT,Degiro Cash Sweep Transfer,,EUR,"-0,79",EUR,"3,32",
19-04-2023,07:34,18-04-2023,,,Ingreso Cambio de Divisa,,EUR,"0,79",EUR,"4,11",
19-04-2023,07:34,18-04-2023,,,Retirada Cambio de Divisa,"1,1000",USD,"-0,87",USD,"0,00",
18-04-2023,16:49,18-04-2023,,,"Transferir a su Cuenta de Efectivo en flatexDEGIRO Bank: 0,45 EUR",,,,EUR,"3,32",
18-04-2023,16:49,18-04-2023,FLATEX EURO BANKACCOUNT,NLFLATEXACNT,Degiro Cash Sweep Transfer,,EUR,"-0,45",EUR,"2,87",
18-04-2023,07:38,17-04-2023,,,Ingreso Cambio de Divisa,,EUR,"0,45",EUR,"3,32",
18-04-2023,07:38,17-04-2023,,,Retirada Cambio de Divisa,"1,0953",USD,"-0,49",USD,"0,87",
18-04-2023,07:27,17-04-2023,,,Comisión por Acción Corporativa,,USD,"-0,10",USD,"1,36",
18-04-2023,07:27,17-04-2023,EPR PROPERTIES,US26884U1097,Dividendo,,USD,"1,38",USD,"1,46",
18-04-2023,07:27,17-04-2023,EPR PROPERTIES,US26884U1097,Retención del dividendo,,USD,"-0,41",USD,"0,08",
17-04-2023,07:35,14-04-2023,,,Comisión por Acción Corporativa,,USD,"-0,05",USD,"0,49",
17-04-2023,07:34,14-04-2023,REALTY INCOME CORP,US7561091049,Dividendo,,USD,"0,77",USD,"0,54",
17-04-2023,07:34,14-04-2023,REALTY INCOME CORP,US7561091049,Retención del dividendo,,USD,"-0,23",USD,"-0,23",
05-04-2023,01:50,04-04-2023,,,"Transferir desde su Cuenta de Efectivo en flatexDEGIRO Bank: 0,54 EUR",,,,EUR,"2,87",
05-04-2023,01:50,04-04-2023,FLATEX EURO BANKACCOUNT,NLFLATEXACNT,Degiro Cash Sweep Transfer,,EUR,"0,54",EUR,"3,41",
04-04-2023,12:19,03-04-2023,,,"Transferir a su Cuenta de Efectivo en flatexDEGIRO Bank: 0,54 EUR",,,,EUR,"2,87",
04-04-2023,12:19,03-04-2023,FLATEX EURO BANKACCOUNT,NLFLATEXACNT,Degiro Cash Sweep Transfer,,EUR,"-0,54",EUR,"2,33",
03-04-2023,17:50,03-04-2023,,,"Transferir a su Cuenta de Efectivo en flatexDEGIRO Bank: 0,54 EUR",,,,EUR,"2,87",
03-04-2023,17:50,03-04-2023,FLATEX EURO BANKACCOUNT,NLFLATEXACNT,Degiro Cash Sweep Transfer,,EUR,"-0,54",EUR,"2,33",
03-04-2023,01:11,31-03-2023,,,Flatex Interest Income,,EUR,"0,00",EUR,"2,87",
02-04-2023,07:35,31-03-2023,,,Ingreso Cambio de Divisa,,EUR,"0,54",EUR,"2,87",
02-04-2023,07:35,31-03-2023,,,Retirada Cambio de Divisa,"1,0866",USD,"-0,59",USD,"0,00",
01-04-2023,07:40,31-03-2023,,,Comisión por Acción Corporativa,,USD,"-0,07",USD,"0,59",
01-04-2023,07:40,31-03-2023,LTC PROPERTIES INC,US5021751020,Dividendo,,USD,"0,95",USD,"0,66",
01-04-2023,07:40,31-03-2023,LTC PROPERTIES INC,US5021751020,Retención del dividendo,,USD,"-0,29",USD,"-0,29",
31-03-2023,13:20,30-03-2023,,,"Transferir a su Cuenta de Efectivo en flatexDEGIRO Bank: 0,06 EUR",,,,EUR,"2,33",
31-03-2023,13:20,30-03-2023,FLATEX EURO BANKACCOUNT,NLFLATEXACNT,Degiro Cash Sweep Transfer,,EUR,"-0,06",EUR,"2,27",
30-03-2023,13:23,29-03-2023,,,Ingreso Cambio de Divisa,,EUR,"0,06",EUR,"2,33",
30-03-2023,13:23,29-03-2023,,,Retirada Cambio de Divisa,"1,0871",USD,"-0,06",USD,"0,00",
30-03-2023,07:32,29-03-2023,NVIDIA CORP,US67066G1040,Dividendo,,USD,"0,08",USD,"0,06",
30-03-2023,07:32,29-03-2023,NVIDIA CORP,US67066G1040,Retención del dividendo,,USD,"-0,02",USD,"-0,02",
17-03-2023,16:51,17-03-2023,,,"Transferir a su Cuenta de Efectivo en flatexDEGIRO Bank: 1,27 EUR",,,,EUR,"2,27",
17-03-2023,16:51,17-03-2023,FLATEX EURO BANKACCOUNT,NLFLATEXACNT,Degiro Cash Sweep Transfer,,EUR,"-1,27",EUR,"1,00",
17-03-2023,07:38,16-03-2023,,,Ingreso Cambio de Divisa,,EUR,"1,27",EUR,"2,27",
17-03-2023,07:38,16-03-2023,,,Retirada Cambio de Divisa,"1,0637",USD,"-1,35",USD,"0,00",
16-03-2023,07:29,15-03-2023,,,Comisión por Acción Corporativa,,USD,"-0,05",USD,"1,35",
16-03-2023,07:29,15-03-2023,REALTY INCOME CORP,US7561091049,Dividendo,,USD,"0,76",USD,"1,40",
16-03-2023,07:29,15-03-2023,REALTY INCOME CORP,US7561091049,Retención del dividendo,,USD,"-0,23",USD,"0,64",
16-03-2023,07:18,15-03-2023,,,Comisión por Acción Corporativa,,USD,"-0,10",USD,"0,87",
16-03-2023,07:18,15-03-2023,EPR PROPERTIES,US26884U1097,Dividendo,,USD,"1,38",USD,"0,97",
16-03-2023,07:18,15-03-2023,EPR PROPERTIES,US26884U1097,Retención del dividendo,,USD,"-0,41",USD,"-0,41",
10-03-2023,17:49,10-03-2023,,,"Transferir a su Cuenta de Efectivo en flatexDEGIRO Bank: 0,45 EUR",,,,EUR,"1,00",
10-03-2023,17:49,10-03-2023,FLATEX EURO BANKACCOUNT,NLFLATEXACNT,Degiro Cash Sweep Transfer,,EUR,"-0,45",EUR,"0,55",
10-03-2023,07:38,09-03-2023,,,Ingreso Cambio de Divisa,,EUR,"0,45",EUR,"1,00",
10-03-2023,07:38,09-03-2023,,,Retirada Cambio de Divisa,"1,0607",USD,"-0,48",USD,"0,00",
10-03-2023,06:24,09-03-2023,MICROSOFT CORP,US5949181045,Dividendo,,USD,"0,68",USD,"0,48",
10-03-2023,06:24,09-03-2023,MICROSOFT CORP,US5949181045,Retención del dividendo,,USD,"-0,20",USD,"-0,20",
02-03-2023,16:49,02-03-2023,,,"Transferir a su Cuenta de Efectivo en flatexDEGIRO Bank: 0,55 EUR",,,,EUR,"0,55",
02-03-2023,16:49,02-03-2023,FLATEX EURO BANKACCOUNT,NLFLATEXACNT,Degiro Cash Sweep Transfer,,EUR,"-0,55",EUR,"0,00",
02-03-2023,07:37,01-03-2023,,,Ingreso Cambio de Divisa,,EUR,"0,55",EUR,"0,55",
02-03-2023,07:37,01-03-2023,,,Retirada Cambio de Divisa,"1,0694",USD,"-0,59",USD,"0,00",
01-03-2023,07:38,28-02-2023,,,Comisión por Acción Corporativa,,USD,"-0,07",USD,"0,59",
01-03-2023,07:38,28-02-2023,LTC PROPERTIES INC,US5021751020,Dividendo,,USD,"0,95",USD,"0,66",
01-03-2023,07:38,28-02-2023,LTC PROPERTIES INC,US5021751020,Retención del dividendo,,USD,"-0,29",USD,"-0,29",
21-02-2023,18:02,22-02-2023,,,Processed Flatex Withdrawal,,EUR,"1179,56",EUR,"0,00",
21-02-2023,18:02,22-02-2023,,,flatex Withdrawal,,EUR,"-1179,56",EUR,"-1179,56",
21-02-2023,12:09,21-02-2023,,,Processed Flatex Withdrawal,,EUR,"-1179,56",EUR,"0,00",
20-02-2023,16:49,20-02-2023,,,"Transferir a su Cuenta de Efectivo en flatexDEGIRO Bank: 2,25 EUR",,,,EUR,"1179,56",
20-02-2023,16:49,20-02-2023,FLATEX EURO BANKACCOUNT,NLFLATEXACNT,Degiro Cash Sweep Transfer,,EUR,"-2,25",EUR,"1177,31",
18-02-2023,07:36,17-02-2023,,,Ingreso Cambio de Divisa,,EUR,"2,25",EUR,"1179,56",
18-02-2023,07:36,17-02-2023,,,Retirada Cambio de Divisa,"1,0721",USD,"-2,41",USD,"0,00",
17-02-2023,16:49,17-02-2023,,,"Transferir a su Cuenta de Efectivo en flatexDEGIRO Bank: 1,26 EUR",,,,EUR,"1177,31",
17-02-2023,16:49,17-02-2023,FLATEX EURO BANKACCOUNT,NLFLATEXACNT,Degiro Cash Sweep Transfer,,EUR,"-1,26",EUR,"1176,05",
17-02-2023,07:37,16-02-2023,,,Ingreso Cambio de Divisa,,EUR,"1,26",EUR,"1177,31",
17-02-2023,07:37,16-02-2023,,,Retirada Cambio de Divisa,"1,0700",USD,"-1,35",USD,"2,41",
17-02-2023,07:03,16-02-2023,APPLE INC,US0378331005,Dividendo,,USD,"3,45",USD,"3,76",
17-02-2023,07:03,16-02-2023,APPLE INC,US0378331005,Retención del dividendo,,USD,"-1,04",USD,"0,31",
16-02-2023,07:25,15-02-2023,,,Comisión por Acción Corporativa,,USD,"-0,05",USD,"1,35",
16-02-2023,07:24,15-02-2023,REALTY INCOME CORP,US7561091049,Dividendo,,USD,"0,75",USD,"1,40",
16-02-2023,07:24,15-02-2023,REALTY INCOME CORP,US7561091049,Retención del dividendo,,USD,"-0,22",USD,"0,65",
16-02-2023,07:21,15-02-2023,,,Comisión por Acción Corporativa,,USD,"-0,10",USD,"0,87",
16-02-2023,07:21,15-02-2023,EPR PROPERTIES,US26884U1097,Dividendo,,USD,"1,38",USD,"0,97",
16-02-2023,07:21,15-02-2023,EPR PROPERTIES,US26884U1097,Retención del dividendo,,USD,"-0,41",USD,"-0,41",
02-02-2023,20:19,02-02-2023,,,"Transferir a su Cuenta de Efectivo en flatexDEGIRO Bank: 0,54 EUR",,,,EUR,"1176,05",
02-02-2023,20:19,02-02-2023,FLATEX EURO BANKACCOUNT,NLFLATEXACNT,Degiro Cash Sweep Transfer,,EUR,"-0,54",EUR,"1175,51",
02-02-2023,07:34,01-02-2023,,,Ingreso Cambio de Divisa,,EUR,"0,54",EUR,"1176,05",
02-02-2023,07:34,01-02-2023,,,Retirada Cambio de Divisa,"1,1018",USD,"-0,59",USD,"0,00",
01-02-2023,07:27,31-01-2023,,,Comisión por Acción Corporativa,,USD,"-0,07",USD,"0,59",
01-02-2023,07:27,31-01-2023,LTC PROPERTIES INC,US5021751020,Dividendo,,USD,"0,95",USD,"0,66",
01-02-2023,07:27,31-01-2023,LTC PROPERTIES INC,US5021751020,Retención del dividendo,,USD,"-0,29",USD,"-0,29",
25-01-2023,16:34,25-01-2023,,,"Transferir desde su Cuenta de Efectivo en flatexDEGIRO Bank: 0,17 EUR",,,,EUR,"1175,51",
25-01-2023,16:34,25-01-2023,FLATEX EURO BANKACCOUNT,NLFLATEXACNT,Degiro Cash Sweep Transfer,,EUR,"0,17",EUR,"1175,68",
25-01-2023,07:33,24-01-2023,,,Retirada Cambio de Divisa,,EUR,"-0,17",EUR,"1175,51",
25-01-2023,07:33,24-01-2023,,,Ingreso Cambio de Divisa,"1,0860",USD,"0,19",USD,"0,00",
24-01-2023,12:39,13-05-2021,,,Comisión por Acción Corporativa,,USD,"-0,19",USD,"-0,19",
20-01-2023,09:50,19-01-2023,,,"Transferir a su Cuenta de Efectivo en flatexDEGIRO Bank: 1.052,97 EUR",,,,EUR,"1175,68",
20-01-2023,09:50,19-01-2023,FLATEX EURO BANKACCOUNT,NLFLATEXACNT,Degiro Cash Sweep Transfer,,EUR,"-1052,97",EUR,"122,71",
19-01-2023,17:04,19-01-2023,,,"Transferir a su Cuenta de Efectivo en flatexDEGIRO Bank: 0,8 EUR",,,,EUR,"1175,68",
19-01-2023,17:04,19-01-2023,FLATEX EURO BANKACCOUNT,NLFLATEXACNT,Degiro Cash Sweep Transfer,,EUR,"-0,80",EUR,"1174,88",
19-01-2023,16:47,19-01-2023,TESLA INC,US88160R1014,Retirada Cambio de Divisa,"1,0814",USD,"-1139,76",USD,"0,00",09ecfa82-6751-4177-ac22-0d41af929919
19-01-2023,16:47,19-01-2023,TESLA INC,US88160R1014,Ingreso Cambio de Divisa,,EUR,"1053,97",EUR,"1175,68",09ecfa82-6751-4177-ac22-0d41af929919
19-01-2023,16:47,19-01-2023,TESLA INC,US88160R1014,Costes de transacción y/o externos de DEGIRO,,EUR,"-1,00",EUR,"121,71",09ecfa82-6751-4177-ac22-0d41af929919
19-01-2023,16:47,19-01-2023,TESLA INC,US88160R1014,"Venta 9 Tesla Inc@126,64 USD (US88160R1014)",,USD,"1139,76",USD,"1139,76",09ecfa82-6751-4177-ac22-0d41af929919
19-01-2023,07:32,18-01-2023,,,Ingreso Cambio de Divisa,,EUR,"0,80",EUR,"122,71",
19-01-2023,07:32,18-01-2023,,,Retirada Cambio de Divisa,"1,0821",USD,"-0,87",USD,"0,00",
18-01-2023,07:13,17-01-2023,,,Comisión por Acción Corporativa,,USD,"-0,10",USD,"0,87",
18-01-2023,07:13,17-01-2023,EPR PROPERTIES,US26884U1097,Dividendo,,USD,"1,38",USD,"0,97",
18-01-2023,07:13,17-01-2023,EPR PROPERTIES,US26884U1097,Retención del dividendo,,USD,"-0,41",USD,"-0,41",
17-01-2023,17:19,17-01-2023,,,"Transferir a su Cuenta de Efectivo en flatexDEGIRO Bank: 0,44 EUR",,,,EUR,"121,91",
17-01-2023,17:19,17-01-2023,FLATEX EURO BANKACCOUNT,NLFLATEXACNT,Degiro Cash Sweep Transfer,,EUR,"-0,44",EUR,"121,47",
17-01-2023,07:33,16-01-2023,,,Ingreso Cambio de Divisa,,EUR,"0,44",EUR,"121,91",
17-01-2023,07:33,16-01-2023,,,Retirada Cambio de Divisa,"1,0848",USD,"-0,48",USD,"0,00",
16-01-2023,07:18,13-01-2023,,,Comisión por Acción Corporativa,,USD,"-0,05",USD,"0,48",
16-01-2023,07:17,13-01-2023,REALTY INCOME CORP,US7561091049,Dividendo,,USD,"0,75",USD,"0,53",
16-01-2023,07:17,13-01-2023,REALTY INCOME CORP,US7561091049,Retención del dividendo,,USD,"-0,22",USD,"-0,22",
04-01-2023,05:37,03-01-2023,,,"Transferir desde su Cuenta de Efectivo en flatexDEGIRO Bank: 4,45 EUR",,,,EUR,"121,47",
04-01-2023,05:37,03-01-2023,FLATEX EURO BANKACCOUNT,NLFLATEXACNT,Degiro Cash Sweep Transfer,,EUR,"4,45",EUR,"125,92",
03-01-2023,14:05,31-12-2022,,,Comisión de conectividad con el mercado 2023 (New York Stock Exchange - NSY),,EUR,"-2,50",EUR,"121,47",
03-01-2023,14:05,31-12-2022,,,Comisión de conectividad con el mercado 2023 (Nasdaq - NDQ),,EUR,"-2,50",EUR,"123,97",
03-01-2023,07:36,02-01-2023,,,Ingreso Cambio de Divisa,,EUR,"0,55",EUR,"126,47",
03-01-2023,07:36,02-01-2023,,,Retirada Cambio de Divisa,"1,0693",USD,"-0,59",USD,"0,00",
02-01-2023,07:25,30-12-2022,,,Comisión por Acción Corporativa,,USD,"-0,07",USD,"0,59",
02-01-2023,07:24,30-12-2022,LTC PROPERTIES INC,US5021751020,Dividendo,,USD,"0,95",USD,"0,66",
02-01-2023,07:24,30-12-2022,LTC PROPERTIES INC,US5021751020,Retención del dividendo,,USD,"-0,29",USD,"-0,29",
02-01-2023,04:51,02-01-2023,,,Flatex Interest Income,,EUR,"0,00",EUR,"125,92",
27-12-2022,12:19,26-12-2022,,,"Transferir a su Cuenta de Efectivo en flatexDEGIRO Bank: 0,06 EUR",,,,EUR,"125,92",
27-12-2022,12:19,26-12-2022,FLATEX EURO BANKACCOUNT,NLFLATEXACNT,Degiro Cash Sweep Transfer,,EUR,"-0,06",EUR,"125,86",
24-12-2022,07:35,23-12-2022,,,Ingreso Cambio de Divisa,,EUR,"0,06",EUR,"125,92",
24-12-2022,07:35,23-12-2022,,,Retirada Cambio de Divisa,"1,0643",USD,"-0,06",USD,"0,00",
23-12-2022,07:29,22-12-2022,NVIDIA CORP,US67066G1040,Dividendo,,USD,"0,08",USD,"0,06",
23-12-2022,07:29,22-12-2022,NVIDIA CORP,US67066G1040,Retención del dividendo,,USD,"-0,02",USD,"-0,02",
19-12-2022,18:34,19-12-2022,,,"Transferir a su Cuenta de Efectivo en flatexDEGIRO Bank: 1,26 EUR",,,,EUR,"125,86",
19-12-2022,18:34,19-12-2022,FLATEX EURO BANKACCOUNT,NLFLATEXACNT,Degiro Cash Sweep Transfer,,EUR,"-1,26",EUR,"124,60",
17-12-2022,08:40,16-12-2022,,,Ingreso Cambio de Divisa,,EUR,"1,26",EUR,"125,86",
17-12-2022,08:40,16-12-2022,,,Retirada Cambio de Divisa,"1,0613",USD,"-1,34",USD,"0,00",
16-12-2022,07:24,15-12-2022,,,Comisión por Acción Corporativa,,USD,"-0,05",USD,"1,34",
16-12-2022,07:24,15-12-2022,REALTY INCOME CORP,US7561091049,Dividendo,,USD,"0,74",USD,"1,39",
16-12-2022,07:24,15-12-2022,REALTY INCOME CORP,US7561091049,Retención del dividendo,,USD,"-0,22",USD,"0,65",
16-12-2022,07:16,15-12-2022,,,Comisión por Acción Corporativa,,USD,"-0,10",USD,"0,87",
16-12-2022,07:16,15-12-2022,EPR PROPERTIES,US26884U1097,Dividendo,,USD,"1,38",USD,"0,97",
16-12-2022,07:16,15-12-2022,EPR PROPERTIES,US26884U1097,Retención del dividendo,,USD,"-0,41",USD,"-0,41",
12-12-2022,18:18,12-12-2022,,,"Transferir a su Cuenta de Efectivo en flatexDEGIRO Bank: 0,45 EUR",,,,EUR,"124,60",
12-12-2022,18:18,12-12-2022,FLATEX EURO BANKACCOUNT,NLFLATEXACNT,Degiro Cash Sweep Transfer,,EUR,"-0,45",EUR,"124,15",
10-12-2022,07:36,09-12-2022,,,Ingreso Cambio de Divisa,,EUR,"0,45",EUR,"124,60",
10-12-2022,07:36,09-12-2022,,,Retirada Cambio de Divisa,"1,0567",USD,"-0,48",USD,"0,00",
09-12-2022,16:26,08-12-2022,MICROSOFT CORP,US5949181045,Dividendo,,USD,"0,68",USD,"0,48",
09-12-2022,16:26,08-12-2022,MICROSOFT CORP,US5949181045,Retención del dividendo,,USD,"-0,20",USD,"-0,20",
02-12-2022,16:49,02-12-2022,,,"Transferir a su Cuenta de Efectivo en flatexDEGIRO Bank: 0,56 EUR",,,,EUR,"124,15",
02-12-2022,16:49,02-12-2022,FLATEX EURO BANKACCOUNT,NLFLATEXACNT,Degiro Cash Sweep Transfer,,EUR,"-0,56",EUR,"123,59",
02-12-2022,07:42,01-12-2022,,,Ingreso Cambio de Divisa,,EUR,"0,56",EUR,"124,15",
02-12-2022,07:42,01-12-2022,,,Retirada Cambio de Divisa,"1,0546",USD,"-0,59",USD,"0,00",
01-12-2022,07:20,30-11-2022,,,Comisión por Acción Corporativa,,USD,"-0,07",USD,"0,59",
01-12-2022,07:20,30-11-2022,LTC PROPERTIES INC,US5021751020,Dividendo,,USD,"0,95",USD,"0,66",
01-12-2022,07:20,30-11-2022,LTC PROPERTIES INC,US5021751020,Retención del dividendo,,USD,"-0,29",USD,"-0,29",
17-11-2022,16:34,17-11-2022,,,"Transferir a su Cuenta de Efectivo en flatexDEGIRO Bank: 1,29 EUR",,,,EUR,"123,59",
17-11-2022,16:34,17-11-2022,FLATEX EURO BANKACCOUNT,NLFLATEXACNT,Degiro Cash Sweep Transfer,,EUR,"-1,29",EUR,"122,30",
17-11-2022,08:23,16-11-2022,,,Ingreso Cambio de Divisa,,EUR,"1,29",EUR,"123,59",
17-11-2022,08:23,16-11-2022,,,Retirada Cambio de Divisa,"1,0421",USD,"-1,34",USD,"0,00",
16-11-2022,07:19,15-11-2022,,,Comisión por Acción Corporativa,,USD,"-0,05",USD,"1,34",
16-11-2022,07:19,15-11-2022,REALTY INCOME CORP,US7561091049,Dividendo,,USD,"0,74",USD,"1,39",
16-11-2022,07:19,15-11-2022,REALTY INCOME CORP,US7561091049,Retención del dividendo,,USD,"-0,22",USD,"0,65",
16-11-2022,07:16,15-11-2022,,,Comisión por Acción Corporativa,,USD,"-0,10",USD,"0,87",
16-11-2022,07:15,15-11-2022,EPR PROPERTIES,US26884U1097,Dividendo,,USD,"1,38",USD,"0,97",
16-11-2022,07:15,15-11-2022,EPR PROPERTIES,US26884U1097,Retención del dividendo,,USD,"-0,41",USD,"-0,41",
14-11-2022,17:49,14-11-2022,,,"Transferir a su Cuenta de Efectivo en flatexDEGIRO Bank: 2,32 EUR",,,,EUR,"122,30",
14-11-2022,17:49,14-11-2022,FLATEX EURO BANKACCOUNT,NLFLATEXACNT,Degiro Cash Sweep Transfer,,EUR,"-2,32",EUR,"119,98",
12-11-2022,07:39,11-11-2022,,,Ingreso Cambio de Divisa,,EUR,"2,32",EUR,"122,30",
12-11-2022,07:39,11-11-2022,,,Retirada Cambio de Divisa,"1,0374",USD,"-2,41",USD,"0,00",
11-11-2022,07:24,10-11-2022,APPLE INC,US0378331005,Dividendo,,USD,"3,45",USD,"2,41",
11-11-2022,07:24,10-11-2022,APPLE INC,US0378331005,Retención del dividendo,,USD,"-1,04",USD,"-1,04",
02-11-2022,16:50,02-11-2022,,,"Transferir a su Cuenta de Efectivo en flatexDEGIRO Bank: 0,6 EUR",,,,EUR,"119,98",
02-11-2022,16:50,02-11-2022,FLATEX EURO BANKACCOUNT,NLFLATEXACNT,Degiro Cash Sweep Transfer,,EUR,"-0,60",EUR,"119,38",
02-11-2022,07:33,01-11-2022,,,Ingreso Cambio de Divisa,,EUR,"0,60",EUR,"119,98",
02-11-2022,07:33,01-11-2022,,,Retirada Cambio de Divisa,"0,9901",USD,"-0,59",USD,"0,00",
01-11-2022,11:10,01-11-2022,,,flatex Deposit,,EUR,"106,00",EUR,"119,38",
01-11-2022,07:03,31-10-2022,,,Comisión por Acción Corporativa,,USD,"-0,07",USD,"0,59",
01-11-2022,07:03,31-10-2022,LTC PROPERTIES INC,US5021751020,Dividendo,,USD,"0,95",USD,"0,66",
01-11-2022,07:03,31-10-2022,LTC PROPERTIES INC,US5021751020,Retención del dividendo,,USD,"-0,29",USD,"-0,29",
19-10-2022,16:49,19-10-2022,,,"Transferir a su Cuenta de Efectivo en flatexDEGIRO Bank: 0,88 EUR",,,,EUR,"13,38",
19-10-2022,16:49,19-10-2022,FLATEX EURO BANKACCOUNT,NLFLATEXACNT,Degiro Cash Sweep Transfer,,EUR,"-0,88",EUR,"12,50",
19-10-2022,07:53,18-10-2022,,,Ingreso Cambio de Divisa,,EUR,"0,88",EUR,"13,38",
19-10-2022,07:53,18-10-2022,,,Retirada Cambio de Divisa,"0,9883",USD,"-0,87",USD,"0,00",
18-10-2022,08:03,17-10-2022,,,Comisión por Acción Corporativa,,USD,"-0,10",USD,"0,87",
18-10-2022,08:03,17-10-2022,EPR PROPERTIES,US26884U1097,Dividendo,,USD,"1,38",USD,"0,97",
18-10-2022,08:03,17-10-2022,EPR PROPERTIES,US26884U1097,Retención del dividendo,,USD,"-0,41",USD,"-0,41",
17-10-2022,17:19,17-10-2022,,,"Transferir a su Cuenta de Efectivo en flatexDEGIRO Bank: 0,48 EUR",,,,EUR,"12,50",
17-10-2022,17:19,17-10-2022,FLATEX EURO BANKACCOUNT,NLFLATEXACNT,Degiro Cash Sweep Transfer,,EUR,"-0,48",EUR,"12,02",
17-10-2022,07:34,14-10-2022,,,Ingreso Cambio de Divisa,,EUR,"0,48",EUR,"12,50",
17-10-2022,07:34,14-10-2022,,,Retirada Cambio de Divisa,"0,9746",USD,"-0,47",USD,"0,00",
16-10-2022,04:18,14-10-2022,,,Comisión por Acción Corporativa,,USD,"-0,05",USD,"0,47",
16-10-2022,04:18,14-10-2022,REALTY INCOME CORP,US7561091049,Dividendo,,USD,"0,74",USD,"0,52",
16-10-2022,04:18,14-10-2022,REALTY INCOME CORP,US7561091049,Retención del dividendo,,USD,"-0,22",USD,"-0,22",
05-10-2022,12:20,04-10-2022,,,"Transferir a su Cuenta de Efectivo en flatexDEGIRO Bank: 0,6 EUR",,,,EUR,"12,02",
05-10-2022,12:20,04-10-2022,FLATEX EURO BANKACCOUNT,NLFLATEXACNT,Degiro Cash Sweep Transfer,,EUR,"-0,60",EUR,"11,42",
04-10-2022,07:39,03-10-2022,,,Ingreso Cambio de Divisa,,EUR,"0,60",EUR,"12,02",
04-10-2022,07:39,03-10-2022,,,Retirada Cambio de Divisa,"0,9851",USD,"-0,59",USD,"0,00",
03-10-2022,17:49,03-10-2022,,,"Transferir a su Cuenta de Efectivo en flatexDEGIRO Bank: 0,05 EUR",,,,EUR,"11,42",
03-10-2022,17:49,03-10-2022,FLATEX EURO BANKACCOUNT,NLFLATEXACNT,Degiro Cash Sweep Transfer,,EUR,"-0,05",EUR,"11,37",
03-10-2022,07:11,30-09-2022,,,Comisión por Acción Corporativa,,USD,"-0,07",USD,"0,59",
03-10-2022,07:11,30-09-2022,LTC PROPERTIES INC,US5021751020,Dividendo,,USD,"0,95",USD,"0,66",
03-10-2022,07:11,30-09-2022,LTC PROPERTIES INC,US5021751020,Retención del dividendo,,USD,"-0,29",USD,"-0,29",
02-10-2022,03:51,30-09-2022,,,Flatex Interest Income,,EUR,"0,00",EUR,"11,42",
01-10-2022,08:38,30-09-2022,,,Ingreso Cambio de Divisa,,EUR,"0,05",EUR,"11,42",
01-10-2022,08:38,30-09-2022,,,Retirada Cambio de Divisa,"0,9827",USD,"-0,05",USD,"0,00",
30-09-2022,07:28,29-09-2022,,,Comisión por Acción Corporativa,,USD,"-0,01",USD,"0,05",
30-09-2022,07:27,29-09-2022,NVIDIA CORP,US67066G1040,Dividendo,,USD,"0,08",USD,"0,06",
30-09-2022,07:27,29-09-2022,NVIDIA CORP,US67066G1040,Retención del dividendo,,USD,"-0,02",USD,"-0,02",
19-09-2022,16:34,19-09-2022,,,"Transferir a su Cuenta de Efectivo en flatexDEGIRO Bank: 1,33 EUR",,,,EUR,"11,37",
19-09-2022,16:34,19-09-2022,FLATEX EURO BANKACCOUNT,NLFLATEXACNT,Degiro Cash Sweep Transfer,,EUR,"-1,33",EUR,"10,04",
17-09-2022,07:35,16-09-2022,,,Ingreso Cambio de Divisa,,EUR,"1,33",EUR,"11,37",
17-09-2022,07:35,16-09-2022,,,Retirada Cambio de Divisa,"1,0041",USD,"-1,34",USD,"0,00",
16-09-2022,06:51,15-09-2022,,,Comisión por Acción Corporativa,,USD,"-0,10",USD,"1,34",
16-09-2022,06:51,15-09-2022,EPR PROPERTIES,US26884U1097,Dividendo,,USD,"1,38",USD,"1,44",
16-09-2022,06:51,15-09-2022,EPR PROPERTIES,US26884U1097,Retención del dividendo,,USD,"-0,41",USD,"0,06",
16-09-2022,06:30,15-09-2022,,,Comisión por Acción Corporativa,,USD,"-0,05",USD,"0,47",
16-09-2022,06:30,15-09-2022,REALTY INCOME CORP,US7561091049,Dividendo,,USD,"0,74",USD,"0,52",
16-09-2022,06:30,15-09-2022,REALTY INCOME CORP,US7561091049,Retención del dividendo,,USD,"-0,22",USD,"-0,22",
12-09-2022,17:48,12-09-2022,,,"Transferir a su Cuenta de Efectivo en flatexDEGIRO Bank: 0,39 EUR",,,,EUR,"10,04",
12-09-2022,17:48,12-09-2022,FLATEX EURO BANKACCOUNT,NLFLATEXACNT,Degiro Cash Sweep Transfer,,EUR,"-0,39",EUR,"9,65",
10-09-2022,07:34,09-09-2022,,,Ingreso Cambio de Divisa,,EUR,"0,39",EUR,"10,04",
10-09-2022,07:34,09-09-2022,,,Retirada Cambio de Divisa,"1,0066",USD,"-0,39",USD,"0,00",
09-09-2022,08:07,08-09-2022,,,Comisión por Acción Corporativa,,USD,"-0,04",USD,"0,39",
09-09-2022,08:07,08-09-2022,MICROSOFT CORP,US5949181045,Dividendo,,USD,"0,62",USD,"0,43",
09-09-2022,08:07,08-09-2022,MICROSOFT CORP,US5949181045,Retención del dividendo,,USD,"-0,19",USD,"-0,19",
02-09-2022,17:48,02-09-2022,,,"Transferir a su Cuenta de Efectivo en flatexDEGIRO Bank: 0,59 EUR",,,,EUR,"9,65",
02-09-2022,17:48,02-09-2022,FLATEX EURO BANKACCOUNT,NLFLATEXACNT,Degiro Cash Sweep Transfer,,EUR,"-0,59",EUR,"9,06",
02-09-2022,07:33,01-09-2022,,,Ingreso Cambio de Divisa,,EUR,"0,59",EUR,"9,65",
02-09-2022,07:33,01-09-2022,,,Retirada Cambio de Divisa,"0,9970",USD,"-0,59",USD,"0,00",
01-09-2022,07:51,31-08-2022,,,Comisión por Acción Corporativa,,USD,"-0,07",USD,"0,59",
01-09-2022,07:51,31-08-2022,LTC PROPERTIES INC,US5021751020,Dividendo,,USD,"0,95",USD,"0,66",
01-09-2022,07:51,31-08-2022,LTC PROPERTIES INC,US5021751020,Retención del dividendo,,USD,"-0,29",USD,"-0,29",
26-08-2022,16:51,26-08-2022,,,"Transferir desde su Cuenta de Efectivo en flatexDEGIRO Bank: 0,01 EUR",,,,EUR,"9,06",
26-08-2022,16:51,26-08-2022,FLATEX EURO BANKACCOUNT,NLFLATEXACNT,Degiro Cash Sweep Transfer,,EUR,"0,01",EUR,"9,07",
26-08-2022,07:32,25-08-2022,,,Retirada Cambio de Divisa,,EUR,"-0,01",EUR,"9,06",
26-08-2022,07:32,25-08-2022,,,Ingreso Cambio de Divisa,"0,9950",USD,"0,01",USD,"0,00",
25-08-2022,10:22,25-08-2022,TESLA INC,US88160R1014,"STOCK SPLIT: Compra 9 Tesla Inc@297,0967 USD (US88160R1014)",,USD,"-2673,87",USD,"-0,01",
25-08-2022,10:22,25-08-2022,TESLA INC,US88160R1014,"STOCK SPLIT: Venta 3 Tesla Inc@891,29 USD (US88160R1014)",,USD,"2673,87",USD,"2673,87",
17-08-2022,17:03,17-08-2022,,,"Transferir a su Cuenta de Efectivo en flatexDEGIRO Bank: 1,31 EUR",,,,EUR,"9,07",
17-08-2022,17:03,17-08-2022,FLATEX EURO BANKACCOUNT,NLFLATEXACNT,Degiro Cash Sweep Transfer,,EUR,"-1,31",EUR,"7,76",
17-08-2022,07:32,16-08-2022,,,Ingreso Cambio de Divisa,,EUR,"1,31",EUR,"9,07",
17-08-2022,07:32,16-08-2022,,,Retirada Cambio de Divisa,"1,0196",USD,"-1,34",USD,"0,00",
16-08-2022,08:37,15-08-2022,,,Comisión por Acción Corporativa,,USD,"-0,05",USD,"1,34",
16-08-2022,08:37,15-08-2022,REALTY INCOME CORP,US7561091049,Dividendo,,USD,"0,74",USD,"1,39",
16-08-2022,08:37,15-08-2022,REALTY INCOME CORP,US7561091049,Retención del dividendo,,USD,"-0,22",USD,"0,65",
16-08-2022,07:44,15-08-2022,,,Comisión por Acción Corporativa,,USD,"-0,10",USD,"0,87",
16-08-2022,07:43,15-08-2022,EPR PROPERTIES,US26884U1097,Dividendo,,USD,"1,38",USD,"0,97",
16-08-2022,07:43,15-08-2022,EPR PROPERTIES,US26884U1097,Retención del dividendo,,USD,"-0,41",USD,"-0,41",
12-08-2022,17:18,12-08-2022,,,"Transferir a su Cuenta de Efectivo en flatexDEGIRO Bank: 2,33 EUR",,,,EUR,"7,76",
12-08-2022,17:18,12-08-2022,FLATEX EURO BANKACCOUNT,NLFLATEXACNT,Degiro Cash Sweep Transfer,,EUR,"-2,33",EUR,"5,43",
12-08-2022,07:36,11-08-2022,,,Ingreso Cambio de Divisa,,EUR,"2,33",EUR,"7,76",
12-08-2022,07:36,11-08-2022,,,Retirada Cambio de Divisa,"1,0346",USD,"-2,41",USD,"0,00",
11-08-2022,10:47,11-08-2022,APPLE INC,US0378331005,Dividendo,,USD,"3,45",USD,"2,41",
11-08-2022,10:47,11-08-2022,APPLE INC,US0378331005,Retención del dividendo,,USD,"-1,04",USD,"-1,04",
02-08-2022,17:18,02-08-2022,,,"Transferir a su Cuenta de Efectivo en flatexDEGIRO Bank: 0,57 EUR",,,,EUR,"5,43",
02-08-2022,17:18,02-08-2022,FLATEX EURO BANKACCOUNT,NLFLATEXACNT,Degiro Cash Sweep Transfer,,EUR,"-0,57",EUR,"4,86",
02-08-2022,07:34,01-08-2022,,,Ingreso Cambio de Divisa,,EUR,"0,57",EUR,"5,43",
02-08-2022,07:34,01-08-2022,,,Retirada Cambio de Divisa,"1,0288",USD,"-0,59",USD,"0,00",
01-08-2022,07:07,29-07-2022,,,Comisión por Acción Corporativa,,USD,"-0,07",USD,"0,59",
01-08-2022,07:06,29-07-2022,LTC PROPERTIES INC,US5021751020,Dividendo,,USD,"0,95",USD,"0,66",
01-08-2022,07:06,29-07-2022,LTC PROPERTIES INC,US5021751020,Retención del dividendo,,USD,"-0,29",USD,"-0,29",
19-07-2022,17:03,19-07-2022,,,"Transferir a su Cuenta de Efectivo en flatexDEGIRO Bank: 1,32 EUR",,,,EUR,"4,86",
19-07-2022,17:03,19-07-2022,FLATEX EURO BANKACCOUNT,NLFLATEXACNT,Degiro Cash Sweep Transfer,,EUR,"-1,32",EUR,"3,54",
19-07-2022,07:36,18-07-2022,,,Ingreso Cambio de Divisa,,EUR,"1,32",EUR,"4,86",
19-07-2022,07:36,18-07-2022,,,Retirada Cambio de Divisa,"1,0169",USD,"-1,34",USD,"0,00",
18-07-2022,08:37,15-07-2022,,,Comisión por Acción Corporativa,,USD,"-0,05",USD,"1,34",
18-07-2022,08:36,15-07-2022,REALTY INCOME CORP,US7561091049,Dividendo,,USD,"0,74",USD,"1,39",
18-07-2022,08:36,15-07-2022,REALTY INCOME CORP,US7561091049,Retención del dividendo,,USD,"-0,22",USD,"0,65",
18-07-2022,08:00,15-07-2022,,,Comisión por Acción Corporativa,,USD,"-0,10",USD,"0,87",
18-07-2022,08:00,15-07-2022,EPR PROPERTIES,US26884U1097,Dividendo,,USD,"1,38",USD,"0,97",
18-07-2022,08:00,15-07-2022,EPR PROPERTIES,US26884U1097,Retención del dividendo,,USD,"-0,41",USD,"-0,41",
05-07-2022,17:18,05-07-2022,,,"Transferir a su Cuenta de Efectivo en flatexDEGIRO Bank: 0,06 EUR",,,,EUR,"3,54",
05-07-2022,17:18,05-07-2022,FLATEX EURO BANKACCOUNT,NLFLATEXACNT,Degiro Cash Sweep Transfer,,EUR,"-0,06",EUR,"3,48",
05-07-2022,07:35,04-07-2022,,,Ingreso Cambio de Divisa,,EUR,"0,06",EUR,"3,54",
05-07-2022,07:35,04-07-2022,,,Retirada Cambio de Divisa,"1,0449",USD,"-0,06",USD,"0,00",
04-07-2022,17:18,04-07-2022,,,"Transferir a su Cuenta de Efectivo en flatexDEGIRO Bank: 0,56 EUR",,,,EUR,"3,48",
04-07-2022,17:18,04-07-2022,FLATEX EURO BANKACCOUNT,NLFLATEXACNT,Degiro Cash Sweep Transfer,,EUR,"-0,56",EUR,"2,92",
04-07-2022,07:37,01-07-2022,NVIDIA CORP,US67066G1040,Dividendo,,USD,"0,08",USD,"0,06",
04-07-2022,07:37,01-07-2022,NVIDIA CORP,US67066G1040,Retención del dividendo,,USD,"-0,02",USD,"-0,02",
02-07-2022,07:34,01-07-2022,,,Ingreso Cambio de Divisa,,EUR,"0,56",EUR,"3,48",
02-07-2022,07:34,01-07-2022,,,Retirada Cambio de Divisa,"1,0454",USD,"-0,59",USD,"0,00",
02-07-2022,05:20,30-06-2022,,,Flatex Interest,,EUR,"-0,19",EUR,"2,92",
01-07-2022,07:47,30-06-2022,,,Comisión por Acción Corporativa,,USD,"-0,07",USD,"0,59",
01-07-2022,07:47,30-06-2022,LTC PROPERTIES INC,US5021751020,Dividendo,,USD,"0,95",USD,"0,66",
01-07-2022,07:47,30-06-2022,LTC PROPERTIES INC,US5021751020,Retención del dividendo,,USD,"-0,29",USD,"-0,29",
17-06-2022,17:33,17-06-2022,,,"Transferir a su Cuenta de Efectivo en flatexDEGIRO Bank: 0,54 EUR",,,,EUR,"3,11",
17-06-2022,17:33,17-06-2022,FLATEX EURO BANKACCOUNT,NLFLATEXACNT,Degiro Cash Sweep Transfer,,EUR,"-0,54",EUR,"2,57",
17-06-2022,07:36,16-06-2022,,,Ingreso Cambio de Divisa,,EUR,"0,54",EUR,"3,11",
17-06-2022,07:36,16-06-2022,,,Retirada Cambio de Divisa,"1,0579",USD,"-0,57",USD,"0,00",
16-06-2022,16:48,16-06-2022,,,Transferir a su Cuenta de Efectivo en flatexDEGIRO Bank: 1 EUR,,,,EUR,"2,57",
16-06-2022,16:48,16-06-2022,FLATEX EURO BANKACCOUNT,NLFLATEXACNT,Degiro Cash Sweep Transfer,,EUR,"-1,00",EUR,"1,57",
16-06-2022,09:11,15-06-2022,,,Comisión por Acción Corporativa,,USD,"-0,06",USD,"0,57",
16-06-2022,09:10,15-06-2022,REALTY INCOME CORP,US7561091049,Dividendo,,USD,"0,74",USD,"0,63",
16-06-2022,09:10,15-06-2022,REALTY INCOME CORP,US7561091049,Retención del dividendo,,USD,"-0,11",USD,"-0,11",
16-06-2022,07:32,15-06-2022,,,Ingreso Cambio de Divisa,,EUR,"1,00",EUR,"2,57",
16-06-2022,07:32,15-06-2022,,,Retirada Cambio de Divisa,"1,0472",USD,"-1,05",USD,"0,00",
16-06-2022,05:43,15-06-2022,,,Comisión por Acción Corporativa,,USD,"-0,12",USD,"1,05",
16-06-2022,05:43,15-06-2022,EPR PROPERTIES,US26884U1097,Dividendo,,USD,"1,38",USD,"1,17",
16-06-2022,05:43,15-06-2022,EPR PROPERTIES,US26884U1097,Retención del dividendo,,USD,"-0,21",USD,"-0,21",
10-06-2022,17:03,10-06-2022,,,"Transferir a su Cuenta de Efectivo en flatexDEGIRO Bank: 0,5 EUR",,,,EUR,"1,57",
10-06-2022,17:03,10-06-2022,FLATEX EURO BANKACCOUNT,NLFLATEXACNT,Degiro Cash Sweep Transfer,,EUR,"-0,50",EUR,"1,07",
10-06-2022,07:39,09-06-2022,,,Ingreso Cambio de Divisa,,EUR,"0,50",EUR,"1,57",
10-06-2022,07:39,09-06-2022,,,Retirada Cambio de Divisa,"1,0643",USD,"-0,53",USD,"0,00",
09-06-2022,09:44,09-06-2022,MICROSOFT CORP,US5949181045,Dividendo,,USD,"0,62",USD,"0,53",
09-06-2022,09:44,09-06-2022,MICROSOFT CORP,US5949181045,Retención del dividendo,,USD,"-0,09",USD,"-0,09",
06-06-2022,20:40,07-06-2022,,,Processed Flatex Withdrawal,,EUR,"940,00",EUR,"1,07",
06-06-2022,20:40,07-06-2022,,,flatex Withdrawal,,EUR,"-940,00",EUR,"-938,93",
06-06-2022,14:28,06-06-2022,,,Processed Flatex Withdrawal,,EUR,"-940,00",EUR,"1,07",
02-06-2022,16:48,02-06-2022,,,"Transferir a su Cuenta de Efectivo en flatexDEGIRO Bank: 0,68 EUR",,,,EUR,"941,07",
02-06-2022,16:48,02-06-2022,FLATEX EURO BANKACCOUNT,NLFLATEXACNT,Degiro Cash Sweep Transfer,,EUR,"-0,68",EUR,"940,39",
02-06-2022,07:36,01-06-2022,,,Ingreso Cambio de Divisa,,EUR,"0,68",EUR,"941,07",
02-06-2022,07:36,01-06-2022,,,Retirada Cambio de Divisa,"1,0680",USD,"-0,73",USD,"0,00",
01-06-2022,07:38,31-05-2022,,,Comisión por Acción Corporativa,,USD,"-0,08",USD,"0,73",
01-06-2022,07:38,31-05-2022,LTC PROPERTIES INC,US5021751020,Dividendo,,USD,"0,95",USD,"0,81",
01-06-2022,07:38,31-05-2022,LTC PROPERTIES INC,US5021751020,Retención del dividendo,,USD,"-0,14",USD,"-0,14",
27-05-2022,12:32,26-05-2022,,,"Transferir a su Cuenta de Efectivo en flatexDEGIRO Bank: 932,33 EUR",,,,EUR,"940,39",
27-05-2022,12:32,26-05-2022,FLATEX EURO BANKACCOUNT,NLFLATEXACNT,Degiro Cash Sweep Transfer,,EUR,"-932,33",EUR,"8,06",
26-05-2022,21:25,26-05-2022,APPLE INC,US0378331005,Retirada Cambio de Divisa,"1,0746",USD,"-1002,40",USD,"0,00",f6dd012d-5c73-4414-ba65-affb1aeb4aaf
26-05-2022,21:25,26-05-2022,APPLE INC,US0378331005,Ingreso Cambio de Divisa,,EUR,"932,83",EUR,"940,39",f6dd012d-5c73-4414-ba65-affb1aeb4aaf
26-05-2022,21:25,26-05-2022,APPLE INC,US0378331005,Costes de transacción y/o externos de DEGIRO,,EUR,"-0,50",EUR,"7,56",f6dd012d-5c73-4414-ba65-affb1aeb4aaf
26-05-2022,21:25,26-05-2022,APPLE INC,US0378331005,"Venta 7 Apple Inc@143,2 USD (US0378331005)",,USD,"1002,40",USD,"1002,40",f6dd012d-5c73-4414-ba65-affb1aeb4aaf
18-05-2022,16:47,18-05-2022,,,"Transferir a su Cuenta de Efectivo en flatexDEGIRO Bank: 0,99 EUR",,,,EUR,"8,06",
18-05-2022,16:47,18-05-2022,FLATEX EURO BANKACCOUNT,NLFLATEXACNT,Degiro Cash Sweep Transfer,,EUR,"-0,99",EUR,"7,07",
18-05-2022,07:35,17-05-2022,,,Ingreso Cambio de Divisa,,EUR,"0,99",EUR,"8,06",
18-05-2022,07:35,17-05-2022,,,Retirada Cambio de Divisa,"1,0577",USD,"-1,05",USD,"0,00",
17-05-2022,18:02,17-05-2022,,,"Transferir a su Cuenta de Efectivo en flatexDEGIRO Bank: 0,54 EUR",,,,EUR,"7,07",
17-05-2022,18:02,17-05-2022,FLATEX EURO BANKACCOUNT,NLFLATEXACNT,Degiro Cash Sweep Transfer,,EUR,"-0,54",EUR,"6,53",
17-05-2022,07:36,16-05-2022,,,Ingreso Cambio de Divisa,,EUR,"0,54",EUR,"7,07",
17-05-2022,07:36,16-05-2022,,,Retirada Cambio de Divisa,"1,0460",USD,"-0,57",USD,"1,05",
17-05-2022,06:36,16-05-2022,,,Comisión por Acción Corporativa,,USD,"-0,12",USD,"1,62",
17-05-2022,06:36,16-05-2022,EPR PROPERTIES,US26884U1097,Dividendo,,USD,"1,38",USD,"1,74",
17-05-2022,06:36,16-05-2022,EPR PROPERTIES,US26884U1097,Retención del dividendo,,USD,"-0,21",USD,"0,36",
16-05-2022,07:38,13-05-2022,,,Comisión por Acción Corporativa,,USD,"-0,06",USD,"0,57",
16-05-2022,07:38,13-05-2022,REALTY INCOME CORP,US7561091049,Dividendo,,USD,"0,74",USD,"0,63",
16-05-2022,07:38,13-05-2022,REALTY INCOME CORP,US7561091049,Retención del dividendo,,USD,"-0,11",USD,"-0,11",
13-05-2022,18:18,13-05-2022,,,"Transferir a su Cuenta de Efectivo en flatexDEGIRO Bank: 4,13 EUR",,,,EUR,"6,53",
13-05-2022,18:18,13-05-2022,FLATEX EURO BANKACCOUNT,NLFLATEXACNT,Degiro Cash Sweep Transfer,,EUR,"-4,13",EUR,"2,40",
13-05-2022,07:40,12-05-2022,,,Ingreso Cambio de Divisa,,EUR,"4,13",EUR,"6,53",
13-05-2022,07:40,12-05-2022,,,Retirada Cambio de Divisa,"1,0406",USD,"-4,30",USD,"0,00",
12-05-2022,10:34,12-05-2022,APPLE INC,US0378331005,Dividendo,,USD,"5,06",USD,"4,30",
12-05-2022,10:34,12-05-2022,APPLE INC,US0378331005,Retención del dividendo,,USD,"-0,76",USD,"-0,76",
03-05-2022,18:48,03-05-2022,,,"Transferir a su Cuenta de Efectivo en flatexDEGIRO Bank: 0,69 EUR",,,,EUR,"2,40",
03-05-2022,18:48,03-05-2022,FLATEX EURO BANKACCOUNT,NLFLATEXACNT,Degiro Cash Sweep Transfer,,EUR,"-0,69",EUR,"1,71",
03-05-2022,08:17,02-05-2022,,,Ingreso Cambio de Divisa,,EUR,"0,69",EUR,"2,40",
03-05-2022,08:17,02-05-2022,,,Retirada Cambio de Divisa,"1,0534",USD,"-0,73",USD,"0,00",
02-05-2022,07:33,29-04-2022,,,Comisión por Acción Corporativa,,USD,"-0,08",USD,"0,73",
02-05-2022,07:32,29-04-2022,LTC PROPERTIES INC,US5021751020,Dividendo,,USD,"0,95",USD,"0,81",
02-05-2022,07:32,29-04-2022,LTC PROPERTIES INC,US5021751020,Retención del dividendo,,USD,"-0,14",USD,"-0,14",
22-04-2022,16:47,22-04-2022,,,"Transferir a su Cuenta de Efectivo en flatexDEGIRO Bank: 1,49 EUR",,,,EUR,"1,71",
22-04-2022,16:47,22-04-2022,FLATEX EURO BANKACCOUNT,NLFLATEXACNT,Degiro Cash Sweep Transfer,,EUR,"-1,49",EUR,"0,22",
22-04-2022,07:35,21-04-2022,,,Ingreso Cambio de Divisa,,EUR,"1,49",EUR,"1,71",
22-04-2022,07:35,21-04-2022,,,Retirada Cambio de Divisa,"1,0860",USD,"-1,62",USD,"0,00",
21-04-2022,11:20,15-04-2022,,,Comisión por Acción Corporativa,,USD,"-0,06",USD,"1,62",
21-04-2022,11:20,15-04-2022,REALTY INCOME CORP,US7561091049,Dividendo,,USD,"0,74",USD,"1,68",
21-04-2022,11:20,15-04-2022,REALTY INCOME CORP,US7561091049,Retención del dividendo,,USD,"-0,11",USD,"0,94",
21-04-2022,09:43,18-04-2022,,,Comisión por Acción Corporativa,,USD,"-0,12",USD,"1,05",
21-04-2022,09:43,18-04-2022,EPR PROPERTIES,US26884U1097,Dividendo,,USD,"1,38",USD,"1,17",
21-04-2022,09:43,18-04-2022,EPR PROPERTIES,US26884U1097,Retención del dividendo,,USD,"-0,21",USD,"-0,21",
04-04-2022,19:03,04-04-2022,,,"Transferir a su Cuenta de Efectivo en flatexDEGIRO Bank: 0,65 EUR",,,,EUR,"0,22",
04-04-2022,19:03,04-04-2022,FLATEX EURO BANKACCOUNT,NLFLATEXACNT,Degiro Cash Sweep Transfer,,EUR,"-0,65",EUR,"-0,43",
04-04-2022,18:22,05-04-2022,,,Processed Flatex Withdrawal,,EUR,"713,00",EUR,"0,22",
04-04-2022,18:22,05-04-2022,,,flatex Withdrawal,,EUR,"-713,00",EUR,"-712,78",
04-04-2022,12:57,04-04-2022,,,Processed Flatex Withdrawal,,EUR,"-713,00",EUR,"0,22",
02-04-2022,15:10,31-03-2022,,,Flatex Interest,,EUR,"-0,81",EUR,"713,22",
02-04-2022,07:35,01-04-2022,,,Ingreso Cambio de Divisa,,EUR,"0,65",EUR,"714,03",
02-04-2022,07:35,01-04-2022,,,Retirada Cambio de Divisa,"1,1076",USD,"-0,73",USD,"0,00",
01-04-2022,07:55,31-03-2022,,,Comisión por Acción Corporativa,,USD,"-0,08",USD,"0,73",
01-04-2022,07:55,31-03-2022,LTC PROPERTIES INC,US5021751020,Dividendo,,USD,"0,95",USD,"0,81",
01-04-2022,07:55,31-03-2022,LTC PROPERTIES INC,US5021751020,Retención del dividendo,,USD,"-0,14",USD,"-0,14",
28-03-2022,17:02,28-03-2022,,,"Transferir a su Cuenta de Efectivo en flatexDEGIRO Bank: 0,05 EUR",,,,EUR,"713,38",
28-03-2022,17:02,28-03-2022,FLATEX EURO BANKACCOUNT,NLFLATEXACNT,Degiro Cash Sweep Transfer,,EUR,"-0,05",EUR,"713,33",
26-03-2022,07:35,25-03-2022,,,Ingreso Cambio de Divisa,,EUR,"0,05",EUR,"713,38",
26-03-2022,07:35,25-03-2022,,,Retirada Cambio de Divisa,"1,1010",USD,"-0,06",USD,"0,00",
25-03-2022,08:44,24-03-2022,,,Comisión por Acción Corporativa,,USD,"-0,01",USD,"0,06",
25-03-2022,08:43,24-03-2022,NVIDIA CORP,US67066G1040,Dividendo,,USD,"0,08",USD,"0,07",
25-03-2022,08:43,24-03-2022,NVIDIA CORP,US67066G1040,Retención del dividendo,,USD,"-0,01",USD,"-0,01",
17-03-2022,16:32,17-03-2022,,,"Transferir a su Cuenta de Efectivo en flatexDEGIRO Bank: 1,37 EUR",,,,EUR,"713,33",
17-03-2022,16:32,17-03-2022,FLATEX EURO BANKACCOUNT,NLFLATEXACNT,Degiro Cash Sweep Transfer,,EUR,"-1,37",EUR,"711,96",
17-03-2022,07:35,16-03-2022,,,Ingreso Cambio de Divisa,,EUR,"1,37",EUR,"713,33",
17-03-2022,07:35,16-03-2022,,,Retirada Cambio de Divisa,"1,1063",USD,"-1,52",USD,"0,00",
16-03-2022,10:46,15-03-2022,,,Comisión por Acción Corporativa,,USD,"-0,06",USD,"1,52",
16-03-2022,10:45,15-03-2022,REALTY INCOME CORP,US7561091049,Dividendo,,USD,"0,74",USD,"1,58",
16-03-2022,10:45,15-03-2022,REALTY INCOME CORP,US7561091049,Retención del dividendo,,USD,"-0,11",USD,"0,84",
16-03-2022,07:19,15-03-2022,,,Comisión por Acción Corporativa,,USD,"-0,11",USD,"0,95",
16-03-2022,07:19,15-03-2022,EPR PROPERTIES,US26884U1097,Dividendo,,USD,"1,25",USD,"1,06",
16-03-2022,07:19,15-03-2022,EPR PROPERTIES,US26884U1097,Retención del dividendo,,USD,"-0,19",USD,"-0,19",
14-03-2022,17:32,14-03-2022,,,"Transferir a su Cuenta de Efectivo en flatexDEGIRO Bank: 0,48 EUR",,,,EUR,"711,96",
14-03-2022,17:32,14-03-2022,FLATEX EURO BANKACCOUNT,NLFLATEXACNT,Degiro Cash Sweep Transfer,,EUR,"-0,48",EUR,"711,48",
12-03-2022,07:40,11-03-2022,,,Ingreso Cambio de Divisa,,EUR,"0,48",EUR,"711,96",
12-03-2022,07:40,11-03-2022,,,Retirada Cambio de Divisa,"1,0940",USD,"-0,53",USD,"0,00",
11-03-2022,09:50,10-03-2022,MICROSOFT CORP,US5949181045,Dividendo,,USD,"0,62",USD,"0,53",
11-03-2022,09:50,10-03-2022,MICROSOFT CORP,US5949181045,Retención del dividendo,,USD,"-0,09",USD,"-0,09",
07-03-2022,09:10,07-03-2022,,,flatex Deposit,,EUR,"200,00",EUR,"711,48",
02-03-2022,17:48,02-03-2022,,,"Transferir a su Cuenta de Efectivo en flatexDEGIRO Bank: 0,65 EUR",,,,EUR,"511,48",
02-03-2022,17:48,02-03-2022,FLATEX EURO BANKACCOUNT,NLFLATEXACNT,Degiro Cash Sweep Transfer,,EUR,"-0,65",EUR,"510,83",
02-03-2022,07:35,01-03-2022,,,Ingreso Cambio de Divisa,,EUR,"0,65",EUR,"511,48",
02-03-2022,07:35,01-03-2022,,,Retirada Cambio de Divisa,"1,1151",USD,"-0,73",USD,"0,00",
01-03-2022,07:34,28-02-2022,,,Comisión por Acción Corporativa,,USD,"-0,08",USD,"0,73",
01-03-2022,07:34,28-02-2022,LTC PROPERTIES INC,US5021751020,Dividendo,,USD,"0,95",USD,"0,81",
01-03-2022,07:34,28-02-2022,LTC PROPERTIES INC,US5021751020,Retención del dividendo,,USD,"-0,14",USD,"-0,14",
17-02-2022,17:47,17-02-2022,,,"Transferir a su Cuenta de Efectivo en flatexDEGIRO Bank: 0,49 EUR",,,,EUR,"510,83",
17-02-2022,17:47,17-02-2022,FLATEX EURO BANKACCOUNT,NLFLATEXACNT,Degiro Cash Sweep Transfer,,EUR,"-0,49",EUR,"510,34",
17-02-2022,07:38,16-02-2022,,,Ingreso Cambio de Divisa,,EUR,"0,49",EUR,"510,83",
17-02-2022,07:38,16-02-2022,,,Retirada Cambio de Divisa,"1,1401",USD,"-0,57",USD,"0,00",
16-02-2022,16:47,16-02-2022,,,"Transferir a su Cuenta de Efectivo en flatexDEGIRO Bank: 0,83 EUR",,,,EUR,"510,34",
16-02-2022,16:47,16-02-2022,FLATEX EURO BANKACCOUNT,NLFLATEXACNT,Degiro Cash Sweep Transfer,,EUR,"-0,83",EUR,"509,51",
16-02-2022,09:26,15-02-2022,,,Comisión por Acción Corporativa,,USD,"-0,06",USD,"0,57",
16-02-2022,09:26,15-02-2022,REALTY INCOME CORP,US7561091049,Dividendo,,USD,"0,74",USD,"0,63",
16-02-2022,09:26,15-02-2022,REALTY INCOME CORP,US7561091049,Retención del dividendo,,USD,"-0,11",USD,"-0,11",
16-02-2022,07:35,15-02-2022,,,Ingreso Cambio de Divisa,,EUR,"0,83",EUR,"510,34",
16-02-2022,07:35,15-02-2022,,,Retirada Cambio de Divisa,"1,1387",USD,"-0,95",USD,"0,00",
16-02-2022,04:05,15-02-2022,,,Comisión por Acción Corporativa,,USD,"-0,11",USD,"0,95",
16-02-2022,04:04,15-02-2022,EPR PROPERTIES,US26884U1097,Dividendo,,USD,"1,25",USD,"1,06",
16-02-2022,04:04,15-02-2022,EPR PROPERTIES,US26884U1097,Retención del dividendo,,USD,"-0,19",USD,"-0,19",
14-02-2022,17:47,14-02-2022,,,"Transferir a su Cuenta de Efectivo en flatexDEGIRO Bank: 3,61 EUR",,,,EUR,"509,51",
14-02-2022,17:47,14-02-2022,FLATEX EURO BANKACCOUNT,NLFLATEXACNT,Degiro Cash Sweep Transfer,,EUR,"-3,61",EUR,"505,90",
12-02-2022,08:10,11-02-2022,,,Ingreso Cambio de Divisa,,EUR,"3,61",EUR,"509,51",
12-02-2022,08:10,11-02-2022,,,Retirada Cambio de Divisa,"1,1378",USD,"-4,11",USD,"0,00",
11-02-2022,07:38,10-02-2022,APPLE INC,US0378331005,Dividendo,,USD,"4,84",USD,"4,11",
11-02-2022,07:38,10-02-2022,APPLE INC,US0378331005,Retención del dividendo,,USD,"-0,73",USD,"-0,73",
04-02-2022,16:47,04-02-2022,,,Transferir a su Cuenta de Efectivo en flatexDEGIRO Bank: 1 EUR,,,,EUR,"505,90",
04-02-2022,16:47,04-02-2022,FLATEX EURO BANKACCOUNT,NLFLATEXACNT,Degiro Cash Sweep Transfer,,EUR,"-1,00",EUR,"504,90",
04-02-2022,10:16,03-02-2022,,,Transferir desde su Cuenta de Efectivo en flatexDEGIRO Bank: 5 EUR,,,,EUR,"505,90",
04-02-2022,10:16,03-02-2022,FLATEX EURO BANKACCOUNT,NLFLATEXACNT,Degiro Cash Sweep Transfer,,EUR,"5,00",EUR,"510,90",
04-02-2022,09:38,04-02-2022,,,Ingreso,,EUR,"1,00",EUR,"505,90",
03-02-2022,10:00,31-01-2022,,,Comisión de conectividad con el mercado 2022 (New York Stock Exchange - NSY),,EUR,"-2,50",EUR,"504,90",
03-02-2022,10:00,31-01-2022,,,Comisión de conectividad con el mercado 2022 (Nasdaq - NDQ),,EUR,"-2,50",EUR,"507,40",
02-02-2022,17:17,02-02-2022,,,"Transferir a su Cuenta de Efectivo en flatexDEGIRO Bank: 0,64 EUR",,,,EUR,"509,90",
02-02-2022,17:17,02-02-2022,FLATEX EURO BANKACCOUNT,NLFLATEXACNT,Degiro Cash Sweep Transfer,,EUR,"-0,64",EUR,"509,26",
02-02-2022,07:41,01-02-2022,,,Ingreso Cambio de Divisa,,EUR,"0,64",EUR,"509,90",
02-02-2022,07:41,01-02-2022,,,Retirada Cambio de Divisa,"1,1302",USD,"-0,73",USD,"0,00",
01-02-2022,07:21,31-01-2022,,,Comisión por Acción Corporativa,,USD,"-0,08",USD,"0,73",
01-02-2022,07:21,31-01-2022,LTC PROPERTIES INC,US5021751020,Dividendo,,USD,"0,95",USD,"0,81",
01-02-2022,07:21,31-01-2022,LTC PROPERTIES INC,US5021751020,Retención del dividendo,,USD,"-0,14",USD,"-0,14",
31-01-2022,10:02,28-01-2022,,,"Transferir desde su Cuenta de Efectivo en flatexDEGIRO Bank: 243,46 EUR",,,,EUR,"509,26",
31-01-2022,10:02,28-01-2022,FLATEX EURO BANKACCOUNT,NLFLATEXACNT,Degiro Cash Sweep Transfer,,EUR,"243,46",EUR,"752,72",
28-01-2022,15:31,28-01-2022,WALT DISNEY CO,US2546871060,Ingreso Cambio de Divisa,"1,1125",USD,"270,30",USD,"0,00",2c9eb4ad-f035-4fc3-9fb9-2b6b58ec691b
28-01-2022,15:31,28-01-2022,WALT DISNEY CO,US2546871060,Retirada Cambio de Divisa,,EUR,"-242,96",EUR,"509,26",2c9eb4ad-f035-4fc3-9fb9-2b6b58ec691b
28-01-2022,15:31,28-01-2022,WALT DISNEY CO,US2546871060,Costes de transacción y/o externos de DEGIRO,,EUR,"-0,50",EUR,"752,22",2c9eb4ad-f035-4fc3-9fb9-2b6b58ec691b
28-01-2022,15:31,28-01-2022,WALT DISNEY CO,US2546871060,"Compra 2 Walt Disney Co@135,15 USD (US2546871060)",,USD,"-270,30",USD,"-270,30",2c9eb4ad-f035-4fc3-9fb9-2b6b58ec691b
19-01-2022,16:32,19-01-2022,,,"Transferir a su Cuenta de Efectivo en flatexDEGIRO Bank: 0,83 EUR",,,,EUR,"752,72",
19-01-2022,16:32,19-01-2022,FLATEX EURO BANKACCOUNT,NLFLATEXACNT,Degiro Cash Sweep Transfer,,EUR,"-0,83",EUR,"751,89",
19-01-2022,07:36,18-01-2022,,,Ingreso Cambio de Divisa,,EUR,"0,83",EUR,"752,72",
19-01-2022,07:36,18-01-2022,,,Retirada Cambio de Divisa,"1,1356",USD,"-0,95",USD,"0,00",
19-01-2022,05:01,18-01-2022,,,Comisión por Acción Corporativa,,USD,"-0,11",USD,"0,95",
19-01-2022,05:01,18-01-2022,EPR PROPERTIES,US26884U1097,Dividendo,,USD,"1,25",USD,"1,06",
19-01-2022,05:01,18-01-2022,EPR PROPERTIES,US26884U1097,Retención del dividendo,,USD,"-0,19",USD,"-0,19",
18-01-2022,16:47,18-01-2022,,,"Transferir a su Cuenta de Efectivo en flatexDEGIRO Bank: 0,49 EUR",,,,EUR,"751,89",
18-01-2022,16:47,18-01-2022,FLATEX EURO BANKACCOUNT,NLFLATEXACNT,Degiro Cash Sweep Transfer,,EUR,"-0,49",EUR,"751,40",
18-01-2022,07:34,17-01-2022,,,Ingreso Cambio de Divisa,,EUR,"0,49",EUR,"751,89",
18-01-2022,07:34,17-01-2022,,,Retirada Cambio de Divisa,"1,1435",USD,"-0,57",USD,"0,00",
17-01-2022,08:09,14-01-2022,,,Comisión por Acción Corporativa,,USD,"-0,06",USD,"0,57",
17-01-2022,08:08,14-01-2022,REALTY INCOME CORP,US7561091049,Dividendo,,USD,"0,74",USD,"0,63",
17-01-2022,08:08,14-01-2022,REALTY INCOME CORP,US7561091049,Retención del dividendo,,USD,"-0,11",USD,"-0,11",
05-01-2022,11:53,04-01-2022,,,"Transferir a su Cuenta de Efectivo en flatexDEGIRO Bank: 0,64 EUR",,,,EUR,"751,40",
05-01-2022,11:53,04-01-2022,FLATEX EURO BANKACCOUNT,NLFLATEXACNT,Degiro Cash Sweep Transfer,,EUR,"-0,64",EUR,"750,76",
04-01-2022,07:41,03-01-2022,,,Ingreso Cambio de Divisa,,EUR,"0,64",EUR,"751,40",
04-01-2022,07:41,03-01-2022,,,Retirada Cambio de Divisa,"1,1325",USD,"-0,73",USD,"0,00",
03-01-2022,08:54,31-12-2021,,,Comisión por Acción Corporativa,,USD,"-0,08",USD,"0,73",
03-01-2022,08:54,31-12-2021,LTC PROPERTIES INC,US5021751020,Dividendo,,USD,"0,95",USD,"0,81",
03-01-2022,08:54,31-12-2021,LTC PROPERTIES INC,US5021751020,Retención del dividendo,,USD,"-0,14",USD,"-0,14",
30-12-2021,19:50,31-12-2021,,,Flatex Interest,,EUR,"-0,99",EUR,"750,76",
27-12-2021,16:32,27-12-2021,,,"Transferir a su Cuenta de Efectivo en flatexDEGIRO Bank: 0,07 EUR",,,,EUR,"751,75",
27-12-2021,16:32,27-12-2021,FLATEX EURO BANKACCOUNT,NLFLATEXACNT,Degiro Cash Sweep Transfer,,EUR,"-0,07",EUR,"751,68",
25-12-2021,07:36,24-12-2021,,,Ingreso Cambio de Divisa,,EUR,"0,07",EUR,"751,75",
25-12-2021,07:36,24-12-2021,,,Retirada Cambio de Divisa,"1,1348",USD,"-0,08",USD,"0,00",
24-12-2021,07:58,23-12-2021,NVIDIA CORP,US67066G1040,Dividendo,,USD,"0,08",USD,"0,08",
24-12-2021,07:58,23-12-2021,NVIDIA CORP,US67066G1040,Retención del dividendo,,USD,"-0,01",USD,"0,00",
14-12-2021,11:16,13-12-2021,,,"Transferir desde su Cuenta de Efectivo en flatexDEGIRO Bank: 852,88 EUR",,,,EUR,"751,68",
14-12-2021,11:16,13-12-2021,FLATEX EURO BANKACCOUNT,NLFLATEXACNT,Degiro Cash Sweep Transfer,,EUR,"852,88",EUR,"1604,56",
13-12-2021,17:57,13-12-2021,TESLA INC,US88160R1014,Ingreso Cambio de Divisa,"1,1284",USD,"962,36",USD,"0,01",cf2af846-d438-4e53-bed6-ac3ffa1f22f0
13-12-2021,17:57,13-12-2021,TESLA INC,US88160R1014,Retirada Cambio de Divisa,,EUR,"-852,88",EUR,"751,68",cf2af846-d438-4e53-bed6-ac3ffa1f22f0
13-12-2021,17:57,13-12-2021,TESLA INC,US88160R1014,"Compra 1 Tesla Inc@962,36 USD (US88160R1014)",,USD,"-962,36",USD,"-962,35",cf2af846-d438-4e53-bed6-ac3ffa1f22f0
06-12-2021,10:46,03-12-2021,,,"Transferir desde su Cuenta de Efectivo en flatexDEGIRO Bank: 1.171,7 EUR",,,,EUR,"1604,56",
06-12-2021,10:46,03-12-2021,FLATEX EURO BANKACCOUNT,NLFLATEXACNT,Degiro Cash Sweep Transfer,,EUR,"1171,70",EUR,"2776,26",
03-12-2021,16:36,03-12-2021,WALT DISNEY CO,US2546871060,Ingreso Cambio de Divisa,"1,1260",USD,"727,80",USD,"0,01",82a66662-8382-4bd5-bc16-6db5534a2c27
03-12-2021,16:36,03-12-2021,WALT DISNEY CO,US2546871060,Retirada Cambio de Divisa,,EUR,"-646,37",EUR,"1604,56",82a66662-8382-4bd5-bc16-6db5534a2c27
03-12-2021,16:36,03-12-2021,WALT DISNEY CO,US2546871060,"Compra 5 Walt Disney Co@145,56 USD (US2546871060)",,USD,"-727,80",USD,"-727,79",82a66662-8382-4bd5-bc16-6db5534a2c27
03-12-2021,16:12,03-12-2021,REALTY INCOME CORP,US7561091049,Ingreso Cambio de Divisa,"1,1271",USD,"202,50",USD,"0,01",7b770631-5ade-45c3-8651-5546b641eccc
03-12-2021,16:12,03-12-2021,REALTY INCOME CORP,US7561091049,Retirada Cambio de Divisa,,EUR,"-179,67",EUR,"2250,93",7b770631-5ade-45c3-8651-5546b641eccc
03-12-2021,16:12,03-12-2021,REALTY INCOME CORP,US7561091049,"Compra 3 Realty Income Corp@67,5 USD (US7561091049)",,USD,"-202,50",USD,"-202,49",7b770631-5ade-45c3-8651-5546b641eccc
03-12-2021,16:11,03-12-2021,LTC PROPERTIES INC,US5021751020,Ingreso Cambio de Divisa,"1,1270",USD,"161,48",USD,"0,01",197be8d5-f47b-4820-ae2b-48f06fac9ea4
03-12-2021,16:11,03-12-2021,LTC PROPERTIES INC,US5021751020,Retirada Cambio de Divisa,,EUR,"-143,28",EUR,"2430,60",197be8d5-f47b-4820-ae2b-48f06fac9ea4
03-12-2021,16:11,03-12-2021,LTC PROPERTIES INC,US5021751020,"Compra 5 LTC Properties Inc@32,295 USD (US5021751020)",,USD,"-161,48",USD,"-161,47",197be8d5-f47b-4820-ae2b-48f06fac9ea4
03-12-2021,16:11,03-12-2021,EPR PROPERTIES,US26884U1097,Ingreso Cambio de Divisa,"1,1271",USD,"228,10",USD,"0,00",3fde4bf3-7130-46b3-8b8e-30faecbb775a
03-12-2021,16:11,03-12-2021,EPR PROPERTIES,US26884U1097,Retirada Cambio de Divisa,,EUR,"-202,38",EUR,"2573,88",3fde4bf3-7130-46b3-8b8e-30faecbb775a
03-12-2021,16:11,03-12-2021,EPR PROPERTIES,US26884U1097,"Compra 5 EPR Properties@45,62 USD (US26884U1097)",,USD,"-228,10",USD,"-228,10",3fde4bf3-7130-46b3-8b8e-30faecbb775a
01-12-2021,08:51,01-12-2021,,,flatex Deposit,,EUR,"2000,00",EUR,"2776,26",
23-11-2021,11:05,22-11-2021,,,"Transferir a su Cuenta de Efectivo en flatexDEGIRO Bank: 678,08 EUR",,,,EUR,"776,26",
23-11-2021,11:05,22-11-2021,FLATEX EURO BANKACCOUNT,NLFLATEXACNT,Degiro Cash Sweep Transfer,,EUR,"-678,08",EUR,"98,18",
22-11-2021,15:36,22-11-2021,PAYPAL HOLDINGS INC,US70450Y1038,Retirada Cambio de Divisa,"1,1251",USD,"-762,92",USD,"0,00",8315186e-2da5-483a-8cbf-17c6310a11b1
22-11-2021,15:36,22-11-2021,PAYPAL HOLDINGS INC,US70450Y1038,Ingreso Cambio de Divisa,,EUR,"678,08",EUR,"776,26",8315186e-2da5-483a-8cbf-17c6310a11b1
22-11-2021,15:36,22-11-2021,PAYPAL HOLDINGS INC,US70450Y1038,"Venta 4 PayPal Holdings Inc@190,73 USD (US70450Y1038)",,USD,"762,92",USD,"762,92",8315186e-2da5-483a-8cbf-17c6310a11b1
19-11-2021,10:16,18-11-2021,,,"Transferir desde su Cuenta de Efectivo en flatexDEGIRO Bank: 300,57 EUR",,,,EUR,"98,18",
19-11-2021,10:16,18-11-2021,FLATEX EURO BANKACCOUNT,NLFLATEXACNT,Degiro Cash Sweep Transfer,,EUR,"300,57",EUR,"398,75",
18-11-2021,19:01,18-11-2021,MICROSOFT CORP,US5949181045,Ingreso Cambio de Divisa,"1,1358",USD,"340,81",USD,"0,00",79ed94ef-98c7-4078-80c2-880e28ffc908
18-11-2021,19:01,18-11-2021,MICROSOFT CORP,US5949181045,Retirada Cambio de Divisa,,EUR,"-300,07",EUR,"98,18",79ed94ef-98c7-4078-80c2-880e28ffc908
18-11-2021,19:01,18-11-2021,MICROSOFT CORP,US5949181045,Costes de transacción y/o externos de DEGIRO,,EUR,"-0,50",EUR,"398,25",79ed94ef-98c7-4078-80c2-880e28ffc908
18-11-2021,19:01,18-11-2021,MICROSOFT CORP,US5949181045,"Compra 1 Microsoft Corp@340,81 USD (US5949181045)",,USD,"-340,81",USD,"-340,81",79ed94ef-98c7-4078-80c2-880e28ffc908
16-11-2021,11:36,15-11-2021,,,"Transferir a su Cuenta de Efectivo en flatexDEGIRO Bank: 3,58 EUR",,,,EUR,"398,75",
16-11-2021,11:36,15-11-2021,FLATEX EURO BANKACCOUNT,NLFLATEXACNT,Degiro Cash Sweep Transfer,,EUR,"-3,58",EUR,"395,17",
13-11-2021,07:36,12-11-2021,,,Ingreso Cambio de Divisa,,EUR,"3,58",EUR,"398,75",
13-11-2021,07:36,12-11-2021,,,Retirada Cambio de Divisa,"1,1454",USD,"-4,11",USD,"0,00",
12-11-2021,07:31,11-11-2021,APPLE INC,US0378331005,Dividendo,,USD,"4,84",USD,"4,11",
12-11-2021,07:31,11-11-2021,APPLE INC,US0378331005,Retención del dividendo,,USD,"-0,73",USD,"-0,73",
11-11-2021,11:32,10-11-2021,,,"Transferir desde su Cuenta de Efectivo en flatexDEGIRO Bank: 1.581,73 EUR",,,,EUR,"395,17",
11-11-2021,11:32,10-11-2021,FLATEX EURO BANKACCOUNT,NLFLATEXACNT,Degiro Cash Sweep Transfer,,EUR,"1581,73",EUR,"1976,90",
10-11-2021,15:30,10-11-2021,TESLA INC,US88160R1014,Ingreso Cambio de Divisa,"1,1551",USD,"1010,03",USD,"0,00",0482f69d-9a41-4112-b3dc-5970582d804d
10-11-2021,15:30,10-11-2021,TESLA INC,US88160R1014,Retirada Cambio de Divisa,,EUR,"-874,38",EUR,"395,17",0482f69d-9a41-4112-b3dc-5970582d804d
10-11-2021,15:30,10-11-2021,TESLA INC,US88160R1014,Costes de transacción y/o externos de DEGIRO,,EUR,"-0,50",EUR,"1269,55",0482f69d-9a41-4112-b3dc-5970582d804d
10-11-2021,15:30,10-11-2021,TESLA INC,US88160R1014,"Compra 1 Tesla Inc@1.010,03 USD (US88160R1014)",,USD,"-1010,03",USD,"-1010,03",0482f69d-9a41-4112-b3dc-5970582d804d
10-11-2021,15:30,10-11-2021,PAYPAL HOLDINGS INC,US70450Y1038,Ingreso Cambio de Divisa,"1,1552",USD,"816,00",USD,"0,00",80b7520a-50a2-41ea-9ad4-7beed191bd3d
10-11-2021,15:30,10-11-2021,PAYPAL HOLDINGS INC,US70450Y1038,Retirada Cambio de Divisa,,EUR,"-706,34",EUR,"1270,05",80b7520a-50a2-41ea-9ad4-7beed191bd3d
10-11-2021,15:30,10-11-2021,PAYPAL HOLDINGS INC,US70450Y1038,Costes de transacción y/o externos de DEGIRO,,EUR,"-0,01",EUR,"1976,39",80b7520a-50a2-41ea-9ad4-7beed191bd3d
10-11-2021,15:30,10-11-2021,PAYPAL HOLDINGS INC,US70450Y1038,Costes de transacción y/o externos de DEGIRO,,EUR,"-0,50",EUR,"1976,40",80b7520a-50a2-41ea-9ad4-7beed191bd3d
10-11-2021,15:30,10-11-2021,PAYPAL HOLDINGS INC,US70450Y1038,Compra 4 PayPal Holdings Inc@204 USD (US70450Y1038),,USD,"-816,00",USD,"-816,00",80b7520a-50a2-41ea-9ad4-7beed191bd3d
10-11-2021,10:47,09-11-2021,,,"Transferir a su Cuenta de Efectivo en flatexDEGIRO Bank: 985,16 EUR",,,,EUR,"1976,90",
10-11-2021,10:47,09-11-2021,FLATEX EURO BANKACCOUNT,NLFLATEXACNT,Degiro Cash Sweep Transfer,,EUR,"-985,16",EUR,"991,74",
09-11-2021,15:47,09-11-2021,TESLA INC,US88160R1014,Retirada Cambio de Divisa,"1,1617",USD,"-1145,00",USD,"0,00",48b3e909-cdf5-456d-8985-048d9b75ab64
09-11-2021,15:47,09-11-2021,TESLA INC,US88160R1014,Ingreso Cambio de Divisa,,EUR,"985,66",EUR,"1976,90",48b3e909-cdf5-456d-8985-048d9b75ab64
09-11-2021,15:47,09-11-2021,TESLA INC,US88160R1014,Costes de transacción y/o externos de DEGIRO,,EUR,"-0,50",EUR,"991,24",48b3e909-cdf5-456d-8985-048d9b75ab64
09-11-2021,15:47,09-11-2021,TESLA INC,US88160R1014,Venta 1 Tesla Inc@1.145 USD (US88160R1014),,USD,"1145,00",USD,"1145,00",48b3e909-cdf5-456d-8985-048d9b75ab64
05-11-2021,10:46,04-11-2021,,,"Transferir desde su Cuenta de Efectivo en flatexDEGIRO Bank: 1.066,45 EUR",,,,EUR,"991,74",
05-11-2021,10:46,04-11-2021,FLATEX EURO BANKACCOUNT,NLFLATEXACNT,Degiro Cash Sweep Transfer,,EUR,"1066,45",EUR,"2058,19",
04-11-2021,20:15,04-11-2021,TESLA INC,US88160R1014,Ingreso Cambio de Divisa,"1,1541",USD,"1230,27",USD,"0,00",0354ce8f-3e7e-4cbc-9045-e54005c664c6
04-11-2021,20:15,04-11-2021,TESLA INC,US88160R1014,Retirada Cambio de Divisa,,EUR,"-1065,95",EUR,"991,74",0354ce8f-3e7e-4cbc-9045-e54005c664c6
04-11-2021,20:15,04-11-2021,TESLA INC,US88160R1014,Costes de transacción y/o externos de DEGIRO,,EUR,"-0,50",EUR,"2057,69",0354ce8f-3e7e-4cbc-9045-e54005c664c6
04-11-2021,20:15,04-11-2021,TESLA INC,US88160R1014,"Compra 1 Tesla Inc@1.230,265 USD (US88160R1014)",,USD,"-1230,26",USD,"-1230,27",0354ce8f-3e7e-4cbc-9045-e54005c664c6
29-10-2021,10:16,28-10-2021,,,"Transferir desde su Cuenta de Efectivo en flatexDEGIRO Bank: 129,25 EUR",,,,EUR,"2058,19",
29-10-2021,10:16,28-10-2021,FLATEX EURO BANKACCOUNT,NLFLATEXACNT,Degiro Cash Sweep Transfer,,EUR,"129,25",EUR,"2187,44",
28-10-2021,15:30,28-10-2021,APPLE INC,US0378331005,Ingreso Cambio de Divisa,"1,1628",USD,"149,72",USD,"0,00",8b33646f-f33a-428c-bece-77c953de8260
28-10-2021,15:30,28-10-2021,APPLE INC,US0378331005,Retirada Cambio de Divisa,,EUR,"-128,75",EUR,"2058,19",8b33646f-f33a-428c-bece-77c953de8260
28-10-2021,15:30,28-10-2021,APPLE INC,US0378331005,Costes de transacción y/o externos de DEGIRO,,EUR,"-0,50",EUR,"2186,94",8b33646f-f33a-428c-bece-77c953de8260
28-10-2021,15:30,28-10-2021,APPLE INC,US0378331005,"Compra 1 Apple Inc@149,72 USD (US0378331005)",,USD,"-149,72",USD,"-149,72",8b33646f-f33a-428c-bece-77c953de8260
28-10-2021,09:00,28-10-2021,,,flatex Deposit,,EUR,"2000,00",EUR,"2187,44",
01-10-2021,15:51,30-09-2021,,,Flatex Interest,,EUR,"-0,78",EUR,"187,44",
28-09-2021,12:03,27-09-2021,,,"Transferir a su Cuenta de Efectivo en flatexDEGIRO Bank: 0,05 EUR",,,,EUR,"188,22",
28-09-2021,12:03,27-09-2021,FLATEX EURO BANKACCOUNT,NLFLATEXACNT,Degiro Cash Sweep Transfer,,EUR,"-0,05",EUR,"188,17",
25-09-2021,07:34,24-09-2021,,,Retirada Cambio de Divisa,,EUR,"0,05",EUR,"188,22",
25-09-2021,07:34,24-09-2021,,,Retirada Cambio de Divisa,"1,1732",USD,"-0,06",USD,"0,00",
24-09-2021,07:43,23-09-2021,,,Comisión por Acción Corporativa,,USD,"-0,01",USD,"0,06",
24-09-2021,07:43,23-09-2021,NVIDIA CORP,US67066G1040,Dividendo,,USD,"0,08",USD,"0,07",
24-09-2021,07:43,23-09-2021,NVIDIA CORP,US67066G1040,Retención del dividendo,,USD,"-0,01",USD,"-0,01",
08-09-2021,11:03,07-09-2021,,,"Transferir desde su Cuenta de Efectivo en flatexDEGIRO Bank: 796,23 EUR",,,,EUR,"188,17",
08-09-2021,11:03,07-09-2021,FLATEX EURO BANKACCOUNT,NLFLATEXACNT,Degiro Cash Sweep Transfer,,EUR,"796,23",EUR,"984,40",
07-09-2021,21:15,07-09-2021,APPLE INC,US0378331005,Ingreso Cambio de Divisa,"1,1833",USD,"941,58",USD,"0,00",982770f5-b242-466c-8dcd-c3deead28ea8
07-09-2021,21:15,07-09-2021,APPLE INC,US0378331005,Retirada Cambio de Divisa,,EUR,"-795,71",EUR,"188,17",982770f5-b242-466c-8dcd-c3deead28ea8
07-09-2021,21:15,07-09-2021,APPLE INC,US0378331005,Costes de transacción y/o externos de DEGIRO,,EUR,"-0,02",EUR,"983,88",982770f5-b242-466c-8dcd-c3deead28ea8
07-09-2021,21:15,07-09-2021,APPLE INC,US0378331005,Costes de transacción y/o externos de DEGIRO,,EUR,"-0,50",EUR,"983,90",982770f5-b242-466c-8dcd-c3deead28ea8
07-09-2021,21:15,07-09-2021,APPLE INC,US0378331005,"Compra 6 Apple Inc@156,93 USD (US0378331005)",,USD,"-941,58",USD,"-941,58",982770f5-b242-466c-8dcd-c3deead28ea8
17-08-2021,11:47,16-08-2021,,,"Transferir a su Cuenta de Efectivo en flatexDEGIRO Bank: 2,13 EUR",,,,EUR,"984,40",
17-08-2021,11:47,16-08-2021,FLATEX EURO BANKACCOUNT,NLFLATEXACNT,Degiro Cash Sweep Transfer,,EUR,"-2,13",EUR,"982,27",
14-08-2021,07:31,13-08-2021,,,Retirada Cambio de Divisa,,EUR,"2,13",EUR,"984,40",
14-08-2021,07:31,13-08-2021,,,Retirada Cambio de Divisa,"1,1807",USD,"-2,52",USD,"0,00",
13-08-2021,07:51,12-08-2021,,,Comisión por Acción Corporativa,,USD,"-0,28",USD,"2,52",
13-08-2021,07:49,12-08-2021,APPLE INC,US0378331005,Dividendo,,USD,"3,30",USD,"2,80",
13-08-2021,07:49,12-08-2021,APPLE INC,US0378331005,Retención del dividendo,,USD,"-0,50",USD,"-0,50",
03-08-2021,11:32,02-08-2021,,,"Transferir desde su Cuenta de Efectivo en flatexDEGIRO Bank: 615,89 EUR",,,,EUR,"982,27",
03-08-2021,11:32,02-08-2021,FLATEX EURO BANKACCOUNT,NLFLATEXACNT,Degiro Cash Sweep Transfer,,EUR,"615,89",EUR,"1598,16",
02-08-2021,21:05,02-08-2021,APPLE INC,US0378331005,Ingreso Cambio de Divisa,"1,1861",USD,"729,90",USD,"0,00",e0c6ef3a-7fce-4db9-b578-4509f8f247f2
02-08-2021,21:05,02-08-2021,APPLE INC,US0378331005,Retirada Cambio de Divisa,,EUR,"-615,37",EUR,"982,27",e0c6ef3a-7fce-4db9-b578-4509f8f247f2
02-08-2021,21:05,02-08-2021,APPLE INC,US0378331005,Costes de transacción y/o externos de DEGIRO,,EUR,"-0,02",EUR,"1597,64",e0c6ef3a-7fce-4db9-b578-4509f8f247f2
02-08-2021,21:05,02-08-2021,APPLE INC,US0378331005,Costes de transacción y/o externos de DEGIRO,,EUR,"-0,50",EUR,"1597,66",e0c6ef3a-7fce-4db9-b578-4509f8f247f2
02-08-2021,21:05,02-08-2021,APPLE INC,US0378331005,"Compra 5 Apple Inc@145,98 USD (US0378331005)",,USD,"-729,90",USD,"-729,90",e0c6ef3a-7fce-4db9-b578-4509f8f247f2
30-07-2021,13:33,29-07-2021,,,"Transferir desde su Cuenta de Efectivo en flatexDEGIRO Bank: 330,4 EUR",,,,EUR,"1598,16",
30-07-2021,13:33,29-07-2021,FLATEX EURO BANKACCOUNT,NLFLATEXACNT,Degiro Cash Sweep Transfer,,EUR,"330,40",EUR,"1928,56",
29-07-2021,09:01,29-07-2021,,,flatex Deposit,,EUR,"1500,00",EUR,"1598,16",
28-07-2021,19:27,28-07-2021,NVIDIA CORP,US67066G1040,Ingreso Cambio de Divisa,"1,1802",USD,"389,34",USD,"0,00",2590ca92-e2b7-468b-802f-cad71352ee55
28-07-2021,19:27,28-07-2021,NVIDIA CORP,US67066G1040,Retirada Cambio de Divisa,,EUR,"-329,89",EUR,"98,16",2590ca92-e2b7-468b-802f-cad71352ee55
28-07-2021,19:27,28-07-2021,NVIDIA CORP,US67066G1040,Costes de transacción y/o externos de DEGIRO,,EUR,"-0,01",EUR,"428,05",2590ca92-e2b7-468b-802f-cad71352ee55
28-07-2021,19:27,28-07-2021,NVIDIA CORP,US67066G1040,Costes de transacción y/o externos de DEGIRO,,EUR,"-0,50",EUR,"428,06",2590ca92-e2b7-468b-802f-cad71352ee55
28-07-2021,19:27,28-07-2021,NVIDIA CORP,US67066G1040,"Compra 2 NVIDIA Corp@194,67 USD (US67066G1040)",,USD,"-389,34",USD,"-389,34",2590ca92-e2b7-468b-802f-cad71352ee55
01-07-2021,23:11,30-06-2021,,,Flatex Interest,,EUR,"-0,08",EUR,"428,56",
01-07-2021,16:46,30-06-2021,,,"Transferir desde su Cuenta de Efectivo en flatexDEGIRO Bank: 574,22 EUR",,,,EUR,"428,64",
01-07-2021,16:46,30-06-2021,FLATEX EURO BANKACCOUNT,NLFLATEXACNT,Degiro Cash Sweep Transfer,,EUR,"574,22",EUR,"1002,86",
30-06-2021,21:51,30-06-2021,TESLA INC,US88160R1014,Ingreso Cambio de Divisa,"1,1847",USD,"679,70",USD,"0,00",4b45bad8-5515-4c8e-b424-a40749dc78d4
30-06-2021,21:51,30-06-2021,TESLA INC,US88160R1014,Retirada Cambio de Divisa,,EUR,"-573,72",EUR,"428,64",4b45bad8-5515-4c8e-b424-a40749dc78d4
30-06-2021,21:51,30-06-2021,TESLA INC,US88160R1014,Costes de transacción y/o externos de DEGIRO,,EUR,"-0,50",EUR,"1002,36",4b45bad8-5515-4c8e-b424-a40749dc78d4
30-06-2021,21:51,30-06-2021,TESLA INC,US88160R1014,"Compra 1 Tesla Inc@679,7 USD (US88160R1014)",,USD,"-679,70",USD,"-679,70",4b45bad8-5515-4c8e-b424-a40749dc78d4
30-06-2021,08:50,30-06-2021,,,flatex Deposit,,EUR,"1000,00",EUR,"1002,86",
19-05-2021,11:46,18-05-2021,,,"Transferir a su Cuenta de Efectivo en flatexDEGIRO Bank: 0,66 EUR",,,,EUR,"2,86",
19-05-2021,11:46,18-05-2021,FLATEX EURO BANKACCOUNT,NLFLATEXACNT,Degiro Cash Sweep Transfer,,EUR,"-0,66",EUR,"2,20",
18-05-2021,12:46,17-05-2021,,,"Transferir a su Cuenta de Efectivo en flatexDEGIRO Bank: 1,53 EUR",,,,EUR,"2,86",
18-05-2021,12:46,17-05-2021,FLATEX EURO BANKACCOUNT,NLFLATEXACNT,Degiro Cash Sweep Transfer,,EUR,"-1,53",EUR,"1,33",
18-05-2021,09:43,17-05-2021,,,Retirada Cambio de Divisa,,EUR,"0,66",EUR,"2,86",
18-05-2021,09:43,17-05-2021,,,Retirada Cambio de Divisa,"1,2164",USD,"-0,81",USD,"0,00",
17-05-2021,07:38,14-05-2021,,,Comisión por Acción Corporativa,,USD,"-0,09",USD,"0,81",
17-05-2021,07:38,14-05-2021,HSBC MSCI WORLD UCITS ETF USD,IE00B4X9L533,Dividendo,,USD,"0,90",USD,"0,90",
15-05-2021,08:27,14-05-2021,,,Retirada Cambio de Divisa,,EUR,"1,53",EUR,"2,20",
15-05-2021,08:27,14-05-2021,,,Retirada Cambio de Divisa,"1,2157",USD,"-1,87",USD,"0,00",
14-05-2021,07:55,13-05-2021,APPLE INC,US0378331005,Dividendo,,USD,"2,20",USD,"1,87",
14-05-2021,07:55,13-05-2021,APPLE INC,US0378331005,Retención del dividendo,,USD,"-0,33",USD,"-0,33",
11-05-2021,19:21,12-05-2021,,,Processed Flatex Withdrawal,,EUR,"1651,00",EUR,"0,67",
11-05-2021,19:21,12-05-2021,,,flatex Withdrawal,,EUR,"-1651,00",EUR,"-1650,33",
11-05-2021,11:16,10-05-2021,,,"Transferir a su Cuenta de Efectivo en flatexDEGIRO Bank: 1.611,13 EUR",,,,EUR,"0,67",
11-05-2021,11:16,10-05-2021,FLATEX EURO BANKACCOUNT,NLFLATEXACNT,Degiro Cash Sweep Transfer,,EUR,"-1611,13",EUR,"-1610,46",
10-05-2021,22:26,10-05-2021,,,Processed Flatex Withdrawal,,EUR,"-1651,00",EUR,"0,67",
10-05-2021,15:30,10-05-2021,DESPEGAR.COM CORP,VGG273581030,Retirada Cambio de Divisa,"1,2187",USD,"-26,34",USD,"0,00",a6710b1b-10e1-4b2e-9a31-925b74c57c91
10-05-2021,15:30,10-05-2021,DESPEGAR.COM CORP,VGG273581030,Ingreso Cambio de Divisa,,EUR,"21,61",EUR,"1651,67",a6710b1b-10e1-4b2e-9a31-925b74c57c91
10-05-2021,15:30,10-05-2021,DESPEGAR.COM CORP,VGG273581030,Costes de transacción y/o externos de DEGIRO,,EUR,"-0,01",EUR,"1630,06",a6710b1b-10e1-4b2e-9a31-925b74c57c91
10-05-2021,15:30,10-05-2021,DESPEGAR.COM CORP,VGG273581030,Retirada Cambio de Divisa,"1,2187",USD,"-131,70",USD,"26,34",a6710b1b-10e1-4b2e-9a31-925b74c57c91
10-05-2021,15:30,10-05-2021,DESPEGAR.COM CORP,VGG273581030,Ingreso Cambio de Divisa,,EUR,"108,06",EUR,"1630,07",a6710b1b-10e1-4b2e-9a31-925b74c57c91
10-05-2021,15:30,10-05-2021,DESPEGAR.COM CORP,VGG273581030,Costes de transacción y/o externos de DEGIRO,,EUR,"-0,03",EUR,"1522,01",a6710b1b-10e1-4b2e-9a31-925b74c57c91
10-05-2021,15:30,10-05-2021,DESPEGAR.COM CORP,VGG273581030,"Venta 2 Despegar.com Corp@13,17 USD (VGG273581030)",,USD,"26,34",USD,"158,04",a6710b1b-10e1-4b2e-9a31-925b74c57c91
10-05-2021,15:30,10-05-2021,DESPEGAR.COM CORP,VGG273581030,"Venta 10 Despegar.com Corp@13,17 USD (VGG273581030)",,USD,"131,70",USD,"131,70",a6710b1b-10e1-4b2e-9a31-925b74c57c91
10-05-2021,15:30,10-05-2021,DESPEGAR.COM CORP,VGG273581030,Retirada Cambio de Divisa,"1,2187",USD,"-39,51",USD,"0,00",a6710b1b-10e1-4b2e-9a31-925b74c57c91
10-05-2021,15:30,10-05-2021,DESPEGAR.COM CORP,VGG273581030,Ingreso Cambio de Divisa,,EUR,"32,42",EUR,"1522,04",a6710b1b-10e1-4b2e-9a31-925b74c57c91
10-05-2021,15:30,10-05-2021,DESPEGAR.COM CORP,VGG273581030,Costes de transacción y/o externos de DEGIRO,,EUR,"-0,01",EUR,"1489,62",a6710b1b-10e1-4b2e-9a31-925b74c57c91
10-05-2021,15:30,10-05-2021,DESPEGAR.COM CORP,VGG273581030,Costes de transacción y/o externos de DEGIRO,,EUR,"-0,50",EUR,"1489,63",a6710b1b-10e1-4b2e-9a31-925b74c57c91
10-05-2021,15:30,10-05-2021,DESPEGAR.COM CORP,VGG273581030,"Venta 3 Despegar.com Corp@13,17 USD (VGG273581030)",,USD,"39,51",USD,"39,51",a6710b1b-10e1-4b2e-9a31-925b74c57c91
10-05-2021,09:10,10-05-2021,HSBC MSCI WORLD UCITS ETF USD,IE00B4X9L533,"Venta 8 HSBC MSCI World UCITS ETF USD@24,58 EUR (IE00B4X9L533)",,EUR,"196,64",EUR,"1490,13",e82f1ce7-3223-4cab-baab-21bed0a5ef44
10-05-2021,09:09,10-05-2021,INVESCO EQQQ NASDAQ-100 UCITS ETF DIST,IE0032077012,"Venta 3 Invesco EQQQ NASDAQ-100 UCITS ETF Dist@275,4 EUR (IE0032077012)",,EUR,"826,20",EUR,"1293,49",15ee86ab-5c63-473e-ab9c-4be1265f1da5
10-05-2021,09:08,10-05-2021,ISHARES CORE S&P 500 UCITS ETF USD,IE0031442068,"Venta 6 iShares Core S&P 500 UCITS ETF USD (Dist)@34,699 EUR (IE0031442068)",,EUR,"208,19",EUR,"467,29",6443336c-58e8-428a-b5d1-4ce965552d52
10-05-2021,09:08,10-05-2021,ISHARES GLOBAL WATER UCITS ETF USD,IE00B1TXK627,"Venta 2 iShares Global Water UCITS ETF USD (Dist)@51,99 EUR (IE00B1TXK627)",,EUR,"103,98",EUR,"259,10",a8ead7ee-756b-457b-a522-04afd1417a2b
10-05-2021,09:08,10-05-2021,ISHARES MSCI CHINA A UCITS ETF USD (ACC),IE00BQT3WG13,"Venta 11 iShares MSCI China A UCITS ETF USD (Acc)@5,052 EUR (IE00BQT3WG13)",,EUR,"55,57",EUR,"155,12",d4aab832-bde4-4d4d-8a39-d48acbee3960
10-05-2021,09:06,10-05-2021,VANGUARD FTSE EMERGING MKTS UCITS,IE00B3VVMM84,Venta 1 Vanguard FTSE Emerging Mkts UCITS ETF USD Dis@59 EUR (IE00B3VVMM84),,EUR,"59,00",EUR,"99,54",636925c5-bbd8-446c-9671-87f39e3e4216
06-04-2021,13:48,06-04-2021,,,"Transferir a su Cuenta de Efectivo en flatexDEGIRO Bank: 0,08 EUR",,,,EUR,"40,54",
06-04-2021,13:48,06-04-2021,FLATEX EURO BANKACCOUNT,NLFLATEXACNT,Degiro Cash Sweep Transfer,,EUR,"-0,08",EUR,"40,46",
02-04-2021,09:34,01-04-2021,,,Retirada Cambio de Divisa,,EUR,"0,08",EUR,"40,54",
02-04-2021,09:34,01-04-2021,,,Retirada Cambio de Divisa,"1,1789",USD,"-0,10",USD,"0,00",
01-04-2021,16:00,31-03-2021,,,Flatex Interest,,EUR,"-0,16",EUR,"40,46",
01-04-2021,14:31,31-03-2021,,,Comisión por Acción Corporativa,,USD,"-0,01",USD,"0,10",
01-04-2021,14:31,31-03-2021,VANGUARD FTSE EMERGING MKTS UCITS,IE00B3VVMM84,Dividendo,,USD,"0,11",USD,"0,11",
29-03-2021,12:31,29-03-2021,,,"Transferir a su Cuenta de Efectivo en flatexDEGIRO Bank: 0,56 EUR",,,,EUR,"40,62",
29-03-2021,12:31,29-03-2021,FLATEX EURO BANKACCOUNT,NLFLATEXACNT,Degiro Cash Sweep Transfer,,EUR,"-0,56",EUR,"40,06",
26-03-2021,09:31,25-03-2021,,,Retirada Cambio de Divisa,,EUR,"0,56",EUR,"40,62",
26-03-2021,09:31,25-03-2021,,,Retirada Cambio de Divisa,"1,1775",USD,"-0,66",USD,"0,00",
25-03-2021,11:32,25-03-2021,,,"Transferir a su Cuenta de Efectivo en flatexDEGIRO Bank: 0,53 EUR",,,,EUR,"40,06",
25-03-2021,11:32,25-03-2021,FLATEX EURO BANKACCOUNT,NLFLATEXACNT,Degiro Cash Sweep Transfer,,EUR,"-0,53",EUR,"39,53",
25-03-2021,08:09,24-03-2021,,,Comisión por Acción Corporativa,,USD,"-0,07",USD,"0,66",
25-03-2021,08:08,24-03-2021,ISHARES CORE S&P 500 UCITS ETF USD,IE0031442068,Dividendo,,USD,"0,73",USD,"0,73",
24-03-2021,12:46,24-03-2021,,,"Transferir desde su Cuenta de Efectivo en flatexDEGIRO Bank: 0,14 EUR",,,,EUR,"40,06",
24-03-2021,12:46,24-03-2021,FLATEX EURO BANKACCOUNT,NLFLATEXACNT,Degiro Cash Sweep Transfer,,EUR,"0,14",EUR,"40,20",
24-03-2021,09:16,23-03-2021,,,Retirada Cambio de Divisa,,EUR,"0,53",EUR,"40,06",
24-03-2021,09:16,23-03-2021,,,Retirada Cambio de Divisa,"1,1862",USD,"-0,63",USD,"0,00",
23-03-2021,08:18,22-03-2021,,,Retirada Cambio de Divisa,,EUR,"-0,14",EUR,"39,53",
23-03-2021,08:18,22-03-2021,,,Retirada Cambio de Divisa,"1,1921",USD,"0,17",USD,"0,63",
23-03-2021,07:27,22-03-2021,,,Comisión por Acción Corporativa,,USD,"-0,07",USD,"0,46",
23-03-2021,07:26,22-03-2021,INVESCO EQQQ NASDAQ-100 UCITS ETF DIST,IE0032077012,Dividendo,,USD,"0,70",USD,"0,53",
22-03-2021,18:54,11-02-2021,,,Comisión por Acción Corporativa,,USD,"-0,17",USD,"-0,17",
16-02-2021,12:02,16-02-2021,,,"Transferir a su Cuenta de Efectivo en flatexDEGIRO Bank: 1,88 EUR",,,,EUR,"39,67",
16-02-2021,12:02,16-02-2021,FLATEX EURO BANKACCOUNT,NLFLATEXACNT,Degiro Cash Sweep Transfer,,EUR,"-1,88",EUR,"37,79",
13-02-2021,08:28,12-02-2021,,,Retirada Cambio de Divisa,,EUR,"1,88",EUR,"39,67",
13-02-2021,08:28,12-02-2021,,,Retirada Cambio de Divisa,"1,2132",USD,"-2,29",USD,"0,00",
12-02-2021,07:41,11-02-2021,APPLE INC,US0378331005,Dividendo,,USD,"2,05",USD,"2,29",
12-02-2021,07:41,11-02-2021,APPLE INC,US0378331005,Retención del dividendo,,USD,"-0,31",USD,"0,24",
12-02-2021,07:35,11-02-2021,,,Comisión por Acción Corporativa,,USD,"-0,06",USD,"0,55",
12-02-2021,07:34,11-02-2021,HSBC MSCI WORLD UCITS ETF USD,IE00B4X9L533,Dividendo,,USD,"0,60",USD,"0,61",
04-02-2021,20:00,05-02-2021,,,Processed Flatex Withdrawal,,EUR,"1000,00",EUR,"37,79",
04-02-2021,20:00,05-02-2021,,,flatex Withdrawal,,EUR,"-1000,00",EUR,"-962,21",
02-02-2021,13:09,02-02-2021,,,"Transferir desde su Cuenta de Efectivo en flatexDEGIRO Bank: 12,5 EUR",,,,EUR,"37,79",
02-02-2021,13:09,02-02-2021,FLATEX EURO BANKACCOUNT,NLFLATEXACNT,Degiro Cash Sweep Transfer,,EUR,"12,50",EUR,"50,29",
31-01-2021,22:59,31-01-2021,,,Processed Flatex Withdrawal,,EUR,"-1000,00",EUR,"37,79",
31-01-2021,13:16,31-12-2020,,,Comisión de conectividad con el mercado 2021 (Euronext Paris - EPA),,EUR,"-2,50",EUR,"1037,79",
31-01-2021,13:16,31-12-2020,,,Comisión de conectividad con el mercado 2021 (New York Stock Exchange - NSY),,EUR,"-2,50",EUR,"1040,29",
31-01-2021,13:16,31-12-2020,,,Comisión de conectividad con el mercado 2021 (Nasdaq - NDQ),,EUR,"-2,50",EUR,"1042,79",
31-01-2021,13:16,31-12-2020,,,Comisión de conectividad con el mercado 2021 (Euronext Amsterdam - EAM),,EUR,"-2,50",EUR,"1045,29",
31-01-2021,13:16,31-12-2020,,,Comisión de conectividad con el mercado 2021 (Xetra - XET),,EUR,"-2,50",EUR,"1047,79",
27-01-2021,11:47,27-01-2021,,,"Transferir a su Cuenta de Efectivo en flatexDEGIRO Bank: 47,54 EUR",,,,EUR,"1050,29",
27-01-2021,11:47,27-01-2021,FLATEX EURO BANKACCOUNT,NLFLATEXACNT,Degiro Cash Sweep Transfer,,EUR,"-47,54",EUR,"1002,75",
27-01-2021,08:50,27-01-2021,,,flatex Deposit,,EUR,"1000,00",EUR,"1050,29",
26-01-2021,20:43,26-01-2021,ATOSSA THERAPEUTICS INC,US04962H5063,Retirada Cambio de Divisa,"1,2178",USD,"-58,59",USD,"0,01",6e16fb4c-690e-40ad-9331-81ab31995667
26-01-2021,20:43,26-01-2021,ATOSSA THERAPEUTICS INC,US04962H5063,Ingreso Cambio de Divisa,,EUR,"48,11",EUR,"50,29",6e16fb4c-690e-40ad-9331-81ab31995667
26-01-2021,20:43,26-01-2021,ATOSSA THERAPEUTICS INC,US04962H5063,Costes de transacción y/o externos de DEGIRO,,EUR,"-0,07",EUR,"2,18",6e16fb4c-690e-40ad-9331-81ab31995667
26-01-2021,20:43,26-01-2021,ATOSSA THERAPEUTICS INC,US04962H5063,Costes de transacción y/o externos de DEGIRO,,EUR,"-0,50",EUR,"2,25",6e16fb4c-690e-40ad-9331-81ab31995667
26-01-2021,20:43,26-01-2021,ATOSSA THERAPEUTICS INC,US04962H5063,"Venta 21 Atossa Therapeutics Inc@2,79 USD (US04962H5063)",,USD,"58,59",USD,"58,60",6e16fb4c-690e-40ad-9331-81ab31995667
26-01-2021,11:00,26-01-2021,,,"Transferir desde su Cuenta de Efectivo en flatexDEGIRO Bank: 40,53 EUR",,,,EUR,"2,75",
26-01-2021,11:00,26-01-2021,FLATEX EURO BANKACCOUNT,NLFLATEXACNT,Degiro Cash Sweep Transfer,,EUR,"40,53",EUR,"43,28",
25-01-2021,17:04,25-01-2021,ATOSSA THERAPEUTICS INC,US04962H5063,Ingreso Cambio de Divisa,"1,2113",USD,"48,41",USD,"0,01",5d645d3a-9c61-4326-b709-45fe912a0111
25-01-2021,17:04,25-01-2021,ATOSSA THERAPEUTICS INC,US04962H5063,Retirada Cambio de Divisa,,EUR,"-39,96",EUR,"2,75",5d645d3a-9c61-4326-b709-45fe912a0111
25-01-2021,17:04,25-01-2021,ATOSSA THERAPEUTICS INC,US04962H5063,Costes de transacción y/o externos de DEGIRO,,EUR,"-0,07",EUR,"42,71",5d645d3a-9c61-4326-b709-45fe912a0111
25-01-2021,17:04,25-01-2021,ATOSSA THERAPEUTICS INC,US04962H5063,Costes de transacción y/o externos de DEGIRO,,EUR,"-0,50",EUR,"42,78",5d645d3a-9c61-4326-b709-45fe912a0111
25-01-2021,17:04,25-01-2021,ATOSSA THERAPEUTICS INC,US04962H5063,"Compra 21 Atossa Therapeutics Inc@2,305 USD (US04962H5063)",,USD,"-48,40",USD,"-48,40",5d645d3a-9c61-4326-b709-45fe912a0111
05-01-2021,11:45,05-01-2021,,,"Transferir desde su Cuenta de Efectivo en flatexDEGIRO Bank: 215,46 EUR",,,,EUR,"43,28",
05-01-2021,11:45,05-01-2021,FLATEX EURO BANKACCOUNT,NLFLATEXACNT,Degiro Cash Sweep Transfer,,EUR,"215,46",EUR,"258,74",
04-01-2021,15:38,04-01-2021,APPLE INC,US0378331005,Ingreso Cambio de Divisa,"1,2282",USD,"264,00",USD,"0,00",2845fbf3-e62c-450f-8744-2b2b6be4dccd
04-01-2021,15:38,04-01-2021,APPLE INC,US0378331005,Retirada Cambio de Divisa,,EUR,"-214,95",EUR,"43,28",2845fbf3-e62c-450f-8744-2b2b6be4dccd
04-01-2021,15:38,04-01-2021,APPLE INC,US0378331005,Costes de transacción y/o externos de DEGIRO,,EUR,"-0,01",EUR,"258,23",2845fbf3-e62c-450f-8744-2b2b6be4dccd
04-01-2021,15:38,04-01-2021,APPLE INC,US0378331005,Costes de transacción y/o externos de DEGIRO,,EUR,"-0,50",EUR,"258,24",2845fbf3-e62c-450f-8744-2b2b6be4dccd
04-01-2021,15:38,04-01-2021,APPLE INC,US0378331005,Compra 2 Apple Inc@132 USD (US0378331005),,USD,"-264,00",USD,"-264,00",2845fbf3-e62c-450f-8744-2b2b6be4dccd
04-01-2021,12:15,04-01-2021,,,"Transferir a su Cuenta de Efectivo en flatexDEGIRO Bank: 0,09 EUR",,,,EUR,"258,74",
04-01-2021,12:15,04-01-2021,FLATEX EURO BANKACCOUNT,NLFLATEXACNT,Degiro Cash Sweep Transfer,,EUR,"-0,09",EUR,"258,65",
01-01-2021,08:29,31-12-2020,,,Retirada Cambio de Divisa,,EUR,"0,09",EUR,"258,74",
01-01-2021,08:29,31-12-2020,,,Retirada Cambio de Divisa,"1,2228",USD,"-0,12",USD,"0,00",
31-12-2020,08:57,30-12-2020,,,Comisión por Acción Corporativa,,USD,"-0,01",USD,"0,12",
31-12-2020,08:57,30-12-2020,VANGUARD FTSE EMERGING MKTS UCITS,IE00B3VVMM84,Dividendo,,USD,"0,13",USD,"0,13",
31-12-2020,01:51,31-12-2020,,,Flatex Interest,,EUR,"-0,44",EUR,"258,65",
28-12-2020,10:16,28-12-2020,,,"Transferir a su Cuenta de Efectivo en flatexDEGIRO Bank: 0,51 EUR",,,,EUR,"259,09",
28-12-2020,10:16,28-12-2020,FLATEX EURO BANKACCOUNT,NLFLATEXACNT,Degiro Cash Sweep Transfer,,EUR,"-0,51",EUR,"258,58",
25-12-2020,07:45,24-12-2020,,,Retirada Cambio de Divisa,,EUR,"0,51",EUR,"259,09",
25-12-2020,07:45,24-12-2020,,,Retirada Cambio de Divisa,"1,2198",USD,"-0,63",USD,"0,00",
24-12-2020,09:04,23-12-2020,,,Comisión por Acción Corporativa,,USD,"-0,07",USD,"0,63",
24-12-2020,09:03,23-12-2020,ISHARES CORE S&P 500 UCITS ETF USD,IE0031442068,Dividendo,,USD,"0,70",USD,"0,70",
22-12-2020,10:16,22-12-2020,,,"Transferir a su Cuenta de Efectivo en flatexDEGIRO Bank: 0,74 EUR",,,,EUR,"258,58",
22-12-2020,10:16,22-12-2020,FLATEX EURO BANKACCOUNT,NLFLATEXACNT,Degiro Cash Sweep Transfer,,EUR,"-0,74",EUR,"257,84",
19-12-2020,07:39,18-12-2020,,,Retirada Cambio de Divisa,,EUR,"0,74",EUR,"258,58",
19-12-2020,07:39,18-12-2020,,,Retirada Cambio de Divisa,"1,2270",USD,"-0,91",USD,"0,00",
19-12-2020,01:16,17-12-2020,,,Comisión por Acción Corporativa,,USD,"-0,10",USD,"0,91",
19-12-2020,01:15,17-12-2020,INVESCO EQQQ NASDAQ-100 UCITS ETF DIST,IE0032077012,Dividendo,,USD,"1,01",USD,"1,01",
30-11-2020,12:00,30-11-2020,,,"Transferir a su Cuenta de Efectivo en flatexDEGIRO Bank: 0,56 EUR",,,,EUR,"257,84",
30-11-2020,12:00,30-11-2020,FLATEX EURO BANKACCOUNT,NLFLATEXACNT,Degiro Cash Sweep Transfer,,EUR,"-0,56",EUR,"257,28",
27-11-2020,07:58,26-11-2020,,,Retirada Cambio de Divisa,,EUR,"0,56",EUR,"257,84",
27-11-2020,07:58,26-11-2020,,,Retirada Cambio de Divisa,"1,1925",USD,"-0,67",USD,"0,00",
26-11-2020,08:51,25-11-2020,,,Comisión por Acción Corporativa,,USD,"-0,08",USD,"0,67",
26-11-2020,08:51,25-11-2020,ISHARES GLOBAL WATER UCITS ETF USD,IE00B1TXK627,Dividendo,,USD,"0,75",USD,"0,75",
24-11-2020,12:30,24-11-2020,,,"Transferir a su Cuenta de Efectivo en flatexDEGIRO Bank: 87,55 EUR",,,,EUR,"257,28",
24-11-2020,12:30,24-11-2020,FLATEX EURO BANKACCOUNT,NLFLATEXACNT,Degiro Cash Sweep Transfer,,EUR,"-87,55",EUR,"169,73",
23-11-2020,16:39,23-11-2020,PROSUS NV CLASS N,NL0013654783,Costes de transacción y/o externos de DEGIRO,,EUR,"-0,05",EUR,"257,28",4fb92144-1159-45cb-a6d3-65db09ee3560
23-11-2020,16:39,23-11-2020,PROSUS NV CLASS N,NL0013654783,Costes de transacción y/o externos de DEGIRO,,EUR,"-4,00",EUR,"257,33",4fb92144-1159-45cb-a6d3-65db09ee3560
23-11-2020,16:39,23-11-2020,PROSUS NV CLASS N,NL0013654783,"Venta 1 Prosus NV Class N@91,6 EUR (NL0013654783)",,EUR,"91,60",EUR,"261,33",4fb92144-1159-45cb-a6d3-65db09ee3560
19-11-2020,13:15,19-11-2020,,,"Transferir a su Cuenta de Efectivo en flatexDEGIRO Bank: 0,11 EUR",,,,EUR,"169,73",
19-11-2020,13:15,19-11-2020,FLATEX EURO BANKACCOUNT,NLFLATEXACNT,Degiro Cash Sweep Transfer,,EUR,"-0,11",EUR,"169,62",
18-11-2020,17:30,18-11-2020,,,"Transferir a su Cuenta de Efectivo en flatexDEGIRO Bank: 0,56 EUR",,,,EUR,"169,73",
18-11-2020,17:30,18-11-2020,FLATEX EURO BANKACCOUNT,NLFLATEXACNT,Degiro Cash Sweep Transfer,,EUR,"-0,56",EUR,"169,17",
18-11-2020,15:58,17-11-2020,,,"Transferir a su Cuenta de Efectivo en flatexDEGIRO Bank: 1,17 EUR",,,,EUR,"169,73",
18-11-2020,15:58,17-11-2020,FLATEX EURO BANKACCOUNT,NLFLATEXACNT,Degiro Cash Sweep Transfer,,EUR,"-1,17",EUR,"168,56",
18-11-2020,07:25,17-11-2020,PROSUS NV CLASS N,NL0013654783,Dividendo,,EUR,"0,11",EUR,"169,73",
17-11-2020,08:03,16-11-2020,,,Retirada Cambio de Divisa,,EUR,"0,56",EUR,"169,62",
17-11-2020,08:03,16-11-2020,,,Retirada Cambio de Divisa,"1,1866",USD,"-0,67",USD,"0,00",
16-11-2020,07:43,13-11-2020,,,Comisión por Acción Corporativa,,USD,"-0,08",USD,"0,67",
16-11-2020,07:43,13-11-2020,HSBC MSCI WORLD UCITS ETF USD,IE00B4X9L533,Dividendo,,USD,"0,75",USD,"0,75",
14-11-2020,07:51,13-11-2020,,,Retirada Cambio de Divisa,,EUR,"1,17",EUR,"169,06",
14-11-2020,07:51,13-11-2020,,,Retirada Cambio de Divisa,"1,1848",USD,"-1,39",USD,"0,00",
13-11-2020,09:07,12-11-2020,APPLE INC,US0378331005,Dividendo,,USD,"1,64",USD,"1,39",
13-11-2020,09:07,12-11-2020,APPLE INC,US0378331005,Retención del dividendo,,USD,"-0,25",USD,"-0,25",
29-10-2020,11:45,29-10-2020,,,"Transferir desde su Cuenta de Efectivo en flatexDEGIRO Bank: 481,43 EUR",,,,EUR,"167,89",
29-10-2020,11:45,29-10-2020,FLATEX EURO BANKACCOUNT,NLFLATEXACNT,Degiro Cash Sweep Transfer,,EUR,"481,43",EUR,"649,32",
28-10-2020,19:01,28-10-2020,APPLE INC,US0378331005,Ingreso Cambio de Divisa,"1,1738",USD,"564,50",USD,"0,00",c1f6a8bd-a6bb-45a6-bee2-d500bbcdd56a
28-10-2020,19:01,28-10-2020,APPLE INC,US0378331005,Retirada Cambio de Divisa,,EUR,"-480,91",EUR,"167,89",c1f6a8bd-a6bb-45a6-bee2-d500bbcdd56a
28-10-2020,19:01,28-10-2020,APPLE INC,US0378331005,Costes de transacción y/o externos de DEGIRO,,EUR,"-0,02",EUR,"648,80",c1f6a8bd-a6bb-45a6-bee2-d500bbcdd56a
28-10-2020,19:01,28-10-2020,APPLE INC,US0378331005,Costes de transacción y/o externos de DEGIRO,,EUR,"-0,50",EUR,"648,82",c1f6a8bd-a6bb-45a6-bee2-d500bbcdd56a
28-10-2020,19:01,28-10-2020,APPLE INC,US0378331005,"Compra 5 Apple Inc@112,9 USD (US0378331005)",,USD,"-564,50",USD,"-564,50",c1f6a8bd-a6bb-45a6-bee2-d500bbcdd56a
26-10-2020,09:45,23-10-2020,MORGAN STANLEY EUR LIQUIDITY FUND,LU1959429272,"Conversión fondos del mercado monetario: Compra 0,01 @ 0 EUR",,EUR,"99,16",EUR,"649,32",
26-10-2020,09:45,23-10-2020,MORGAN STANLEY EUR LIQUIDITY FUND,LU1959429272,"Conversión fondos del mercado monetario: Venta 0,01 @ 0 EUR",,EUR,"-99,16",EUR,"550,16",
23-10-2020,00:00,22-10-2020,MORGAN STANLEY EUR LIQUIDITY FUND,LU1959429272,Fondos del mercado monetario cambio de precio (EUR),,EUR,"0,00",EUR,"649,32",
22-10-2020,00:00,21-10-2020,MORGAN STANLEY EUR LIQUIDITY FUND,LU1959429272,Fondos del mercado monetario cambio de precio (EUR),,EUR,"0,00",EUR,"649,32",
21-10-2020,00:00,20-10-2020,MORGAN STANLEY EUR LIQUIDITY FUND,LU1959429272,Fondos del mercado monetario cambio de precio (EUR),,EUR,"0,00",EUR,"649,32",
20-10-2020,00:00,19-10-2020,MORGAN STANLEY EUR LIQUIDITY FUND,LU1959429272,Fondos del mercado monetario cambio de precio (EUR),,EUR,"0,00",EUR,"649,32",
19-10-2020,00:00,18-10-2020,MORGAN STANLEY EUR LIQUIDITY FUND,LU1959429272,Fondos del mercado monetario cambio de precio (EUR),,EUR,"0,00",EUR,"649,32",
16-10-2020,00:00,15-10-2020,MORGAN STANLEY EUR LIQUIDITY FUND,LU1959429272,Fondos del mercado monetario cambio de precio (EUR),,EUR,"0,00",EUR,"649,32",
15-10-2020,00:00,14-10-2020,MORGAN STANLEY EUR LIQUIDITY FUND,LU1959429272,Fondos del mercado monetario cambio de precio (EUR),,EUR,"0,00",EUR,"649,32",
14-10-2020,00:00,13-10-2020,MORGAN STANLEY EUR LIQUIDITY FUND,LU1959429272,Fondos del mercado monetario cambio de precio (EUR),,EUR,"0,00",EUR,"649,32",
13-10-2020,00:00,12-10-2020,MORGAN STANLEY EUR LIQUIDITY FUND,LU1959429272,Fondos del mercado monetario cambio de precio (EUR),,EUR,"0,00",EUR,"649,32",
12-10-2020,00:00,11-10-2020,MORGAN STANLEY EUR LIQUIDITY FUND,LU1959429272,Fondos del mercado monetario cambio de precio (EUR),,EUR,"0,00",EUR,"649,32",
09-10-2020,00:00,08-10-2020,MORGAN STANLEY EUR LIQUIDITY FUND,LU1959429272,Fondos del mercado monetario cambio de precio (EUR),,EUR,"0,00",EUR,"649,32",
08-10-2020,14:45,08-10-2020,,,"Transferir a su Cuenta de Efectivo en flatexDEGIRO Bank: 0,49 EUR",,,,EUR,"649,32",
08-10-2020,14:45,08-10-2020,FLATEX EURO BANKACCOUNT,NLFLATEXACNT,Degiro Cash Sweep Transfer,,EUR,"-0,49",EUR,"648,83",
08-10-2020,08:31,07-10-2020,,,Retirada Cambio de Divisa,,EUR,"0,49",EUR,"649,32",
08-10-2020,08:31,07-10-2020,,,Retirada Cambio de Divisa,"1,1776",USD,"-0,58",USD,"0,00",
08-10-2020,00:00,07-10-2020,MORGAN STANLEY EUR LIQUIDITY FUND,LU1959429272,Fondos del mercado monetario cambio de precio (EUR),,EUR,"0,00",EUR,"648,83",
07-10-2020,08:02,07-10-2020,,,Comisión por Acción Corporativa,,USD,"-0,07",USD,"0,58",
07-10-2020,08:02,07-10-2020,VANGUARD FTSE EMERGING MKTS UCITS,IE00B3VVMM84,Dividendo,,USD,"0,65",USD,"0,65",
07-10-2020,00:00,06-10-2020,MORGAN STANLEY EUR LIQUIDITY FUND,LU1959429272,Fondos del mercado monetario cambio de precio (EUR),,EUR,"0,00",EUR,"648,83",
06-10-2020,00:00,05-10-2020,MORGAN STANLEY EUR LIQUIDITY FUND,LU1959429272,Fondos del mercado monetario cambio de precio (EUR),,EUR,"0,00",EUR,"648,83",
05-10-2020,10:15,05-10-2020,,,"Transferir a su Cuenta de Efectivo en flatexDEGIRO Bank: 0,52 EUR",,,,EUR,"648,83",
05-10-2020,10:15,05-10-2020,FLATEX EURO BANKACCOUNT,NLFLATEXACNT,Degiro Cash Sweep Transfer,,EUR,"-0,52",EUR,"648,31",
05-10-2020,00:00,04-10-2020,MORGAN STANLEY EUR LIQUIDITY FUND,LU1959429272,Fondos del mercado monetario cambio de precio (EUR),,EUR,"0,00",EUR,"648,83",
02-10-2020,13:15,02-10-2020,,,"Transferir desde su Cuenta de Efectivo en flatexDEGIRO Bank: 2,5 EUR",,,,EUR,"648,83",
02-10-2020,13:15,02-10-2020,FLATEX EURO BANKACCOUNT,NLFLATEXACNT,Degiro Cash Sweep Transfer,,EUR,"2,50",EUR,"651,33",
02-10-2020,09:00,01-10-2020,,,Retirada Cambio de Divisa,,EUR,"0,52",EUR,"648,83",
02-10-2020,09:00,01-10-2020,,,Retirada Cambio de Divisa,"1,1757",USD,"-0,62",USD,"0,00",
02-10-2020,00:00,01-10-2020,MORGAN STANLEY EUR LIQUIDITY FUND,LU1959429272,Fondos del mercado monetario cambio de precio (EUR),,EUR,"0,00",EUR,"648,31",
01-10-2020,13:45,01-10-2020,,,"Transferir desde su Cuenta de Efectivo en flatexDEGIRO Bank: 0,01 EUR",,,,EUR,"648,31",
01-10-2020,13:45,01-10-2020,FLATEX EURO BANKACCOUNT,NLFLATEXACNT,Degiro Cash Sweep Transfer,,EUR,"0,01",EUR,"648,32",
01-10-2020,11:58,30-09-2020,,,Comisión de conectividad con el mercado 2020 (Nasdaq - NDQ),,EUR,"-2,50",EUR,"648,31",
01-10-2020,08:43,30-09-2020,,,Comisión por Acción Corporativa,,USD,"-0,07",USD,"0,62",
01-10-2020,08:42,30-09-2020,ISHARES CORE S&P 500 UCITS ETF USD,IE0031442068,Dividendo,,USD,"0,69",USD,"0,69",
01-10-2020,07:40,30-09-2020,,,Flatex Interest,,EUR,"-0,01",EUR,"650,81",
01-10-2020,00:00,30-09-2020,MORGAN STANLEY EUR LIQUIDITY FUND,LU1959429272,Fondos del mercado monetario cambio de precio (EUR),,EUR,"0,00",EUR,"650,82",
30-09-2020,16:01,30-09-2020,MORGAN STANLEY EUR LIQUIDITY FUND,LU1959429272,"Conversión fondos del mercado monetario: Compra 0,000001 @ 9.920,2836 EUR",,,,EUR,"650,82",
30-09-2020,12:45,30-09-2020,,,"Transferir a su Cuenta de Efectivo en flatexDEGIRO Bank: 597,87 EUR",,,,EUR,"650,83",
30-09-2020,12:45,30-09-2020,FLATEX EURO BANKACCOUNT,NLFLATEXACNT,Degiro Cash Sweep Transfer,,EUR,"-597,87",EUR,"52,96",
30-09-2020,00:00,29-09-2020,MORGAN STANLEY EUR LIQUIDITY FUND,LU1959429272,Fondos del mercado monetario cambio de precio (EUR),,EUR,"0,00",EUR,"650,83",
29-09-2020,17:35,29-09-2020,MORGAN STANLEY EUR LIQUIDITY FUND,LU1959429272,"Conversión fondos del mercado monetario: Venta 0,000267 @ 9.920,3888 EUR",,,,EUR,"650,83",
29-09-2020,17:35,29-09-2020,MORGAN STANLEY EUR LIQUIDITY FUND,LU1959429272,"Conversión fondos del mercado monetario: Venta 0,06 @ 9.920,3888 EUR",,,,EUR,"648,19",
29-09-2020,13:00,29-09-2020,,,"Transferir a su Cuenta de Efectivo en flatexDEGIRO Bank: 51,96 EUR",,,,EUR,"648,19",
29-09-2020,13:00,29-09-2020,FLATEX EURO BANKACCOUNT,NLFLATEXACNT,Degiro Cash Sweep Transfer,,EUR,"-51,96",EUR,"596,23",
29-09-2020,08:50,29-09-2020,,,flatex Deposit,,EUR,"1,00",EUR,"648,19",
29-09-2020,00:00,28-09-2020,MORGAN STANLEY EUR LIQUIDITY FUND,LU1959429272,Fondos del mercado monetario cambio de precio (EUR),,EUR,"-0,02",EUR,"647,19",
28-09-2020,17:10,28-09-2020,ISHARES MSCI JAPAN UCITS ETF USD (DIST),IE00B02KXH56,"Venta 4 iShares MSCI Japan UCITS ETF USD (Dist)@12,84 EUR (IE00B02KXH56)",,EUR,"51,36",EUR,"647,20",4069be23-ffcb-4ee0-9c48-dfcb14ac1517
28-09-2020,00:00,27-09-2020,MORGAN STANLEY EUR LIQUIDITY FUND,LU1959429272,Fondos del mercado monetario cambio de precio (EUR),,EUR,"-0,02",EUR,"595,84",
26-09-2020,07:31,25-09-2020,,,Retirada Cambio de Divisa,,EUR,"0,60",EUR,"595,86",
26-09-2020,07:31,25-09-2020,,,Retirada Cambio de Divisa,"1,1642",USD,"-0,70",USD,"0,00",
25-09-2020,07:44,24-09-2020,,,Comisión por Acción Corporativa,,USD,"-0,08",USD,"0,70",
25-09-2020,07:44,24-09-2020,INVESCO EQQQ NASDAQ-100 UCITS ETF DIST,IE0032077012,Dividendo,,USD,"0,78",USD,"0,78",
25-09-2020,00:00,24-09-2020,MORGAN STANLEY EUR LIQUIDITY FUND,LU1959429272,Fondos del mercado monetario cambio de precio (EUR),,EUR,"-0,01",EUR,"595,26",
24-09-2020,00:00,23-09-2020,MORGAN STANLEY EUR LIQUIDITY FUND,LU1959429272,Fondos del mercado monetario cambio de precio (EUR),,EUR,"-0,01",EUR,"595,28",
23-09-2020,16:01,23-09-2020,MORGAN STANLEY EUR LIQUIDITY FUND,LU1959429272,"Conversión fondos del mercado monetario: Compra 0,000395 @ 9.921,5048 EUR",,,,EUR,"595,29",
23-09-2020,16:01,23-09-2020,MORGAN STANLEY EUR LIQUIDITY FUND,LU1959429272,"Conversión fondos del mercado monetario: Compra 0,05 @ 9.921,5048 EUR",,,,EUR,"599,21",
23-09-2020,00:00,22-09-2020,MORGAN STANLEY EUR LIQUIDITY FUND,LU1959429272,Fondos del mercado monetario cambio de precio (EUR),,EUR,"-0,00",EUR,"599,21",
22-09-2020,09:09,22-09-2020,,,Ingreso,,EUR,"500,00",EUR,"599,21",
22-09-2020,00:00,21-09-2020,MORGAN STANLEY EUR LIQUIDITY FUND,LU1959429272,Fondos del mercado monetario cambio de precio (EUR),,EUR,"-0,00",EUR,"99,21",
21-09-2020,00:00,20-09-2020,MORGAN STANLEY EUR LIQUIDITY FUND,LU1959429272,Fondos del mercado monetario cambio de precio (EUR),,EUR,"-0,00",EUR,"99,21",
18-09-2020,00:00,17-09-2020,MORGAN STANLEY EUR LIQUIDITY FUND,LU1959429272,Fondos del mercado monetario cambio de precio (EUR),,EUR,"-0,00",EUR,"99,22",
17-09-2020,00:00,16-09-2020,MORGAN STANLEY EUR LIQUIDITY FUND,LU1959429272,Fondos del mercado monetario cambio de precio (EUR),,EUR,"-0,00",EUR,"99,22",
16-09-2020,00:00,15-09-2020,MORGAN STANLEY EUR LIQUIDITY FUND,LU1959429272,Fondos del mercado monetario cambio de precio (EUR),,EUR,"-0,00",EUR,"99,22",
15-09-2020,00:00,14-09-2020,MORGAN STANLEY EUR LIQUIDITY FUND,LU1959429272,Fondos del mercado monetario cambio de precio (EUR),,EUR,"-0,00",EUR,"99,22",
14-09-2020,00:00,13-09-2020,MORGAN STANLEY EUR LIQUIDITY FUND,LU1959429272,Fondos del mercado monetario cambio de precio (EUR),,EUR,"-0,00",EUR,"99,23",
11-09-2020,00:00,10-09-2020,MORGAN STANLEY EUR LIQUIDITY FUND,LU1959429272,Fondos del mercado monetario cambio de precio (EUR),,EUR,"-0,00",EUR,"99,23",
10-09-2020,00:00,09-09-2020,MORGAN STANLEY EUR LIQUIDITY FUND,LU1959429272,Fondos del mercado monetario cambio de precio (EUR),,EUR,"-0,00",EUR,"99,23",
09-09-2020,00:00,08-09-2020,MORGAN STANLEY EUR LIQUIDITY FUND,LU1959429272,Fondos del mercado monetario cambio de precio (EUR),,EUR,"-0,00",EUR,"99,23",
08-09-2020,00:00,07-09-2020,MORGAN STANLEY EUR LIQUIDITY FUND,LU1959429272,Fondos del mercado monetario cambio de precio (EUR),,EUR,"-0,00",EUR,"99,24",
07-09-2020,00:00,06-09-2020,MORGAN STANLEY EUR LIQUIDITY FUND,LU1959429272,Fondos del mercado monetario cambio de precio (EUR),,EUR,"-0,00",EUR,"99,24",
04-09-2020,16:02,04-09-2020,MORGAN STANLEY EUR LIQUIDITY FUND,LU1959429272,"Conversión fondos del mercado monetario: Compra 0,007826 @ 9.924,5232 EUR",,,,EUR,"99,24",
04-09-2020,00:00,03-09-2020,MORGAN STANLEY EUR LIQUIDITY FUND,LU1959429272,Fondos del mercado monetario cambio de precio (EUR),,EUR,"0,00",EUR,"77,67",
03-09-2020,15:31,03-09-2020,APPLE INC,US0378331005,Ingreso Cambio de Divisa,"1,1836",USD,"380,91",USD,"0,00",84df995d-d1ed-49c1-b514-2fc5cc3cdcda
03-09-2020,15:31,03-09-2020,APPLE INC,US0378331005,Retirada Cambio de Divisa,,EUR,"-321,82",EUR,"77,67",84df995d-d1ed-49c1-b514-2fc5cc3cdcda
03-09-2020,15:31,03-09-2020,APPLE INC,US0378331005,Costes de transacción y/o externos de DEGIRO,,EUR,"-0,50",EUR,"399,49",84df995d-d1ed-49c1-b514-2fc5cc3cdcda
03-09-2020,15:31,03-09-2020,APPLE INC,US0378331005,Costes de transacción y/o externos de DEGIRO,,EUR,"-0,01",EUR,"399,99",84df995d-d1ed-49c1-b514-2fc5cc3cdcda
03-09-2020,15:31,03-09-2020,APPLE INC,US0378331005,"Compra 3 Apple Inc@126,97 USD (US0378331005)",,USD,"-380,91",USD,"-380,91",84df995d-d1ed-49c1-b514-2fc5cc3cdcda
03-09-2020,09:05,03-09-2020,,,Ingreso,,EUR,"400,00",EUR,"400,00",
03-09-2020,00:00,02-09-2020,MORGAN STANLEY EUR LIQUIDITY FUND,LU1959429272,Fondos del mercado monetario cambio de precio (EUR),,EUR,"0,00",EUR,"0,00",
02-09-2020,00:00,01-09-2020,MORGAN STANLEY EUR LIQUIDITY FUND,LU1959429272,Fondos del mercado monetario cambio de precio (EUR),,EUR,"0,00",EUR,"0,00",
01-09-2020,16:02,01-09-2020,MORGAN STANLEY EUR LIQUIDITY FUND,LU1959429272,"Conversión fondos del mercado monetario: Venta 0,005765 @ 9.924,8936 EUR",,,,EUR,"0,00",
01-09-2020,16:02,01-09-2020,MORGAN STANLEY EUR LIQUIDITY FUND,LU1959429272,"Conversión fondos del mercado monetario: Venta 0,01 @ 9.924,8936 EUR",,,,EUR,"42,03",
01-09-2020,00:00,31-08-2020,MORGAN STANLEY EUR LIQUIDITY FUND,LU1959429272,Fondos del mercado monetario cambio de precio (EUR),,EUR,"-0,00",EUR,"42,03",
31-08-2020,11:12,31-08-2020,ISHARES CORE S&P 500 UCITS ETF USD,IE0031442068,Costes de transacción y/o externos de DEGIRO,,EUR,"-2,00",EUR,"42,03",7d141345-5b98-4a0c-9337-1c5a698923d8
31-08-2020,11:12,31-08-2020,ISHARES CORE S&P 500 UCITS ETF USD,IE0031442068,Costes de transacción y/o externos de DEGIRO,,EUR,"-0,02",EUR,"44,03",7d141345-5b98-4a0c-9337-1c5a698923d8
31-08-2020,11:12,31-08-2020,ISHARES CORE S&P 500 UCITS ETF USD,IE0031442068,"Compra 2 iShares Core S&P 500 UCITS ETF USD (Dist)@29,47 EUR (IE0031442068)",,EUR,"-58,94",EUR,"44,05",7d141345-5b98-4a0c-9337-1c5a698923d8
31-08-2020,11:08,31-08-2020,INVESCO EQQQ NASDAQ-100 UCITS ETF DIST,IE0032077012,"Compra 2 Invesco EQQQ NASDAQ-100 UCITS ETF Dist@247,5 EUR (IE0032077012)",,EUR,"-495,00",EUR,"102,99",306bc4c4-9341-404b-9402-d436babcc15d
31-08-2020,11:00,31-08-2020,HSBC MSCI WORLD UCITS ETF USD,IE00B4X9L533,"Compra 2 HSBC MSCI World UCITS ETF USD@20,75 EUR (IE00B4X9L533)",,EUR,"-41,50",EUR,"597,99",336b799d-a5cb-4b56-92e7-6de2a7c848a7
31-08-2020,10:55,31-08-2020,ISHARES CORE S&P 500 UCITS ETF USD,IE0031442068,"Compra 2 iShares Core S&P 500 UCITS ETF USD (Dist)@29,505 EUR (IE0031442068)",,EUR,"-59,01",EUR,"639,49",b10780d8-8c85-4068-894f-cfd7a93bc481
31-08-2020,00:00,30-08-2020,MORGAN STANLEY EUR LIQUIDITY FUND,LU1959429272,Fondos del mercado monetario cambio de precio (EUR),,EUR,"-0,01",EUR,"698,50",
28-08-2020,09:21,28-08-2020,,,Ingreso,,EUR,"500,00",EUR,"698,51",
28-08-2020,00:00,27-08-2020,MORGAN STANLEY EUR LIQUIDITY FUND,LU1959429272,Fondos del mercado monetario cambio de precio (EUR),,EUR,"-0,00",EUR,"198,51",
27-08-2020,00:00,26-08-2020,MORGAN STANLEY EUR LIQUIDITY FUND,LU1959429272,Fondos del mercado monetario cambio de precio (EUR),,EUR,"-0,00",EUR,"198,51",
26-08-2020,00:00,25-08-2020,MORGAN STANLEY EUR LIQUIDITY FUND,LU1959429272,Fondos del mercado monetario cambio de precio (EUR),,EUR,"-0,00",EUR,"198,52",
25-08-2020,00:00,24-08-2020,MORGAN STANLEY EUR LIQUIDITY FUND,LU1959429272,Fondos del mercado monetario cambio de precio (EUR),,EUR,"-0,00",EUR,"198,52",
24-08-2020,00:00,23-08-2020,MORGAN STANLEY EUR LIQUIDITY FUND,LU1959429272,Fondos del mercado monetario cambio de precio (EUR),,EUR,"-0,01",EUR,"198,52",
21-08-2020,00:00,20-08-2020,MORGAN STANLEY EUR LIQUIDITY FUND,LU1959429272,Fondos del mercado monetario cambio de precio (EUR),,EUR,"-0,00",EUR,"198,53",
20-08-2020,00:00,19-08-2020,MORGAN STANLEY EUR LIQUIDITY FUND,LU1959429272,Fondos del mercado monetario cambio de precio (EUR),,EUR,"-0,00",EUR,"198,54",
19-08-2020,00:00,18-08-2020,MORGAN STANLEY EUR LIQUIDITY FUND,LU1959429272,Fondos del mercado monetario cambio de precio (EUR),,EUR,"-0,00",EUR,"198,54",
18-08-2020,00:00,17-08-2020,MORGAN STANLEY EUR LIQUIDITY FUND,LU1959429272,Fondos del mercado monetario cambio de precio (EUR),,EUR,"-0,00",EUR,"198,54",
17-08-2020,00:00,16-08-2020,MORGAN STANLEY EUR LIQUIDITY FUND,LU1959429272,Fondos del mercado monetario cambio de precio (EUR),,EUR,"-0,01",EUR,"198,55",
14-08-2020,00:00,13-08-2020,MORGAN STANLEY EUR LIQUIDITY FUND,LU1959429272,Fondos del mercado monetario cambio de precio (EUR),,EUR,"-0,00",EUR,"198,55",
13-08-2020,16:09,13-08-2020,MORGAN STANLEY EUR LIQUIDITY FUND,LU1959429272,"Conversión fondos del mercado monetario: Compra 0,000045 @ 9.927,9116 EUR",,,,EUR,"198,56",
13-08-2020,00:00,12-08-2020,MORGAN STANLEY EUR LIQUIDITY FUND,LU1959429272,Fondos del mercado monetario cambio de precio (EUR),,EUR,"-0,00",EUR,"199,00",
12-08-2020,00:00,11-08-2020,MORGAN STANLEY EUR LIQUIDITY FUND,LU1959429272,Fondos del mercado monetario cambio de precio (EUR),,EUR,"-0,00",EUR,"199,01",
11-08-2020,08:01,10-08-2020,,,Retirada Cambio de Divisa,,EUR,"0,45",EUR,"199,01",
11-08-2020,08:01,10-08-2020,,,Retirada Cambio de Divisa,"1,1749",USD,"-0,53",USD,"0,00",
11-08-2020,00:00,10-08-2020,MORGAN STANLEY EUR LIQUIDITY FUND,LU1959429272,Fondos del mercado monetario cambio de precio (EUR),,EUR,"-0,00",EUR,"198,56",
10-08-2020,16:04,10-08-2020,MORGAN STANLEY EUR LIQUIDITY FUND,LU1959429272,"Conversión fondos del mercado monetario: Venta 0,001007 @ 9.928,4219 EUR",,,,EUR,"198,56",
10-08-2020,08:28,07-08-2020,,,Comisión por Acción Corporativa,,USD,"-0,06",USD,"0,53",
10-08-2020,08:27,07-08-2020,HSBC MSCI WORLD UCITS ETF USD,IE00B4X9L533,Dividendo,,USD,"0,59",USD,"0,59",
10-08-2020,00:00,09-08-2020,MORGAN STANLEY EUR LIQUIDITY FUND,LU1959429272,Fondos del mercado monetario cambio de precio (EUR),,EUR,"-0,01",EUR,"188,57",
07-08-2020,00:00,06-08-2020,MORGAN STANLEY EUR LIQUIDITY FUND,LU1959429272,Fondos del mercado monetario cambio de precio (EUR),,EUR,"-0,00",EUR,"188,58",
06-08-2020,00:00,05-08-2020,MORGAN STANLEY EUR LIQUIDITY FUND,LU1959429272,Fondos del mercado monetario cambio de precio (EUR),,EUR,"-0,00",EUR,"188,58",
05-08-2020,15:04,31-07-2020,,,Comisión de conectividad con el mercado 2020 (Euronext Paris - EPA),,EUR,"-2,50",EUR,"188,58",
05-08-2020,15:04,31-07-2020,,,Comisión de conectividad con el mercado 2020 (New York Stock Exchange - NSY),,EUR,"-2,50",EUR,"191,08",
05-08-2020,15:04,31-07-2020,,,Comisión de conectividad con el mercado 2020 (Euronext Amsterdam - EAM),,EUR,"-2,50",EUR,"193,58",
05-08-2020,15:04,31-07-2020,,,Comisión de conectividad con el mercado 2020 (Xetra - XET),,EUR,"-2,50",EUR,"196,08",
05-08-2020,00:00,04-08-2020,MORGAN STANLEY EUR LIQUIDITY FUND,LU1959429272,Fondos del mercado monetario cambio de precio (EUR),,EUR,"-0,00",EUR,"198,58",
04-08-2020,00:00,03-08-2020,MORGAN STANLEY EUR LIQUIDITY FUND,LU1959429272,Fondos del mercado monetario cambio de precio (EUR),,EUR,"-0,00",EUR,"198,59",
03-08-2020,16:09,03-08-2020,MORGAN STANLEY EUR LIQUIDITY FUND,LU1959429272,"Conversión fondos del mercado monetario: Compra 0,000034 @ 9.929,5323 EUR",,,,EUR,"198,59",
03-08-2020,00:00,02-08-2020,MORGAN STANLEY EUR LIQUIDITY FUND,LU1959429272,Fondos del mercado monetario cambio de precio (EUR),,EUR,"-0,01",EUR,"198,93",
31-07-2020,09:36,30-07-2020,,,Retirada Cambio de Divisa,,EUR,"0,33",EUR,"198,93",
31-07-2020,09:36,30-07-2020,,,Retirada Cambio de Divisa,"1,1859",USD,"-0,40",USD,"0,00",
31-07-2020,00:00,30-07-2020,MORGAN STANLEY EUR LIQUIDITY FUND,LU1959429272,Fondos del mercado monetario cambio de precio (EUR),,EUR,"-0,00",EUR,"198,60",
30-07-2020,08:37,29-07-2020,,,Comisión por Acción Corporativa,,USD,"-0,05",USD,"0,40",
30-07-2020,08:37,29-07-2020,ISHARES MSCI JAPAN UCITS ETF USD (DIST),IE00B02KXH56,Dividendo,,USD,"0,45",USD,"0,45",
30-07-2020,00:00,29-07-2020,MORGAN STANLEY EUR LIQUIDITY FUND,LU1959429272,Fondos del mercado monetario cambio de precio (EUR),,EUR,"-0,00",EUR,"198,61",
29-07-2020,00:00,28-07-2020,MORGAN STANLEY EUR LIQUIDITY FUND,LU1959429272,Fondos del mercado monetario cambio de precio (EUR),,EUR,"-0,00",EUR,"198,61",
28-07-2020,00:00,27-07-2020,MORGAN STANLEY EUR LIQUIDITY FUND,LU1959429272,Fondos del mercado monetario cambio de precio (EUR),,EUR,"-0,00",EUR,"198,61",
27-07-2020,00:00,26-07-2020,MORGAN STANLEY EUR LIQUIDITY FUND,LU1959429272,Fondos del mercado monetario cambio de precio (EUR),,EUR,"-0,01",EUR,"198,61",
23-07-2020,00:00,22-07-2020,MORGAN STANLEY EUR LIQUIDITY FUND,LU1959429272,Fondos del mercado monetario cambio de precio (EUR),,EUR,"-0,00",EUR,"198,62",
22-07-2020,00:00,21-07-2020,MORGAN STANLEY EUR LIQUIDITY FUND,LU1959429272,Fondos del mercado monetario cambio de precio (EUR),,EUR,"-0,00",EUR,"198,63",
21-07-2020,00:00,20-07-2020,MORGAN STANLEY EUR LIQUIDITY FUND,LU1959429272,Fondos del mercado monetario cambio de precio (EUR),,EUR,"-0,00",EUR,"198,63",
20-07-2020,00:00,19-07-2020,MORGAN STANLEY EUR LIQUIDITY FUND,LU1959429272,Fondos del mercado monetario cambio de precio (EUR),,EUR,"-0,01",EUR,"198,63",
17-07-2020,00:00,16-07-2020,MORGAN STANLEY EUR LIQUIDITY FUND,LU1959429272,Fondos del mercado monetario cambio de precio (EUR),,EUR,"-0,00",EUR,"198,64",
16-07-2020,00:00,15-07-2020,MORGAN STANLEY EUR LIQUIDITY FUND,LU1959429272,Fondos del mercado monetario cambio de precio (EUR),,EUR,"-0,00",EUR,"198,64",
15-07-2020,00:00,14-07-2020,MORGAN STANLEY EUR LIQUIDITY FUND,LU1959429272,Fondos del mercado monetario cambio de precio (EUR),,EUR,"-0,00",EUR,"198,65",
14-07-2020,00:00,13-07-2020,MORGAN STANLEY EUR LIQUIDITY FUND,LU1959429272,Fondos del mercado monetario cambio de precio (EUR),,EUR,"-0,00",EUR,"198,65",
13-07-2020,00:00,12-07-2020,MORGAN STANLEY EUR LIQUIDITY FUND,LU1959429272,Fondos del mercado monetario cambio de precio (EUR),,EUR,"-0,01",EUR,"198,65",
10-07-2020,00:00,09-07-2020,MORGAN STANLEY EUR LIQUIDITY FUND,LU1959429272,Fondos del mercado monetario cambio de precio (EUR),,EUR,"-0,00",EUR,"198,66",
09-07-2020,16:08,09-07-2020,MORGAN STANLEY EUR LIQUIDITY FUND,LU1959429272,"Conversión fondos del mercado monetario: Compra 0,008131 @ 9.932,9036 EUR",,,,EUR,"198,66",
09-07-2020,16:08,09-07-2020,MORGAN STANLEY EUR LIQUIDITY FUND,LU1959429272,"Conversión fondos del mercado monetario: Compra 0,01 @ 9.932,9036 EUR",,,,EUR,"180,10",
09-07-2020,00:00,08-07-2020,MORGAN STANLEY EUR LIQUIDITY FUND,LU1959429272,Fondos del mercado monetario cambio de precio (EUR),,EUR,"0,00",EUR,"180,10",
08-07-2020,11:25,08-07-2020,PROSUS NV CLASS N,NL0013654783,Costes de transacción y/o externos de DEGIRO,,EUR,"-4,00",EUR,"180,10",94ead185-9c81-4c04-a6b6-b0841f53546a
08-07-2020,11:25,08-07-2020,PROSUS NV CLASS N,NL0013654783,Costes de transacción y/o externos de DEGIRO,,EUR,"-0,04",EUR,"184,10",94ead185-9c81-4c04-a6b6-b0841f53546a
08-07-2020,11:25,08-07-2020,PROSUS NV CLASS N,NL0013654783,"Compra 1 Prosus NV Class N@86,86 EUR (NL0013654783)",,EUR,"-86,86",EUR,"184,14",94ead185-9c81-4c04-a6b6-b0841f53546a
08-07-2020,11:24,08-07-2020,INVESCO EQQQ NASDAQ-100 UCITS ETF DIST,IE0032077012,Compra 1 Invesco EQQQ NASDAQ-100 UCITS ETF Dist@229 EUR (IE0032077012),,EUR,"-229,00",EUR,"271,00",f6e5e964-35c4-47f9-8747-0c946db69148
08-07-2020,09:49,08-07-2020,,,Ingreso,,EUR,"500,00",EUR,"500,00",
08-07-2020,00:00,07-07-2020,MORGAN STANLEY EUR LIQUIDITY FUND,LU1959429272,Fondos del mercado monetario cambio de precio (EUR),,EUR,"0,00",EUR,"0,00",
07-07-2020,00:00,06-07-2020,MORGAN STANLEY EUR LIQUIDITY FUND,LU1959429272,Fondos del mercado monetario cambio de precio (EUR),,EUR,"0,00",EUR,"0,00",
06-07-2020,00:00,05-07-2020,MORGAN STANLEY EUR LIQUIDITY FUND,LU1959429272,Fondos del mercado monetario cambio de precio (EUR),,EUR,"0,00",EUR,"0,00",
03-07-2020,15:59,03-07-2020,MORGAN STANLEY EUR LIQUIDITY FUND,LU1959429272,"Conversión fondos del mercado monetario: Venta 0,005017 @ 9.933,6669 EUR",,,,EUR,"0,00",
03-07-2020,00:00,02-07-2020,MORGAN STANLEY EUR LIQUIDITY FUND,LU1959429272,Fondos del mercado monetario cambio de precio (EUR),,EUR,"-0,00",EUR,"49,50",
02-07-2020,16:09,02-07-2020,MORGAN STANLEY EUR LIQUIDITY FUND,LU1959429272,"Conversión fondos del mercado monetario: Venta 0,006674 @ 9.933,8612 EUR",,,,EUR,"49,50",
02-07-2020,16:09,02-07-2020,MORGAN STANLEY EUR LIQUIDITY FUND,LU1959429272,"Conversión fondos del mercado monetario: Venta 0,01 @ 9.933,8612 EUR",,,,EUR,"-16,80",
02-07-2020,14:45,02-07-2020,ISHARES MSCI JAPAN UCITS ETF USD (DIST),IE00B02KXH56,"Compra 4 iShares MSCI Japan UCITS ETF USD (Dist)@12,459 EUR (IE00B02KXH56)",,EUR,"-49,84",EUR,"-16,80",df489aa5-0a07-4380-b526-1cd27bf4c6b0
02-07-2020,00:00,01-07-2020,MORGAN STANLEY EUR LIQUIDITY FUND,LU1959429272,Fondos del mercado monetario cambio de precio (EUR),,EUR,"-0,00",EUR,"33,04",
01-07-2020,17:20,01-07-2020,HSBC MSCI WORLD UCITS ETF USD,IE00B4X9L533,"Compra 6 HSBC MSCI World UCITS ETF USD@19,642 EUR (IE00B4X9L533)",,EUR,"-117,85",EUR,"33,04",c688985f-88ab-47e4-896a-03d86425947f
01-07-2020,17:18,01-07-2020,ISHARES MSCI CHINA A UCITS ETF USD (ACC),IE00BQT3WG13,Costes de transacción y/o externos de DEGIRO,,EUR,"-2,00",EUR,"150,89",0b9f589b-6b6c-46ab-a785-0328ec442cad
01-07-2020,17:18,01-07-2020,ISHARES MSCI CHINA A UCITS ETF USD (ACC),IE00BQT3WG13,Costes de transacción y/o externos de DEGIRO,,EUR,"-0,01",EUR,"152,89",0b9f589b-6b6c-46ab-a785-0328ec442cad
01-07-2020,17:18,01-07-2020,ISHARES MSCI CHINA A UCITS ETF USD (ACC),IE00BQT3WG13,"Compra 11 iShares MSCI China A UCITS ETF USD (Acc)@4,161 EUR (IE00BQT3WG13)",,EUR,"-45,77",EUR,"152,90",0b9f589b-6b6c-46ab-a785-0328ec442cad
01-07-2020,16:03,01-07-2020,MORGAN STANLEY EUR LIQUIDITY FUND,LU1959429272,"Conversión fondos del mercado monetario: Venta 0,008054 @ 9.933,9156 EUR",,,,EUR,"198,67",
01-07-2020,00:00,30-06-2020,MORGAN STANLEY EUR LIQUIDITY FUND,LU1959429272,Fondos del mercado monetario cambio de precio (EUR),,EUR,"-0,00",EUR,"218,00",
30-06-2020,16:21,30-06-2020,MORGAN STANLEY EUR LIQUIDITY FUND,LU1959429272,"Conversión fondos del mercado monetario: Compra 0,000252 @ 9.934,0179 EUR",,,,EUR,"218,01",
30-06-2020,16:21,30-06-2020,MORGAN STANLEY EUR LIQUIDITY FUND,LU1959429272,"Conversión fondos del mercado monetario: Compra 0,03 @ 9.934,0179 EUR",,,,EUR,"220,51",
30-06-2020,09:04,30-06-2020,ISHARES GLOBAL WATER UCITS ETF USD,IE00B1TXK627,Costes de transacción y/o externos de DEGIRO,,EUR,"-2,00",EUR,"220,51",0f703a2a-bc58-48fc-8304-aff349ab566c
30-06-2020,09:04,30-06-2020,ISHARES GLOBAL WATER UCITS ETF USD,IE00B1TXK627,Costes de transacción y/o externos de DEGIRO,,EUR,"-0,02",EUR,"222,51",0f703a2a-bc58-48fc-8304-aff349ab566c
30-06-2020,09:04,30-06-2020,ISHARES GLOBAL WATER UCITS ETF USD,IE00B1TXK627,Compra 2 iShares Global Water UCITS ETF USD (Dist)@39 EUR (IE00B1TXK627),,EUR,"-78,00",EUR,"222,53",0f703a2a-bc58-48fc-8304-aff349ab566c
30-06-2020,00:00,29-06-2020,MORGAN STANLEY EUR LIQUIDITY FUND,LU1959429272,Fondos del mercado monetario cambio de precio (EUR),,EUR,"0,00",EUR,"300,53",
29-06-2020,19:15,29-06-2020,DESPEGAR.COM CORP,VGG273581030,Ingreso Cambio de Divisa,"1,1217",USD,"107,40",USD,"0,00",81c77a57-a4ec-4cb5-afd0-8b6130027e77
29-06-2020,19:15,29-06-2020,DESPEGAR.COM CORP,VGG273581030,Retirada Cambio de Divisa,,EUR,"-95,75",EUR,"300,53",81c77a57-a4ec-4cb5-afd0-8b6130027e77
29-06-2020,19:15,29-06-2020,DESPEGAR.COM CORP,VGG273581030,Costes de transacción y/o externos de DEGIRO,,EUR,"-0,50",EUR,"396,28",81c77a57-a4ec-4cb5-afd0-8b6130027e77
29-06-2020,19:15,29-06-2020,DESPEGAR.COM CORP,VGG273581030,Costes de transacción y/o externos de DEGIRO,,EUR,"-0,05",EUR,"396,78",81c77a57-a4ec-4cb5-afd0-8b6130027e77
29-06-2020,19:15,29-06-2020,DESPEGAR.COM CORP,VGG273581030,"Compra 15 Despegar.com Corp@7,16 USD (VGG273581030)",,USD,"-107,40",USD,"-107,40",81c77a57-a4ec-4cb5-afd0-8b6130027e77
29-06-2020,16:10,29-06-2020,VANGUARD FTSE EMERGING MKTS UCITS,IE00B3VVMM84,Costes de transacción y/o externos de DEGIRO,,EUR,"-2,00",EUR,"396,83",44a761e9-b48f-43e3-8e1a-326b829cefdd
29-06-2020,16:10,29-06-2020,VANGUARD FTSE EMERGING MKTS UCITS,IE00B3VVMM84,Costes de transacción y/o externos de DEGIRO,,EUR,"-0,01",EUR,"398,83",44a761e9-b48f-43e3-8e1a-326b829cefdd
29-06-2020,16:10,29-06-2020,VANGUARD FTSE EMERGING MKTS UCITS,IE00B3VVMM84,"Compra 1 Vanguard FTSE Emerging Mkts UCITS ETF USD Dis@47,96 EUR (IE00B3VVMM84)",,EUR,"-47,96",EUR,"398,84",44a761e9-b48f-43e3-8e1a-326b829cefdd
29-06-2020,15:54,29-06-2020,ISHARES CORE S&P 500 UCITS ETF USD,IE0031442068,"Compra 2 iShares Core S&P 500 UCITS ETF USD (Dist)@26,603 EUR (IE0031442068)",,EUR,"-53,21",EUR,"446,80",c18aa3e8-035f-4fd9-ba8e-2cbd85256d0d
29-06-2020,09:18,29-06-2020,,,Ingreso,,EUR,"500,00",EUR,"500,01",
10-06-2020,15:50,10-06-2020,MORGAN STANLEY EUR LIQUIDITY FUND,LU1959429272,"Conversión fondos del mercado monetario: Compra 0,0001 @ 9.936,4268 EUR",,,,EUR,"0,01",
09-06-2020,10:32,09-06-2020,,,Ingreso,,EUR,"1,00",EUR,"1,00",
